Title,Description,Organization,Link
Electric Vehicle Population Data,State of Washington —This dataset shows the Battery Electric Vehicles (BEVs) and Plug-in Hybrid Electric Vehicles (PHEVs) that are currently registered through Washington State Department...,Unknown,https://catalog.data.gov/dataset/electric-vehicle-population-data
Crime Data from 2020 to Present,"City of Los Angeles —Starting on March 7th, 2024, the Los Angeles Police Department (LAPD) will adopt a new Records Management System for reporting crimes and arrests. This new system is...",Unknown,https://catalog.data.gov/dataset/crime-data-from-2020-to-present
Lottery Powerball Winning Numbers: Beginning 2010,State of New York —Go tohttp://on.ny.gov/1GpWiHDon the New York Lottery website for past Powerball results and payouts.,Unknown,https://catalog.data.gov/dataset/lottery-powerball-winning-numbers-beginning-2010
EZAUCR Arrest Statistics,Department of Justice —Easy Access to FBI Arrest Statistics: 1994-2014,Unknown,https://catalog.data.gov/dataset/ezaucr-arrest-statistics
Fruit and Vegetable Prices,Department of Agriculture —How much do fruits and vegetables cost? ERS estimated average prices for 153 commonly consumed fresh and processed fruits and vegetables.,Unknown,https://catalog.data.gov/dataset/fruit-and-vegetable-prices
Baby Names from Social Security Card Applications - National Data,"Social Security Administration —The data (name, year of birth, sex, and number) are from a 100 percent sample of Social Security card applications for 1880 on.",Unknown,https://catalog.data.gov/dataset/baby-names-from-social-security-card-applications-national-data
Motor Vehicle Collisions - Crashes,City of New York —The Motor Vehicle Collisions crash table contains details on the crash event. Each row represents a crash event. The Motor Vehicle Collisions data tables contain...,Unknown,https://catalog.data.gov/dataset/motor-vehicle-collisions-crashes
Supply Chain Greenhouse Gas Emission Factors v1.3 by NAICS-6,"U.S. Environmental Protection Agency —The datasets comprise greenhouse gas (GHG) emission factors (Factors) for 1,016 U.S. commodities as defined by the 2017 version of the North American Industry...",Unknown,https://catalog.data.gov/dataset/supply-chain-greenhouse-gas-emission-factors-v1-3-by-naics-6
U.S. Chronic Disease Indicators,"U.S. Department of Health & Human Services —CDC's Division of Population Health provides a cross-cutting set of 115 indicators developed by consensus among CDC, the Council of State and Territorial...",Unknown,https://catalog.data.gov/dataset/u-s-chronic-disease-indicators
Warehouse and Retail Sales,Montgomery County of Maryland —This dataset contains a list of sales and movement data by item and department appended monthly. Update Frequency : Monthly,Unknown,https://catalog.data.gov/dataset/warehouse-and-retail-sales
Crime Incidents in the Last 30 Days,District of Columbia —The dataset contains a subset of locations and attributes of incidents reported in the ASAP (Analytical Services Application) crime report database by the District of...,Unknown,https://catalog.data.gov/dataset/crime-incidents-in-the-last-30-days
Real Estate Sales 2001-2023 GL,"State of Connecticut —The Office of Policy and Management maintains a listing of all real estate sales with a sales price of $2,000 or greater that occur between October 1 and September 30...",Unknown,https://catalog.data.gov/dataset/real-estate-sales-2001-2018
CollectionCivil Rights Data Collection (CRDC) for the 2017-18 school year,"Department of Education —The Civil Rights Data Collection, 2017-18 (CRDC 2017-18) is part of the Civil Rights Data Collection (CRDC) program; program data are available beginning with the...",Unknown,https://catalog.data.gov/dataset/civil-rights-data-collection-crdc-for-the-2017-18-school-year
Border Crossing Entry Data,Department of Transportation —The Bureau of Transportation Statistics (BTS) Border Crossing Data provide summary statistics for inbound crossings at the U.S.-Canada and the U.S.-Mexico border at...,Unknown,https://catalog.data.gov/dataset/border-crossing-entry-data-683ae
Harmonized Tariff Schedule of the United States (2025),US International Trade Commission —This dataset is the current 2025 Harmonized Tariff Schedule plus all revisions for the current year. It provides the applicable tariff rates and statistical...,Unknown,https://catalog.data.gov/dataset/harmonized-tariff-schedule-of-the-united-states-2024
United States Mint Annual Reports,Department of the Treasury —Complete audited financial and program report,Unknown,https://catalog.data.gov/dataset/united-states-mint-annual-reports
Quick Stats Agricultural Database API,"Department of Agriculture —Quick Stats API is the programmatic interface to the National Agricultural Statistics Service's (NASS) online database containing results from the 1997, 2002, 2007,...",Unknown,https://catalog.data.gov/dataset/quick-stats-agricultural-database-api
Walkability Index,U.S. Environmental Protection Agency —The Walkability Index dataset characterizes every Census 2019 block group in the U.S. based on its relative walkability. Walkability depends upon characteristics of...,Unknown,https://catalog.data.gov/dataset/walkability-index8
Dynamic Small Business Search (DSBS),"Small Business Administration —The Small Business Administration maintains the Dynamic Small Business Search (DSBS) database. As a small business registers in the System for Award Management, there...",Unknown,https://catalog.data.gov/dataset/dynamic-small-business-search-dsbs-4f0da
"Civil Rights Data Collection, 2011-12","Department of Education —The Civil Rights Data Collection, 2011-12 (CRDC 2011-12), is part of the Civil Rights Data Collection (CRDC) program. CRDC 2011-12 (https://ocrdata.ed.gov/) is a...",Unknown,https://catalog.data.gov/dataset/civil-rights-data-collection-2011-12-53eb4
Authorizations From 10/01/2006 Thru 06/30/2025,Export-Import Bank of the US —This file contains all authorizations approved between 10/01/2006 and the latest reporting period. Please note that the asterisked Working Capital transactions were...,Unknown,https://catalog.data.gov/dataset/authorizations-from-10-01-2006-thru-12-31-2022
"Nutrition, Physical Activity, and Obesity - Behavioral Risk Factor Surveillance System","U.S. Department of Health & Human Services —This dataset includes data on adult's diet, physical activity, and weight status from Behavioral Risk Factor Surveillance System. This data is used for DNPAO's Data,...",Unknown,https://catalog.data.gov/dataset/nutrition-physical-activity-and-obesity-behavioral-risk-factor-surveillance-system
CollectionCivil Rights Data Collection (CRDC),"Department of Education —Since 1968, OCR has collected civil rights data related to students' access and barriers to educational opportunity from early childhood through grade 12. These data...",Unknown,https://catalog.data.gov/dataset/civil-rights-data-collection-crdc
National Obesity By State,"Lake County, Illinois —National Obesity Percentages by State. Explanation of Field Attributes:Obesity - The percent of the state population that is considered obese from the 2015 CDC BRFSS...",Unknown,https://catalog.data.gov/dataset/national-obesity-by-state-d765a
CollectionUniform Crime Reporting (UCR) Program,"Department of Justice —Federal Bureau of Investigation, Department of Justice - Extraction of crime related data from the FBI's Uniform Crime Reporting (UCR) Program",Unknown,https://catalog.data.gov/dataset/uniform-crime-reporting-ucr-program
Summary Metrics by Decile and Quartile,"Securities and Exchange Commission —These datasets provide metrics partitioned by market capitalization, price, volatility, and turnover. The stock market activity metrics are partitioned by decile and...",Unknown,https://catalog.data.gov/dataset/summary-metrics-by-decile-and-quartile
Hazard Mitigation Assistance Projects,Department of Homeland Security —This dataset contains funded projects (financial obligation to grantee) under the Hazard Mitigation Assistance (HMA) grant programs. FEMA administers three programs...,Unknown,https://catalog.data.gov/dataset/hazard-mitigation-assistance-projects
Global Terrorism Database,Department of Homeland Security —The Global Terrorism Database™ (GTD) is an open-source database including information on terrorist events around the world from 1970 through 2020 (with annual updates...,Unknown,https://catalog.data.gov/dataset/global-terrorism-database
NCHS - Leading Causes of Death: United States,U.S. Department of Health & Human Services —This dataset presents the age-adjusted death rates for the 10 leading causes of death in the United States beginning in 1999. Data are based on information from all...,Unknown,https://catalog.data.gov/dataset/nchs-leading-causes-of-death-united-states
"Drug overdose death rates, by drug type, sex, age, race, and Hispanic origin: United States","U.S. Department of Health & Human Services —Data on drug overdose death rates, by drug type and selected population characteristics. Please refer to the PDF or Excel version of this table in the HUS 2019 Data...",Unknown,https://catalog.data.gov/dataset/drug-overdose-death-rates-by-drug-type-sex-age-race-and-hispanic-origin-united-states-3f72f
2017-18 Arrests Civil Rights Data Collection,Department of Education —This set of Excel file contains data on student referrals to law enforcement by disability and student-related arrests by disability for all states. It also contains...,Unknown,https://catalog.data.gov/dataset/2017-18-arrests-civil-rights-data-collection
Air Quality,City of New York —Dataset contains information on New York City air quality surveillance data. Air pollution is one of the most important environmental threats to urban populations...,Unknown,https://catalog.data.gov/dataset/air-quality
Lottery Mega Millions Winning Numbers: Beginning 2002,State of New York —Go tohttp://on.ny.gov/1J8tPSNon the New York Lottery website for past Mega Millions results and payouts.,Unknown,https://catalog.data.gov/dataset/lottery-mega-millions-winning-numbers-beginning-2002
Iowa School Performance Profiles,State of Iowa —The Iowa School Performance Profiles is an online tool showing how public schools performed on required measures. The website was developed to meet both federal and...,Unknown,https://catalog.data.gov/dataset/iowa-school-performance-profiles
Mental Health Care in the Last 4 Weeks,"U.S. Department of Health & Human Services —The U.S. Census Bureau, in collaboration with five federal agencies, launched the Household Pulse Survey to produce data on the social and economic impacts of...",Unknown,https://catalog.data.gov/dataset/mental-health-care-in-the-last-4-weeks
CollectionCivil Rights Data Collection (CRDC) for the 2015-16  school year,"Department of Education —The Civil Rights Data Collection, 2015-16 (CRDC 2015-16) is part of the Civil Rights Data Collection (CRDC) program; program data are available beginning with the...",Unknown,https://catalog.data.gov/dataset/civil-rights-data-collection-crdc-for-the-2015-16-school-year
Supply Chain Greenhouse Gas Emission Factors v1.2 by NAICS-6,"U.S. Environmental Protection Agency —The datasets are comprised of greenhouse gas (GHG) emission factors (Factors) for 1,016 U.S. commodities as defined by the 2017 version of the North American Industry...",Unknown,https://catalog.data.gov/dataset/supply-chain-greenhouse-gas-emission-factors-v1-2-by-naics-6
Business Lookup,"State of Washington —The Business Lookup provides public information related to all current active accounts and five years of closed accounts for business licenses, excise tax accounts,...",Unknown,https://catalog.data.gov/dataset/business-lookup
Crimes - 2001 to Present,City of Chicago —This dataset reflects reported incidents of crime (with the exception of murders where data exists for each victim) that occurred in the City of Chicago from 2001 to...,Unknown,https://catalog.data.gov/dataset/crimes-2001-to-present
2011-12 Retention Estimations for Nation and by State,"Department of Education —This set of Excel files contains student retention data for all grade levels, presented for the nation and by state. For the nation and each state, there is one...",Unknown,https://catalog.data.gov/dataset/2011-12-retention-estimations-for-nation-and-by-state-40104
Inventory of Owned and Leased Properties (IOLP),General Services Administration —The Inventory of Owned and Leased Properties (IOLP) allows users to search properties owned and leased by the General Services Administration (GSA) across the United...,Unknown,https://catalog.data.gov/dataset/inventory-of-owned-and-leased-properties-iolp
Consumer Complaint Database,Consumer Financial Protection Bureau —The Consumer Complaint Database is a collection of complaints about consumer financial products and services that we sent to companies for response. Complaints are...,Unknown,https://catalog.data.gov/dataset/consumer-complaint-database
FDIC Failed Bank List,"Federal Deposit Insurance Corporation —The FDIC is often appointed as receiver for failed banks. This list includes banks which have failed since October 1, 2000.",Unknown,https://catalog.data.gov/dataset/fdic-failed-bank-list
Popular Baby Names,City of New York —Popular Baby Names by Sex and Ethnic Group Data were collected through civil birth registration. Each record represents the ranking of a baby name in the order of...,Unknown,https://catalog.data.gov/dataset/popular-baby-names
Food Price Outlook,Department of Agriculture —The Consumer Price Index (CPI) for food is a component of the all-items CPI. The CPI measures the average change over time in the prices paid by urban consumers for a...,Unknown,https://catalog.data.gov/dataset/food-price-outlook
JPL Small Body Database Browser,National Aeronautics and Space Administration —The JPL Small-Body Database Browser provides data for all known asteroids and many comets. Newly discovered objects and their orbits are added on a daily basis....,Unknown,https://catalog.data.gov/dataset/jpl-small-body-database-browser
"Death rates for suicide, by sex, race, Hispanic origin, and age: United States","U.S. Department of Health & Human Services —Data on death rates for suicide, by selected population characteristics. Please refer to the PDF or Excel version of this table in the HUS 2019 Data Finder...",Unknown,https://catalog.data.gov/dataset/death-rates-for-suicide-by-sex-race-hispanic-origin-and-age-united-states-020c1
Drugs@FDA Database,U.S. Department of Health & Human Services —Information about FDA-approved brand name and generic prescription and over-the-counter human drugs and biological therapeutic products. Drugs@FDA includes most of...,Unknown,https://catalog.data.gov/dataset/drugsfda-database
"U.S. Billion-dollar Weather and Climate Disasters, 1980 - present (NCEI Accession 0209268)","National Oceanic and Atmospheric Administration, Department of Commerce —The NOAA National Centers for Environmental Information ceased providing support for this product in May 2025 in response to an initiative to implement reductions...",Unknown,https://catalog.data.gov/dataset/u-s-billion-dollar-weather-and-climate-disasters-1980-present-ncei-accession-02092681
Food Access Research Atlas,Department of Agriculture —The Food Access Research Atlas presents a spatial overview of food access indicators for low-income and other census tracts using different measures of supermarket...,Unknown,https://catalog.data.gov/dataset/food-access-research-atlas
Residential Construction Permits by County,Department of Housing and Urban Development —This dataset contains data on permits for residential construction collected in the Census Bureau's Building Permits Survey. Data is aggregated to the County level....,Unknown,https://catalog.data.gov/dataset/residential-construction-permits-by-county
College Scorecard,"Department of Education —Download the data that appears on the College Scorecard, as well as supporting data on student completion, debt and repayment, earnings, and more. Last updated on...",Unknown,https://catalog.data.gov/dataset/college-scorecard-c25e9
Opportunity Zones,Department of Housing and Urban Development —This service provides spatial data for all U.S. Decennial Census tracts designated as Qualified Opportunity Zones (QOZs) for purposes of §§ 1400Z–1 and 1400Z–2 of the...,Unknown,https://catalog.data.gov/dataset/opportunity-zones-16322
FIMA NFIP Redacted Claims (OpenFEMA),"Department of Homeland Security —Congress passed the National Flood Insurance Act (NFIA), 42 U.S.C. 4001 in 1968, creating the National Flood Insurance Program (NFIP) in order to reduce future flood...",Unknown,https://catalog.data.gov/dataset/fima-nfip-redacted-claims-openfema
Quarterly FOIA Report,"Department of Justice —Each quarter, agencies must provide the number of requests received, processed, and in the agency's backlog. Additionally, agencies must report the status of the...",Unknown,https://catalog.data.gov/dataset/quarterly-foia-report-0da4b
"TIGER/Line Shapefile, 2022, Nation, U.S., 2020 Census 5-Digit ZIP Code Tabulation Area (ZCTA5)","U.S. Census Bureau, Department of Commerce —The TIGER/Line shapefiles and related database files (.dbf) are an extract of selected geographic and cartographic information from the U.S. Census Bureau's Master...",Unknown,https://catalog.data.gov/dataset/tiger-line-shapefile-2022-nation-u-s-2020-census-5-digit-zip-code-tabulation-area-zcta5
NCDC Storm Events Database,"National Oceanic and Atmospheric Administration, Department of Commerce —Storm Data is provided by the National Weather Service (NWS) and contain statistics on personal injuries and damage estimates. Storm Data covers the United States of...",Unknown,https://catalog.data.gov/dataset/ncdc-storm-events-database2
2015-16 Harassment or Bullying Estimations by Basis Category,"Department of Education —This set of Excel files contains data on students reported as harassed or bullied or disciplined for harassment or bullying on the basis of sex, race, or disability...",Unknown,https://catalog.data.gov/dataset/2015-16-harassment-or-bullying-estimations-by-basis-category-21514
"Provisional COVID-19 death counts, rates, and percent of total deaths, by jurisdiction of residence","U.S. Department of Health & Human Services —This file contains COVID-19 death counts, death rates, and percent of total deaths by jurisdiction of residence. The data is grouped by different time periods...",Unknown,https://catalog.data.gov/dataset/provisional-covid-19-death-counts-rates-and-percent-of-total-deaths-by-jurisdiction-of-res
Means of Transportation to Work,"Department of Transportation —The Means of Transportation to Work dataset was compiled using information from December 31, 2023 and updated December 12, 2024 from the Bureau of Transportation...",Unknown,https://catalog.data.gov/dataset/means-of-transportation-to-work2
Diabetes,"Allegheny County / City of Pittsburgh / Western PA Regional Data Center —These datasets provide de-identified insurance data for diabetes. The data is provided by three managed care organizations in Allegheny County (Gateway Health Plan,...",Unknown,https://catalog.data.gov/dataset/diabetes
Quick Stats Agricultural Database,"Department of Agriculture —Quick Stats is the National Agricultural Statistics Service's (NASS) online, self-service tool to access complete results from the 1997, 2002, 2007, and 2012 Censuses...",Unknown,https://catalog.data.gov/dataset/quick-stats-agricultural-database
Monthly Rates of Laboratory-Confirmed COVID-19 Hospitalizations from the COVID-NET Surveillance System,"U.S. Department of Health & Human Services —The Coronavirus Disease 2019 (COVID-19) Hospitalization Surveillance Network (COVID-NET) a network that conducts active, population-based surveillance for laboratory-...",Unknown,https://catalog.data.gov/dataset/monthly-rates-of-laboratory-confirmed-covid-19-hospitalizations-from-the-covid-net-surveil
Arrest Data,Department of Justice —The underlying data are from the FBI's Uniform Crime Reporting (UCR) Program. BJS has expanded upon the FBI's estimates to provide national arrest estimates detailed...,Unknown,https://catalog.data.gov/dataset/arrest-data
"TIGER/Line Shapefile, Current, Nation, U.S., State and Equivalent Entities","U.S. Census Bureau, Department of Commerce —This resource is a member of a series. The TIGER/Line shapefiles and related database files (.dbf) are an extract of selected geographic and cartographic information...",Unknown,https://catalog.data.gov/dataset/tiger-line-shapefile-current-nation-u-s-state-and-equivalent-entities
National Student Loan Data System,Department of Education —The National Student Loan Data System (NSLDS) is the national database of information about loans and grants awarded to students under Title IV of the Higher...,Unknown,https://catalog.data.gov/dataset/national-student-loan-data-system-722b0
Continuum of Care (CoC) Homeless Populations and Subpopulations Reports,Department of Housing and Urban Development —This report displays the data communities reported to HUD about the nature of and amount of persons who are homeless as part of HUD's Point-in-Time (PIT) Count. This...,Unknown,https://catalog.data.gov/dataset/coc-homeless-populations-and-subpopulations-reports
CollectionExpenditure and Employment Data for the Criminal Justice System Series,Department of Justice —Investigator(s): Bureau of Justice Statistics These data collections present public expenditure and employment data pertaining to criminal justice activities in the...,Unknown,https://catalog.data.gov/dataset/expenditure-and-employment-data-for-the-criminal-justice-system-series-6d69c
U.S. Hourly Precipitation Data,"National Oceanic and Atmospheric Administration, Department of Commerce —Hourly Precipitation Data (HPD) is digital data set DSI-3240, archived at the National Climatic Data Center (NCDC). The primary source of data for this file is...",Unknown,https://catalog.data.gov/dataset/u-s-hourly-precipitation-data2
"FSIS MPI - Meat, Poultry, and Egg Inspection Directory by Establishment Number","Department of Agriculture —The Meat, Poultry and Egg Product Inspection Directory is a listing of establishments that produce meat, poultry, and/or egg products regulated by USDA's Food Safety...",Unknown,https://catalog.data.gov/dataset/fsis-meat-poultry-and-egg-inspection-directory-by-establishment-number
Public School Characteristics 2022-23,Department of Education —The National Center for Education Statistics' (NCES) Education Demographic and Geographic Estimates (EDGE) program develops annually updated point locations (latitude...,Unknown,https://catalog.data.gov/dataset/public-school-characteristics-2022-23-451db
Crash Reporting - Drivers Data,Montgomery County of Maryland —This dataset provides information on motor vehicle operators (drivers) involved in traffic collisions occurring on county and local roadways. The dataset reports...,Unknown,https://catalog.data.gov/dataset/crash-reporting-drivers-data
Interest Rate Statistics - Daily Treasury Yield Curve Rates,"Department of the Treasury —These rates are commonly referred to as Constant Maturity Treasury rates, or CMTs. Yields are interpolated by the Treasury from the daily yield curve. This curve,...",Unknown,https://catalog.data.gov/dataset/interest-rate-statistics-daily-treasury-yield-curve-rates
Food Environment Atlas,"Department of Agriculture —Food environment factors--such as store/restaurant proximity, food prices, food and nutrition assistance programs, and community characteristics--interact to...",Unknown,https://catalog.data.gov/dataset/food-environment-atlas
National Database for Autism Research (NDAR),"U.S. Department of Health & Human Services —National Database for Autism Research (NDAR) is an extensible, scalable informatics platform for autism spectrum disorder-relevant data at all levels of biological...",Unknown,https://catalog.data.gov/dataset/national-database-for-autism-research-ndar
Adult Depression (LGHC Indicator),"State of California —This is a source dataset for a Let's Get Healthy California indicator at ""https://letsgethealthy.ca.gov/."" This table displays the proportion of adults who were ever...",Unknown,https://catalog.data.gov/dataset/adult-depression-lghc-indicator-627e3
Public Library Survey (PLS) 2019,"Institute of Museum and Library Services —Data Files – CSV, SAS, and SPSS; Documentation; Annual Report; and Supplementary Tables List.",Unknown,https://catalog.data.gov/dataset/public-library-survey-pls-2019
2011-12 Gifted and Talented Enrollment Estimations,"Department of Education —This Excel file contains data on students enrolled in gifted and talented programs for all states. The file contains three spreadsheets: total students, male...",Unknown,https://catalog.data.gov/dataset/2011-12-gifted-and-talented-enrollment-estimations-615ac
Crime Incidents in 2025,District of Columbia —The dataset contains a subset of locations and attributes of incidents reported in the ASAP (Analytical Services Application) crime report database by the District of...,Unknown,https://catalog.data.gov/dataset/crime-incidents-in-2025
CDC WONDER: Detailed Mortality - Underlying Cause of Death,U.S. Department of Health & Human Services —The Detailed Mortality - Underlying Cause of Death data on CDC WONDER are county-level national mortality and population data spanning the years 1999-2009. Data are...,Unknown,https://catalog.data.gov/dataset/cdc-wonder-detailed-mortality-underlying-cause-of-death
Baby Names from Social Security Card Applications - State and District of Columbia Data,"Social Security Administration —The data (name, year of birth, sex, state, and number) are from a 100 percent sample of Social Security card applications starting with 1910. National data is in...",Unknown,https://catalog.data.gov/dataset/baby-names-from-social-security-card-applications-state-and-district-of-columbia-data
2017-18 Harassment or Bullying Civil Rights Data Collection,"Department of Education —This set of Excel files contains data on students reported as harassed or bullied or disciplined for harassment or bullying on the basis of sex, race, or disability...",Unknown,https://catalog.data.gov/dataset/2017-18-harassment-or-bullying-civil-rights-data-collection
U.S. Food Imports,"Department of Agriculture —U.S. consumers demand variety, quality, and convenience in the foods they consume. As Americans have become wealthier and more ethnically diverse, the American food...",Unknown,https://catalog.data.gov/dataset/u-s-food-imports
Pittsburgh American Community Survey 2015 - Miscellaneous Data,Allegheny County / City of Pittsburgh / Western PA Regional Data Center —Miscellaneous Reports from the 2015 American Community Survey Report,Unknown,https://catalog.data.gov/dataset/pittsburgh-american-community-survey-2015-miscellaneous-data
NYC Historical Vital Records: Index to Digitized Death Certificates,City of New York —The dataset is an index to digitized historical death certificates from 1862-1948 from all 5 NYC boroughs. Details about certificates in DORIS's collection and their...,Unknown,https://catalog.data.gov/dataset/nyc-historical-vital-records-index-to-digitized-death-certificates
Disaster Declarations Summaries,"Department of Homeland Security —FEMA Disaster Declarations Summary is a summarized dataset describing all federally declared disasters. This dataset lists all official FEMA Disaster Declarations,...",Unknown,https://catalog.data.gov/dataset/disaster-declarations-summaries-nemis
National Agriculture Imagery Program (NAIP) ImageryNGDA,Department of Agriculture —The National Agriculture Imagery Program (NAIP) is administered by the U.S. Department of Agriculture's Farm Production and Conservation Business Center (FPAC-BC)...,Unknown,https://catalog.data.gov/dataset/national-agriculture-imagery-program-naip-imagery
Felony Sentences,"District of Columbia —This dataset contains all felony counts sentenced from 2010 onward and includes offender demographic information such as gender, race, and age, as well as sentencing...",Unknown,https://catalog.data.gov/dataset/felony-sentences-0299e
Recalls Data,Department of Transportation —About the Data: The dataset includes recall information related to specific NHTSA campaigns. Users can filter based on characteristics like manufacturer and...,Unknown,https://catalog.data.gov/dataset/recalls-data
"IPCC AR4, AR5, and AR6 20-, 100-, and 500-year GWPs",U.S. Environmental Protection Agency —The International Panel for Climate Change (IPCC) produces regular Assessment Reports that provide global warming potentials (GWPs) for greenhouse gases (GHG) in the...,Unknown,https://catalog.data.gov/dataset/ipcc-ar4-ar5-and-ar6-20-100-and-500-year-gwps
NOAA/WDS Paleoclimatology - Global Holocene Mean Surface Temperature Reconstructions,"National Oceanic and Atmospheric Administration, Department of Commerce —This archived Paleoclimatology Study is available from the NOAA National Centers for Environmental Information (NCEI), under the World Data Service (WDS) for...",Unknown,https://catalog.data.gov/dataset/noaa-wds-paleoclimatology-global-holocene-mean-surface-temperature-reconstructions2
Auto Sales,"Department of Transportation —Autos include all passenger cars, including station wagons. The U.S. Bureau of Economic Analysis releases auto and truck sales data, which are used in the preparation...",Unknown,https://catalog.data.gov/dataset/auto-sales
LactMed (Drugs and Lactation Database),U.S. Department of Health & Human Services —LactMed (Drugs and Lactation Database) contains information on drugs and other chemicals to which breastfeeding mothers may be exposed. It includes information on the...,Unknown,https://catalog.data.gov/dataset/lactmed-09a41
CDC WONDER: Cancer Statistics,"U.S. Department of Health & Human Services —The United States Cancer Statistics (USCS) online databases in WONDER provide cancer incidence and mortality data for the United States for the years since 1999, by...",Unknown,https://catalog.data.gov/dataset/cdc-wonder-cancer-statistics
Military Bases,"Department of Transportation —The Military Bases dataset was last updated on September 02, 2025 and are defined by Fiscal Year 2024 data, from the Office of the Assistant Secretary of Defense for...",Unknown,https://catalog.data.gov/dataset/military-bases1
Alzheimer's Disease and Healthy Aging Data,U.S. Department of Health & Human Services —2015-2022. This data set contains data from BRFSS.,Unknown,https://catalog.data.gov/dataset/alzheimers-disease-and-healthy-aging-data
Educational Attainment,"State of California —This table contains data on the percent of population age 25 and up with a four-year college degree or higher for California, its regions, counties, county...",Unknown,https://catalog.data.gov/dataset/educational-attainment-8c8b5
MTA Bus Fare Evasion: Beginning 2019,State of New York —The bus fare evasion (BFE) rate is the estimated percentage of riders who illegally board buses. It is calculated systemwide quarterly using Automated Passenger...,Unknown,https://catalog.data.gov/dataset/mta-bus-fare-evasion-beginning-2019
MTA Key Performance Indicators: 2008-2021,State of New York —This dataset combines Key Performance Indicator data that was reported starting with the creation of the MTA Stat performance metric dashboard in 2008 through 2021....,Unknown,https://catalog.data.gov/dataset/metropolitan-transportation-authority-mta-performance-indicators-per-agency-beginning-2008
Motor Carrier Registrations - Census Files,"Department of Transportation —Registration information on interstate, intrastate non-hazmat, and intrastate truck and bus companies that operate in the United States and have registered with...",Unknown,https://catalog.data.gov/dataset/motor-carrier-registrations-census-files
2023 Yellow Taxi Trip Data,City of New York —These records are generated from the trip record submissions made by yellow taxi Technology Service Providers (TSPs). Each row represents a single trip in a yellow...,Unknown,https://catalog.data.gov/dataset/2023-yellow-taxi-trip-data
Campaign Finance Reporting History,State of Washington —This dataset contains a list of all campaign finance reports (C3 and C4) for the last 10 years including attached schedules. It includes reports that have been...,Unknown,https://catalog.data.gov/dataset/campaign-finance-reporting-history
Public Library Survey (PLS) 2018,"Institute of Museum and Library Services —Data Files – CSV (ZIP 3.1 MB), SAS (ZIP 3.9 MB), and SPSS (ZIP 4.6 MB); Supplementary Tables available in PDF and Excel; Documentation; and Research Brief.",Unknown,https://catalog.data.gov/dataset/public-library-survey-pls-2018
2015-16 Preschool Enrollment Estimations,"Department of Education —This Excel file contains preschool enrollment data for all states. The file contains three spreadsheets: total children, male children, and female children.",Unknown,https://catalog.data.gov/dataset/2015-16-preschool-enrollment-estimations-4cb7c
Violent Crime Rate,"State of California —This table contains data on the rate of violent crime (crimes per 1,000 population) for California, its regions, counties, cities and towns. Crime and population data...",Unknown,https://catalog.data.gov/dataset/violent-crime-rate-94cb9
MTA Bus Speeds: 2020 - 2024,State of New York —Bus Speeds measure how quickly buses travel along their routes. Additional years of data are available in separate datasets ondata.ny.gov.,Unknown,https://catalog.data.gov/dataset/mta-bus-speeds-beginning-2020
National Death Index,"U.S. Department of Health & Human Services —The National Death Index (NDI) is a centralized database of death record information on file in state vital statistics offices. Working with these state offices, the...",Unknown,https://catalog.data.gov/dataset/national-death-index
Air Traffic Passenger Statistics,City of San Francisco —A. SUMMARY San Francisco International Airport Report on Monthly Passenger Traffic Statistics by Airline. B. HOW THE DATASET IS CREATED Data is self-reported by...,Unknown,https://catalog.data.gov/dataset/air-traffic-passenger-statistics
Traffic Crashes - Crashes,City of Chicago —Crash data shows information about each traffic crash on city streets within the City of Chicago limits and under the jurisdiction of Chicago Police Department (CPD)....,Unknown,https://catalog.data.gov/dataset/traffic-crashes-crashes
"Civil Rights Data Collection, 2013-14","Department of Education —The Civil Rights Data Collection, 2013-14 (CRDC 2013-14) is part of the Civil Rights Data Collection (CRDC) program; program data are available beginning with the...",Unknown,https://catalog.data.gov/dataset/civil-rights-data-collection-2013-14-59e0e
International Food Security,"Department of Agriculture —This dataset is the basis for the International Food Security Assessment, 2016-2026 released in June 2016. This annual ERS report projects food availability and...",Unknown,https://catalog.data.gov/dataset/international-food-security
National Stock Number Extract,"General Services Administration —National Stock Number extract includes the current listing of National Stock Numbers (NSNs) , NSN item name and descriptions, and current selling price of each...",Unknown,https://catalog.data.gov/dataset/national-stock-number-extract
National Park Boundaries,"Earth Data Analysis Center, University of New Mexico —National Park Service unit boundaries.",Unknown,https://catalog.data.gov/dataset/national-park-boundaries
FHEO - Fair Housing Act Cases Filed by Year and State,Department of Housing and Urban Development —The Fair Housing Act Cases Filed by Year and State with the Bases dataset summarizes the cases filed as a result of complaints made regarding violations of the Fair...,Unknown,https://catalog.data.gov/dataset/fair-housing-act-cases-filed-by-year-and-state
Congressional Districts,"Department of Transportation —The 119th Congressional Districts dataset reflects boundaries from January 3rd, 2025 from the United States Census Bureau (USCB), and the attributes are updated every...",Unknown,https://catalog.data.gov/dataset/congressional-districts5
Chemicals in Cosmetics,State of California —These data reflect information that has been reported to the California Safe Cosmetics Program (CSCP) in the California Department of Public Health (CDPH). The...,Unknown,https://catalog.data.gov/dataset/chemicals-in-cosmetics-d55bf
COVID-19 Outcomes by Vaccination Status - Historical,"City of Chicago —NOTE: This dataset has been retired and marked as historical-only. Weekly rates of COVID-19 cases, hospitalizations, and deaths among people living in Chicago by...",Unknown,https://catalog.data.gov/dataset/covid-19-outcomes-by-vaccination-status
www.FuelEconomy.gov,"U.S. Environmental Protection Agency —FuelEconomy.govprovides comprehensive information about vehicles' fuel economy. The official U.S. government site for fuel economy information, it is operated by the...",Unknown,https://catalog.data.gov/dataset/www-fueleconomy-gov
Cropland Data LayerNGDA,"Department of Agriculture —The USDA National Agricultural Statistics Service (NASS) Cropland Data Layer (CDL) is an annual raster, geo-referenced, crop-specific land cover data layer produced...",Unknown,https://catalog.data.gov/dataset/cropscape-cropland-data-layer
Public Library Survey (PLS) 2021,"Institute of Museum and Library Services —Data Files – CSV, SAS, and SPSS; Documentation and User's Guide; Research Brief: Changes in Public Library Services as the COVID-19 Pandemic Continued Through FY 2021.",Unknown,https://catalog.data.gov/dataset/public-library-survey-pls-2021
Jobs NYC Postings,City of New York —This dataset contains current job postings available on the City of New York’s official jobs site (http://www.nyc.gov/html/careers/html/search/search.shtml)....,Unknown,https://catalog.data.gov/dataset/nyc-jobs
NCHS - Death rates and life expectancy at birth,U.S. Department of Health & Human Services —This dataset of U.S. mortality trends since 1900 highlights the differences in age-adjusted death rates and life expectancy at birth by race and sex. Age-adjusted...,Unknown,https://catalog.data.gov/dataset/nchs-death-rates-and-life-expectancy-at-birth
City and County Energy Profiles,"Department of Energy —The City and County Energy Profiles lookup table provides modeled electricity and natural gas consumption and expenditures, on-road vehicle fuel consumption, vehicle...",Unknown,https://catalog.data.gov/dataset/city-and-county-energy-profiles-60fbd
Meteorite Landings,National Aeronautics and Space Administration —This comprehensive data set from The Meteoritical Society contains information on all of the known meteorite landings. The Fusion Table is collected by Javier de la...,Unknown,https://catalog.data.gov/dataset/meteorite-landings
Microplastics in Drinking Water,State of California —Alpha Version Data (has undergone several rounds of internal review from the Moore Institute and is ready for external review) This dataset is part of the...,Unknown,https://catalog.data.gov/dataset/microplastics-in-drinking-water
National Survey on Drug Use and Health (NSDUH-2015),U.S. Department of Health & Human Services —The National Survey on Drug Use and Health (NSDUH) series (formerly titled National Household Survey on Drug Abuse) primarily measures the prevalence and correlates...,Unknown,https://catalog.data.gov/dataset/national-survey-on-drug-use-and-health-nsduh-2015
"Local Area Unemployment Statistics (LAUS), Annual Average","State of California —This dataset contains the Local Area Unemployment Statistics (LAUS), annual averages from 1990 to 2024. The Local Area Unemployment Statistics (LAUS) program is a...",Unknown,https://catalog.data.gov/dataset/local-area-unemployment-statistics-laus-annual-average
Event-correlated Outage Dataset in America,"Department of Energy —This dataset includes an aggregated and event-correlated analysis of power outages in the United States, synthesized by integrating three data sources: the...",Unknown,https://catalog.data.gov/dataset/event-correlated-outage-dataset-in-america
U.S. Daily Climate Normals (1981-2010),"National Oceanic and Atmospheric Administration, Department of Commerce —The U.S. Daily Climate Normals for 1981 to 2010 are 30-year averages of meteorological parameters for thousands of U.S. stations located across the 50 states, as well...",Unknown,https://catalog.data.gov/dataset/u-s-daily-climate-normals-1981-20101
City Employee Earnings,City of Philadelphia —This data does not necessarily represent current salaries of employees and is intended for informational purposes only. Formal requests to document salary details or...,Unknown,https://catalog.data.gov/dataset/city-employee-earnings
Harmonized Tariff Schedule of the United States (2024),US International Trade Commission —This dataset is the current 2024 Harmonized Tariff Schedule plus all revisions for the current year. It provides the applicable tariff rates and statistical...,Unknown,https://catalog.data.gov/dataset/harmonized-tariff-schedule-of-the-united-states-2024-41c71
Indicators of Anxiety or Depression Based on Reported Frequency of Symptoms During Last 7 Days,"U.S. Department of Health & Human Services —The U.S. Census Bureau, in collaboration with five federal agencies, launched the Household Pulse Survey to produce data on the social and economic impacts of...",Unknown,https://catalog.data.gov/dataset/indicators-of-anxiety-or-depression-based-on-reported-frequency-of-symptoms-during-last-7-
U.S. Marketing Air Carriers On-time Performance,Department of Transportation —Percentage of flights arriving on-time. A flight is on-time if it arrives within 15 minutes of the schedule arrival time. Data are available for those carriers that...,Unknown,https://catalog.data.gov/dataset/u-s-marketing-air-carriers-on-time-performance
Supply Chain GHG Emission Factors for US Commodities and Industries v1.1.1,U.S. Environmental Protection Agency —Tables presenting supply chain and margin emission factors and data quality scores for US commodities and industries calculated from USEEIO models at two levels of...,Unknown,https://catalog.data.gov/dataset/supply-chain-ghg-emission-factors-for-us-commodities-and-industries-v1-1-1
State Energy Data System (SEDS) : Consumption Application Programming Interface (API),Department of Energy —This API provides state-level and national-level energy consumption data. Data organized by major economic sectors. EIA's State Energy Data System (SEDS) is a...,Unknown,https://catalog.data.gov/dataset/state-energy-data-system-seds-consumption-application-programming-interface-api
National Fire Incident Reporting System (NFIRS),Department of Homeland Security —The National Fire Incident Reporting System (NFIRS) is a reporting standard that fire departments use to uniformly report on the full range of their activities from...,Unknown,https://catalog.data.gov/dataset/national-fire-incident-reporting-system-nfirs
Consumer Price Index (CPI),U.S. Department of Labor Bureau of Labor Statistics —The Consumer Price Index (CPI) is a measure of the average change over time in the prices paid by urban consumers for a market basket of consumer goods and services....,Unknown,https://catalog.data.gov/dataset/consumer-price-index-cpi-ee18b
Hazmat Yearly Incident Summary Reports,"Department of Transportation —Series of Incident data and summary statistics reports produced which provide statistical information on incidents by type, year, geographical location, and others....",Unknown,https://catalog.data.gov/dataset/hazmat-yearly-incident-summary-reports
Air Quality Measures on the National Environmental Health Tracking Network,U.S. Department of Health & Human Services —The Environmental Protection Agency (EPA) provides air pollution data about ozone and particulate matter (PM2.5) to CDC for the Tracking Network. The EPA maintains a...,Unknown,https://catalog.data.gov/dataset/air-quality-measures-on-the-national-environmental-health-tracking-network
MTA NYCT Paratransit Provider No-Shows: Beginning 2016,State of New York —This metric measures the frequency with which primary providers do not arrive at the pick-up location within 30 minutes of the promised time and the trip is not...,Unknown,https://catalog.data.gov/dataset/mta-access-a-ride-provider-no-shows-beginning-2016
Mental Health Treatement Facilities Locator,U.S. Department of Health & Human Services —An online resource for locating mental health treatment facilities and programs supported by the Substance Abuse and Mental Health Services Administration (SAMHSA)....,Unknown,https://catalog.data.gov/dataset/mental-health-treatement-facilities-locator
Voter Registration by Census Tract,"King County, Washington —This web map displays data from the voter registration database as the percent of registered voters by census tract in King County, Washington. The data for this web...",Unknown,https://catalog.data.gov/dataset/voter-registration-by-census-tract
Census of Fatal Occupational Injuries (CFOI),"U.S. Department of Labor Bureau of Labor Statistics —The Bureau of Labor Statistics (BLS) Census of Fatal Occupational Injuries (CFOI) produces comprehensive, accurate, and timely counts of fatal work injuries. CFOI is...",Unknown,https://catalog.data.gov/dataset/census-of-fatal-occupational-injuries-cfoi-6f46f
CollectionSAFER - Company Snapshot,"Department of Transportation —The Company Snapshot is a concise electronic record of company identification, size, commodity information, and safety record, including the safety rating (if any), a...",Unknown,https://catalog.data.gov/dataset/safer-company-snapshot
"Individuals, ZIP Code Data","Department of the Treasury —This annual study provides selected income and tax items classified by State, ZIP Code, and the size of adjusted gross income. These data include the number of...",Unknown,https://catalog.data.gov/dataset/zip-code-data
Federal Criminal Case Processing Statistics (FCCPS),Department of Justice —The Federal Criminal Case Processing Statistics (FCCPS) data tool is an interface that can be used to analyze federal case processing data. Users can generate various...,Unknown,https://catalog.data.gov/dataset/federal-criminal-case-processing-statistics
Monthly and Annual Energy Consumption by Sector,"Department of Energy —Monthly data since January 1973 and annual data since 1949 on U.S. primary and total energy consumption by end-use sector (residential, commercial, industrial,...",Unknown,https://catalog.data.gov/dataset/monthly-and-annual-energy-consumption-by-sector
CollectionFatality Analysis Reporting System ( FARS ),"Department of Transportation —The program collects data for analysis of traffic safety crashes to identify problems, and evaluate countermeasures leading to reducing injuries and property damage...",Unknown,https://catalog.data.gov/dataset/fatality-analysis-reporting-system-fars
CA Geographic Boundaries,"State of California —This dataset contains shapefile boundaries for CA State, counties and places from the US Census Bureau's 2023 MAF/TIGER database. Current geography in the 2023...",Unknown,https://catalog.data.gov/dataset/ca-geographic-boundaries
2013-14 Harassment or Bullying Estimations by Basis Category,"Department of Education —This set of Excel files contains data for all states, presented by harassment or bullying basis category and by whether students were reported as harassed or bullied...",Unknown,https://catalog.data.gov/dataset/2013-14-harassment-or-bullying-estimations-by-basis-category-cc35c
2011-12 Discipline Estimations for Nation and by State Civil Rights Data Collection,"Department of Education —This set of Excel files contains data for all disciplinary actions, presented for the nation and by state. For the nation and each state, there are three...",Unknown,https://catalog.data.gov/dataset/2011-12-discipline-estimations-for-nation-and-by-state-civil-rights-data-collection-85fcf
USDA Rural Development Resale Properties - Foreclosure,Department of Agriculture —Data provides current information regarding single family homes and ranches for sale by the U.S. Federal Government. These previously owned properties are for sale by...,Unknown,https://catalog.data.gov/dataset/usda-rural-development-resale-properties-foreclosure
Alternative Fueling Stations,Department of Transportation —The Alternative Fueling Stations dataset is updated daily from the National Renewable Energy Laboratory (NREL) and is part of the U.S. Department of Transportation...,Unknown,https://catalog.data.gov/dataset/alternative-fueling-stations1
FHEO Filed Title VIII Cases,"Department of Housing and Urban Development —The dataset is a list of all the Title VIII fair housing cases filed by FHEO and includes the case number, case name, filing date, state and county of the alleged...",Unknown,https://catalog.data.gov/dataset/fheo-filed-cases
"Global Historical Climatology Network - Daily (GHCN-Daily), Version 3","National Oceanic and Atmospheric Administration, Department of Commerce —The Global Historical Climatology Network - Daily (GHCN-Daily/GHCNd) dataset integrates daily climate observations from approximately 30 different data sources....",Unknown,https://catalog.data.gov/dataset/global-historical-climatology-network-daily-ghcn-daily-version-32
NIST X-ray Photoelectron Spectroscopy Database - SRD 20,"National Institute of Standards and Technology —NIST X-ray Photoelectron Spectroscopy Database XPS contains over 33,000 data records that can be used for the identification of unknown lines, retrieval of data for...",Unknown,https://catalog.data.gov/dataset/nist-x-ray-photoelectron-spectroscopy-database-srd-20-40d6f
Accidental Drug Related Deaths 2012-2024,"State of Connecticut —A listing of each accidental death associated with drug overdose in Connecticut from 2012 to 2024. A ""Y"" value under the different substance columns indicates that...",Unknown,https://catalog.data.gov/dataset/accidental-drug-related-deaths-2012-2018
Toxics Release Inventory (TRI),U.S. Environmental Protection Agency —The Toxics Release Inventory (TRI) is a dataset compiled by the U.S. Environmental Protection Agency (EPA). It contains information on the release and waste...,Unknown,https://catalog.data.gov/dataset/toxics-release-inventory-tri
CollectionIDEA Section 618 Data Products: LEA Level,"Department of Education —IDEA Section 618 Data Products: Local Educational Agency (LEA) Level Data Files OSEP, within the Office of Special Education and Rehabilitative Services (OSERS), is...",Unknown,https://catalog.data.gov/dataset/idea-section-618-data-products-lea-level-4f385
Smart Location Database,U.S. Environmental Protection Agency —A large body of research has demonstrated that land use and urban form can have a significant effect on transportation outcomes. People who live and/or work in...,Unknown,https://catalog.data.gov/dataset/smart-location-database8
Corporations Search (Washington state),State of Washington —This provides a link to the Washington Secretary of State's Corporations Search tool. The Corporations Data Extract feature is no longer available. Customers needing...,Unknown,https://catalog.data.gov/dataset/corporations-search-from-secretary-of-state
Heart Disease Mortality Data Among US Adults (35+) by State/Territory and County – 2019-2021,"U.S. Department of Health & Human Services —2019 to 2021, 3-year average. Rates are age-standardized. County rates are spatially smoothed. The data can be viewed by sex and race/ethnicity. Data source: National...",Unknown,https://catalog.data.gov/dataset/heart-disease-mortality-data-among-us-adults-35-by-state-territory-and-county-2019-2021
2013-14 Discipline Estimations by Discipline Type,"Department of Education —This set of Excel files contains data for all states, presented by discipline type. For each discipline type, there are nine spreadsheets: male students with...",Unknown,https://catalog.data.gov/dataset/2013-14-discipline-estimations-by-discipline-type-48c7b
NYPD Arrest Data (Year to Date),City of New York —This is a breakdown of every arrest effected in NYC by the NYPD during the current year. This data is manually extracted every quarter and reviewed by the Office of...,Unknown,https://catalog.data.gov/dataset/nypd-arrest-data-year-to-date
DC Public Employee Salary,"District of Columbia —DC Department of Human Resources provides District government employees with a variety of services and programs on employee benefits, policy and procedures,...",Unknown,https://catalog.data.gov/dataset/dc-public-employee-salary
USGS Water-Quality Data for the Nation - National Water Information System (NWIS),"Department of the Interior —The USGS compiles online access to water-resources data collected at approximately 1.5 million sites in all 50 States, the District of Columbia, Puerto Rico, the...",Unknown,https://catalog.data.gov/dataset/usgs-water-quality-data-for-the-nation-national-water-information-system-nwis
Risk-Screening Environmental Indicators (RSEI),"U.S. Environmental Protection Agency —EPA's Risk-Screening Environmental Indicators (RSEI) is a geographically-based, multimedia model and prioritization tool that helps policy makers, researchers, and...",Unknown,https://catalog.data.gov/dataset/risk-screening-environmental-indicators-rsei
2011-12 Harassment or Bullying Estimations for Nation and by State,"Department of Education —This set of Excel files contains data for all harassment or bullying categories, presented for the nation and by state. For the nation and each state, there are two...",Unknown,https://catalog.data.gov/dataset/2011-12-harassment-or-bullying-estimations-for-nation-and-by-state-a4122
National Address Database (NAD)NGDA,"Department of Transportation —The Address Points from National Address Database dataset was compiled on June 30, 2025 by the US Department of Transportation. The National Address Database (NAD) is...",Unknown,https://catalog.data.gov/dataset/national-address-database-nad2
Financial Statement Data Sets,Securities and Exchange Commission —The data sets below provide selected information extracted from exhibits to corporate financial reports filed with the Commission using eXtensible Business Reporting...,Unknown,https://catalog.data.gov/dataset/financial-statement-data-sets
"Health conditions among children under age 18, by selected characteristics: United States","U.S. Department of Health & Human Services —NOTE: On October 19, 2021, estimates for 2016–2018 by health insurance status were revised to correct errors. Changes are highlighted and tagged at...",Unknown,https://catalog.data.gov/dataset/health-conditions-among-children-under-age-18-by-selected-characteristics-united-states-53b56
CollectionNHTSA's Office of Defects Investigation (ODI) - Complaints,Department of Transportation —Complaint information entered into NHTSA-ODI's vehicle owner's complaint database is used with other data sources to identify safety issues that warrant investigation...,Unknown,https://catalog.data.gov/dataset/nhtsas-office-of-defects-investigation-odi-complaints
NYPD Shooting Incident Data (Historic),City of New York —List of every shooting incident that occurred in NYC going back to 2006 through the end of the previous calendar year. This is a breakdown of every shooting incident...,Unknown,https://catalog.data.gov/dataset/nypd-shooting-incident-data-historic
Photovoltaic Data Acquisition (PVDAQ) Public Datasets,Department of Energy —The NREL PVDAQ is a large-scale time-series database containing system metadata and performance data from a variety of experimental PV sites and commercial public PV...,Unknown,https://catalog.data.gov/dataset/photovoltaic-data-acquisition-pvdaq-public-datasets
Work Opportunity Tax Credit (WOTC) certification data,Department of Labor —State workforce agencies submit performance data on WOTC certification activities to ETA through the quarterly electronic submission of ETA Form 9058 via the web-...,Unknown,https://catalog.data.gov/dataset/wotc-certifications-data
Recreational fishery catch and effort estimates for large pelagic species from Maine through Virginia from 2002-06-01 to 2014-10-31 (NCEI Accession 0137959),"National Oceanic and Atmospheric Administration, Department of Commerce —On the Atlantic Coast from Maine to Virginia, NOAA Fisheries uses the Large Pelagics Survey (LPS) to measure the total recreational catch of large pelagics fish...",Unknown,https://catalog.data.gov/dataset/recreational-fishery-catch-and-effort-estimates-for-large-pelagic-species-from-maine-through-vi
"Normal weight, overweight, and obesity among adults aged 20 and over, by selected characteristics: United States","U.S. Department of Health & Human Services —Data on normal weight, overweight, and obesity among adults aged 20 and over by selected population characteristics. Please refer to the PDF or Excel version of this...",Unknown,https://catalog.data.gov/dataset/normal-weight-overweight-and-obesity-among-adults-aged-20-and-over-by-selected-characteris-8e2b1
Periodic Continuing Disability Reviews,Social Security Administration —We conduct periodic CDRs to ensure that only those beneficiaries who remain disabled continue to receive monthly benefits.,Unknown,https://catalog.data.gov/dataset/periodic-continuing-disability-reviews
"State Firearm Law Database: State Firearm Laws, 1991-2019",Department of Justice —The State Firearm Database catalogs the presence or absence of 134 firearm safety laws in 14 categories covering the 26-year period from 1991 to 2019. The...,Unknown,https://catalog.data.gov/dataset/state-firearm-law-database-state-firearm-laws-1991-2019-e2e9d
Financial Institution Failures and Assistance Transactions,Federal Deposit Insurance Corporation —Detail on historical bank failures from 1934 to present.,Unknown,https://catalog.data.gov/dataset/financial-institution-failures-and-assistance-transactions
U.S. Department of Education Budget History,"Department of Education —Detailed tables showing the budget history of the U.S. Department of Education from FY 1980 to the FY 2018 President's Budget, by major program, and showing State...",Unknown,https://catalog.data.gov/dataset/u-s-department-of-education-budget-history-16b38
Electricity Data and Statistics Application Programming Interface (API),"Department of Energy —Monthly, quarterly, and annual data on electricity generation, consumption, retail sales, price, revenue from retail sales, useful thermal output, fossil fuel stocks,...",Unknown,https://catalog.data.gov/dataset/electricity-data-and-statistics-application-programming-interface-api
MTA Subway Stations,"State of New York —A dataset listing all subway and Staten Island Railway stations, with information on their locations, Station Master Reference Number (MRN), Complex MRN, GTFS Stop...",Unknown,https://catalog.data.gov/dataset/mta-subway-stations
CDC Social Vulnerability Index (CDCSVI),"King County, Washington —The Centers for Disease Control Social Vulnerability Index shows which communities are especially at risk during public health emergencies because of factors like...",Unknown,https://catalog.data.gov/dataset/cdc-social-vulnerability-index-cdcsvi
CollectionUniform Crime Reporting Program Data Series,"Department of Justice —Investigator(s): Federal Bureau of Investigation Since 1930, the Federal Bureau of Investigation (FBI) has compiled the Uniform Crime Reports (UCR) to serve as...",Unknown,https://catalog.data.gov/dataset/uniform-crime-reporting-program-data-series-16edb
"Consumer Airfare Report: Table 2 - Top 1,000 City-Pair Markets","Department of Transportation —Data summarized by city, includes the number of city-pair markets in the top 1,000 in either comparison period that involve each city, the number of passengers...",Unknown,https://catalog.data.gov/dataset/consumer-airfare-report-table-2-top-1000-city-pair-markets
BSEE Data Center - Leasing Information,"Department of the Interior —Leasing Information includes information on the status of leases along with the geographic locations, effective date, surface acreage and other data elements specific...",Unknown,https://catalog.data.gov/dataset/bsee-data-center-leasing-information
AMS Pasadena Precipitation Data,"Department of Transportation —The data in this data environment was collected from the Pasadena, California testbed, namely I-210, SR 134, and nearby arterials. The source of these data is from...",Unknown,https://catalog.data.gov/dataset/ams-pasadena-precipitation-data
Global Landslide Catalog Export,"National Aeronautics and Space Administration —The Global Landslide Catalog (GLC) was developed with the goal of identifying rainfall-triggered landslide events around the world, regardless of size, impacts or...",Unknown,https://catalog.data.gov/dataset/global-landslide-catalog-export
FoodData Central,"Department of Agriculture —Several USDA food composition databases, including the Food and Nutrient Database for Dietary Studies (FNDDS), Standard Reference (SR) Legacy, and the USDA Branded...",Unknown,https://catalog.data.gov/dataset/fooddata-central-db896
Licensed and Certified Healthcare Facility Listing,"State of California —Note: This web page provides data on health facilities only. To file a complaint against a facility, please see:...",Unknown,https://catalog.data.gov/dataset/licensed-and-certified-healthcare-facility-listing-6e3f9
Argos Satellite Tracking Data for Pacific Walrus (Odobenus rosmarus divergens) - Raw Data,"Department of the Interior —This metadata document describes the data contained in the ""Argos Raw Data"" (Child Item 2) of this data release. This data release contains all data collected by the...",Unknown,https://catalog.data.gov/dataset/argos-satellite-tracking-data-for-pacific-walrus-odobenus-rosmarus-divergens-raw-data
DOHMH New York City Restaurant Inspection Results,City of New York —The dataset contains every sustained or not yet adjudicated violation citation from every full or special program inspection conducted up to three years prior to the...,Unknown,https://catalog.data.gov/dataset/dohmh-new-york-city-restaurant-inspection-results
Daily Transit Ridership,"Department of Transportation —Includes New York City MTA Subway, San Francisco BART Rail, Washington Metropolitan Area Transit Authority Bus and Rail",Unknown,https://catalog.data.gov/dataset/daily-transit-ridership
Aviation FacilitiesNGDA,Department of Transportation —The Aviation Facilities dataset is updated every 28 days from the Federal Aviation Administration (FAA) and is part of the U.S. Department of Transportation...,Unknown,https://catalog.data.gov/dataset/aviation-facilities1
Listing of Active Businesses,"City of Los Angeles —Listing of all active businesses currently registered with the Office of Finance. An ""active"" business is defined as a registered business whose owner has not...",Unknown,https://catalog.data.gov/dataset/listing-of-active-businesses
"TIGER/Line Shapefile, 2023, Nation, U.S., Primary Roads","U.S. Census Bureau, Department of Commerce —The TIGER/Line shapefiles and related database files (.dbf) are an extract of selected geographic and cartographic information from the U.S. Census Bureau's Master...",Unknown,https://catalog.data.gov/dataset/tiger-line-shapefile-2023-nation-u-s-primary-roads
Crime Reports,City of Austin —AUSTIN POLICE DEPARTMENT DATA DISCLAIMER Please read and understand the following information. This dataset contains a record of incidents that the Austin Police...,Unknown,https://catalog.data.gov/dataset/crime-reports-bf2b7
Traffic Violations,Montgomery County of Maryland —This dataset contains traffic violation information from all electronic traffic violations issued in the County. Any information that can be used to uniquely identify...,Unknown,https://catalog.data.gov/dataset/traffic-violations
The National Artificial Intelligence Research And Development Strategic Plan,"Networking and Information Technology Research and Development, Executive Office of the President —Executive Summary: Artificial intelligence (AI) is a transformative technology that holds promise for tremendous societal and economic benefit. AI has the potential...",Unknown,https://catalog.data.gov/dataset/the-national-artificial-intelligence-research-and-development-strategic-plan
1 meter Digital Elevation Models (DEMs) - USGS National Map 3DEP Downloadable Data CollectionNGDA,"Department of the Interior —This is a tiled collection of the 3D Elevation Program (3DEP) and is one meter resolution. The 3DEP data holdings serve as the elevation layer of The National Map,...",Unknown,https://catalog.data.gov/dataset/1-meter-digital-elevation-models-dems-usgs-national-map-3dep-downloadable-data-collection
MTA Daily Ridership Data: 2020 - 2025,"State of New York —This deprecated dataset provides systemwide ridership and traffic estimates for subways (including the Staten Island Railway), buses, Long Island Rail Road, Metro-...",Unknown,https://catalog.data.gov/dataset/mta-daily-ridership-data-beginning-2020
"Cancer Incidence - Surveillance, Epidemiology, and End Results (SEER) Registries Limited-Use","U.S. Department of Health & Human Services —SEER Limited-Use cancer incidence data with associated population data. Geographic areas available are county and SEER registry. The Surveillance, Epidemiology, and...",Unknown,https://catalog.data.gov/dataset/cancer-incidence-surveillance-epidemiology-and-end-results-seer-registries-limited-use
Public Library Survey (PLS) 2022,"Institute of Museum and Library Services —Data Files – CSV (ZIP 3 MB), SAS (ZIP 4 MB), and SPSS (ZIP 5 MB); Data File Documentation and User's Guide available; Research Brief: Methodological Improvements to...",Unknown,https://catalog.data.gov/dataset/public-library-survey-pls-2022
SEPTA Ridership Statistics,City of Philadelphia —Stop summary files represent average daily ridership at the stop level over the course of the relevant period. Trolley ridership data was generated using automatic...,Unknown,https://catalog.data.gov/dataset/septa-ridership-statistics
Wind Integration National Dataset (WIND) Toolkit - Multi-year Annual Average - United States,Department of Energy —This data provides modeled annual average wind speed for the contiguous United States both onshore and offshore for the period 2007–2013. This dataset was derived...,Unknown,https://catalog.data.gov/dataset/wind-integration-national-dataset-wind-toolkit-multi-year-annual-average-united-states
Emergency Department Volume and Capacity,State of California —This dataset provides the Emergency Department ratio of encounters and treatment stations to represent the ED Burden. Smaller ratios indicate fewer ED visits per...,Unknown,https://catalog.data.gov/dataset/emergency-department-volume-and-capacity
Preliminary Damage Assessments,"Department of Homeland Security —Preliminary Damage Assessments (PDAs) are conducted to enable FEMA — as well as state, local, tribal, and territorial partners — to determine the magnitude of damage...",Unknown,https://catalog.data.gov/dataset/preliminary-damage-assessments
Low and Moderate Income Areas,"Department of Housing and Urban Development —This dataset and map service provides information on the U.S. Housing and Urban Development's (HUD) low to moderate income areas. The term Low to Moderate Income,...",Unknown,https://catalog.data.gov/dataset/hud-low-and-moderate-income-areas
Supply Chain Greenhouse Gas Emission Factors for US Industries and Commodities,"U.S. Environmental Protection Agency —Many organizations quantify greenhouse emissions in their value chain. Emissions from purchased goods and services and capital goods, referred to as Scope 3 emissions...",Unknown,https://catalog.data.gov/dataset/supply-chain-greenhouse-gas-emission-factors-for-us-industries-and-commodities
"Military Installations, Ranges, and Training AreasNGDA","Department of Defense —This dataset, released by DoD, contains geographic information for major installations, ranges, and training areas in the United States and its territories. This...",Unknown,https://catalog.data.gov/dataset/military-installations-ranges-and-training-areas
Occupational Employment and Wage Statistics (OES),U.S. Department of Labor Bureau of Labor Statistics —The Occupational Employment and Wage Statistics (OES) program conducts a semi-annual survey to produce estimates of employment and wages for specific occupations. The...,Unknown,https://catalog.data.gov/dataset/occupational-employment-and-wage-statistics-oes
Food Availability (Per Capita) Data System,Department of Agriculture —The ERS Food Availability (Per Capita) Data System (FADS) includes three distinct but related data series on food and nutrient availability for consumption. The data...,Unknown,https://catalog.data.gov/dataset/food-availability-per-capita-data-system
Electric Vehicle Registration Data,State of Connecticut —This dataset includes all new electric vehicles registered in Connecticut from 1/1/2021 to the most recent data available. The data is updated bi-annually.,Unknown,https://catalog.data.gov/dataset/electric-vehicle-registration-data
Flood Hazard Area,"Earth Data Analysis Center, University of New Mexico —The National Flood Hazard Layer (NFHL) data incorporates all Digital Flood Insurance Rate Map(DFIRM) databases published by FEMA, and any Letters Of Map Revision...",Unknown,https://catalog.data.gov/dataset/flood-hazard-area
Dual Credit Dashboard Data,"State of Washington —This dataset contains the counts of students that enrolled in and completed Dual Credit courses while enrolled as students in WA Public K12 school, broken out by...",Unknown,https://catalog.data.gov/dataset/dual-credit-dashboard-data
ACS 1-Year PUMS,Department of Commerce —The American Community Survey (ACS) Public Use Microdata Sample (PUMS) contains a sample of responses to the ACS. The ACS PUMS dataset includes variables for nearly...,Unknown,https://catalog.data.gov/dataset/acs-1-year-pums
NCHS - Injury Mortality: United States,U.S. Department of Health & Human Services —This dataset describes injury mortality in the United States beginning in 1999. Two concepts are included in the circumstances of an injury death: intent of injury...,Unknown,https://catalog.data.gov/dataset/nchs-injury-mortality-united-states
Argos Satellite Tracking Data for Pacific Walrus (Odobenus rosmarus divergens) - Processed Data,"Department of the Interior —This metadata document describes the data contained in the ""Argos Processed Data"" (Child Item 1) of this data release. This data release contains all data collected...",Unknown,https://catalog.data.gov/dataset/argos-satellite-tracking-data-for-pacific-walrus-odobenus-rosmarus-divergens-processed-dat
T-100 Domestic Market and Segment Data,"Department of Transportation —The T-100 Domestic Market and Segment Data dataset was downloaded on April 08, 2025 from the Bureau of Transportation Statistics (BTS) and is part of the U.S....",Unknown,https://catalog.data.gov/dataset/t-100-domestic-market-and-segment-data1
Hate Crimes 2017-2025,City of Austin —A dataset of crimes that occurred in the designated time period that are being investigated as hate crimes. In APD's opinion these cases have met the FBI's...,Unknown,https://catalog.data.gov/dataset/hate-crimes-2024
National Missing and Unidentified Persons System (NamUs),"Department of Justice —NamUs is the only national repository for missing, unidentified, and unclaimed persons cases. The program provides a singular resource hub for law enforcement,...",Unknown,https://catalog.data.gov/dataset/national-missing-and-unidentified-persons-system-namus
Quarterly Census of Employment and Wages (QCEW),State of California —The Quarterly Census of Employment and Wages (QCEW) Program is a Federal-State cooperative program between the U.S. Department of Labor’s Bureau of Labor Statistics...,Unknown,https://catalog.data.gov/dataset/quarterly-census-of-employment-and-wages-qcew-a6fea
"Nutrition, Physical Activity, and Obesity - Youth Risk Behavior Surveillance System","U.S. Department of Health & Human Services —This dataset includes data on adolescent's diet, physical activity, and weight status from Youth Risk Behavior Surveillance System (YRBSS). This data is used for...",Unknown,https://catalog.data.gov/dataset/nutrition-physical-activity-and-obesity-youth-risk-behavior-surveillance-system
Hate Crime Incident (Open Data),City of Tempe —The Tempe Police Department prides itself in its continued efforts to reduce harm within the community and is providing this dataset on hate crime incidents that...,Unknown,https://catalog.data.gov/dataset/hate-crime-incident-open-data
Provisional COVID-19 Death Counts by Week Ending Date and State,"U.S. Department of Health & Human Services —Effective September 27, 2023, this dataset will be updated weekly on Thursdays. Deaths involving COVID-19, pneumonia, and influenza reported to NCHS by week ending...",Unknown,https://catalog.data.gov/dataset/provisional-covid-19-death-counts-by-week-ending-date-and-state
"Maternal, Child, and Adolescent Health Needs Assessment, 2023-2024","City of San Francisco —SUMMARY This table contains data about women, ages 15 to 50, pregnant people, infants, children, and youths, up to age 24. It contains information about a wide range...",Unknown,https://catalog.data.gov/dataset/maternal-child-and-adolescent-health-needs-assessment-2023-2024
Streetlights,"City of New Orleans —Point layer that comes every 2 years from the firm responsible for maintaining streetlights. Has attributes such as the light bulb type (LED, etc) and the condition...",Unknown,https://catalog.data.gov/dataset/streetlights-bc0fd
"Provisional COVID-19 Deaths by HHS Region, Race, and Age","U.S. Department of Health & Human Services —Effective September 27, 2023, this dataset will no longer be updated. Similar data are accessible fromwonder.cdc.gov. Deaths involving COVID-19 reported to NCHS by...",Unknown,https://catalog.data.gov/dataset/provisional-weekly-deaths-by-region-race-age-997d6
MTA NYCT Paratransit Ride Time: Beginning 2017,"State of New York —Ride Time measures customer trip duration. Actual vs. Scheduled presents travel time variance, Average Travel Time presents the average actual trip duration, and Max...",Unknown,https://catalog.data.gov/dataset/mta-access-a-ride-ride-time-beginning-2016
FHFA House Price Indexes (HPIs),"Federal Housing Finance Agency —The FHFA House Price Index (FHFA HPI®) is a comprehensive collection of public, freely available house price indexes that measure changes in single-family home values...",Unknown,https://catalog.data.gov/dataset/fhfa-house-price-indexes-hpis-948c6
Find Shortage Areas: HPSA & MUA/P by Address,U.S. Department of Health & Human Services —The Find Shortage Areas: Health Professional Shortage Area (HPSA) and Medically Underserved Area/Population (MUA/P) by Address tool helps you determine if a specific...,Unknown,https://catalog.data.gov/dataset/find-shortage-areas-hpsa-mua-p-by-address
Alternative Fueling Station Locations,"Department of Energy —Alternative fueling stations are located throughout the United States and Canada, and their availability continues to grow. The Alternative Fuels Data Center (AFDC)...",Unknown,https://catalog.data.gov/dataset/alternative-fueling-station-locations-422f2
Li-ion Battery Aging Datasets,National Aeronautics and Space Administration —This data set has been collected from a custom built battery prognostics testbed at the NASA Ames Prognostics Center of Excellence (PCoE). Li-ion batteries were run...,Unknown,https://catalog.data.gov/dataset/li-ion-battery-aging-datasets
Next Generation Simulation (NGSIM) Vehicle Trajectories and Supporting Data,"Department of Transportation —Click “Export” on the right to download the vehicle trajectory data. The associated metadata and additional data can be downloaded below under ""Attachments""....",Unknown,https://catalog.data.gov/dataset/next-generation-simulation-ngsim-vehicle-trajectories-and-supporting-data
FY 2024 Federal Real Property Profile (FRPP) Public Dataset,General Services Administration —The Federal Real Property Profile Management System (FRPP MS) is the federal government’s centralized inventory of real property under the custody and control of...,Unknown,https://catalog.data.gov/dataset/fy-2024-federal-real-property-profile-frpp-public-dataset
State Energy Data System (SEDS),"Department of Energy —EIA's State Energy Data System (SEDS) is a comprehensive data set that consists of annual time series estimates of state-level energy use by major economic sectors,...",Unknown,https://catalog.data.gov/dataset/state-energy-data-system-seds
UNSPSC Codes,State of Oklahoma —The United Nations Standard Products and Services Code (UNSPSC) is a hierarchical convention that is used to classify all products and services.,Unknown,https://catalog.data.gov/dataset/unspsc-codes-93778
Civil Rights Data Collection State Files 2015-16,"Department of Education —Information on the Civil Rights Data Collection (CRDC), specifically geared for use of the CRDC in the development of State and local report cards. Data on this...",Unknown,https://catalog.data.gov/dataset/civil-rights-data-collection-state-files-2015-16-cf9b8
Electric Power Transmission Lines,Department of Homeland Security —Homeland Infrastructure Foundation-Level Data (HIFLD) geospatial data sets containing information on Electric Power Transmission Lines.,Unknown,https://catalog.data.gov/dataset/electric-power-transmission-lines
USEEIO v2.5 Models,"U.S. Environmental Protection Agency —This dataset consists of various USEEIO v2.5 models. All models are built using the coupled model approach described in the EPA 2024 report ""Estimating embodied...",Unknown,https://catalog.data.gov/dataset/useeio-v2-5-models
CDC WONDER API for Data Query Web Service,U.S. Department of Health & Human Services —WONDER online databases include county-level Compressed Mortality (death certificates) since 1979; county-level Multiple Cause of Death (death certificates) since...,Unknown,https://catalog.data.gov/dataset/wide-ranging-online-data-for-epidemiologic-research-wonder
"2022 Cartographic Boundary File (SHP), United States, 1:20,000,000","U.S. Census Bureau, Department of Commerce —The 2022 cartographic boundary shapefiles are simplified representations of selected geographic areas from the U.S. Census Bureau's Master Address File /...",Unknown,https://catalog.data.gov/dataset/2022-cartographic-boundary-file-shp-united-states-1-20000000
"CHIRPS Version 2.0, Precipitation, Global, 0.05Â°, Daily, 1981-present, Lon0360","National Oceanic and Atmospheric Administration, Department of Commerce —This dataset has 1-day (daily) averages of the Climate Hazards Group InfraRed Precipitation with Station data (CHIRPS), which is quasi-global rainfall data set....",Unknown,https://catalog.data.gov/dataset/chirps-version-2-0-precipitation-global-0-05a-daily-1981-present-lon0360
ZIP Code Population Weighted Centroids,"Department of Housing and Urban Development —This dataset denotes ZIP Code centroid locations weighted by population. Population weighted centroids are a common tool for spatial analysis, particularly when more...",Unknown,https://catalog.data.gov/dataset/zip-code-population-weighted-centroids
Electric Substations,Department of Homeland Security —Homeland Infrastructure Foundation-Level Data (HIFLD) geospatial data sets containing information on Electric Substations.,Unknown,https://catalog.data.gov/dataset/electric-substations
CollectionCivil Rights Data Collection (CRDC) for the 2013-14 school year,"Department of Education —The Civil Rights Data Collection, 2013-14 (CRDC 2013-14) is part of the Civil Rights Data Collection (CRDC) program; program data are available beginning with the...",Unknown,https://catalog.data.gov/dataset/civil-rights-data-collection-crdc-for-the-2013-14-school-year-7a6ab
"USDA National Nutrient Database for Standard Reference, Legacy Release","Department of Agriculture —[Note: Integrated as part of FoodData Central, April 2019.] The USDA National Nutrient Database for Standard Reference (SR) is the major source of food composition...",Unknown,https://catalog.data.gov/dataset/usda-national-nutrient-database-for-standard-reference-legacy-release-d1570
Summary Metrics by Exchange,Securities and Exchange Commission —These datasets provide metrics for each security type and exchange.,Unknown,https://catalog.data.gov/dataset/summary-metrics-by-exchange
National Inpatient Sample (NIS) - Restricted Access Files,U.S. Department of Health & Human Services —The Healthcare Cost and Utilization Project (HCUP) National Inpatient Sample (NIS) is the largest publicly available all-payer inpatient care database in the United...,Unknown,https://catalog.data.gov/dataset/hcup-national-nationwide-inpatient-sample-nis-restricted-access-file
City and County Vehicle Inventories,"Department of Energy —This light-duty vehicle inventory dataset provides information on vehicle registrations by vehicle type (car vs. truck), fuel type, and model year showing the changes...",Unknown,https://catalog.data.gov/dataset/city-and-county-vehicle-inventories-f07a0
Farm Income and Wealth Statistics,Department of Agriculture —Estimates of farm sector income with component accounts for the United States and for States.,Unknown,https://catalog.data.gov/dataset/farm-income-and-wealth-statistics
National Mortgage Database Aggregate Statistics,Federal Housing Finance Agency —The National Mortgage Database (NMDB®) is a nationally representative five percent sample of residential mortgages in the United States.,Unknown,https://catalog.data.gov/dataset/national-mortgage-database-aggregate-statistics
Orange Book,"U.S. Department of Health & Human Services —The Approved Drug Products with Therapeutic Equivalence (Orange Book or OB) is a list of drugs approved under Section 505 of the Federal Food, Drug and Cosmetic Act...",Unknown,https://catalog.data.gov/dataset/orange-book
Crime Incidents in 2024,District of Columbia —The dataset contains a subset of locations and attributes of incidents reported in the ASAP (Analytical Services Application) crime report database by the District of...,Unknown,https://catalog.data.gov/dataset/crime-incidents-in-2024
NPL Superfund Site Boundaries (EPA),"U.S. Environmental Protection Agency —This GIS dataset contains polygons depicting U.S. EPA Superfund Site boundaries. Site boundaries are polygons representing the footprint of a whole site, defined for...",Unknown,https://catalog.data.gov/dataset/npl-superfund-site-boundaries-epa10
School District Characteristics - Current,Department of Education —The National Center for Education Statistics’ (NCES) Education Demographic and Geographic Estimate (EDGE) program develops annually updated school district boundary...,Unknown,https://catalog.data.gov/dataset/school-district-characteristics-current-4aa03
Zoning By Address,"City of Austin —Do not use this data to make zoning determinations. This data does not show all zoning regulations for an address, including overlays and situations where an address...",Unknown,https://catalog.data.gov/dataset/zoning-by-address
Fatality Analysis Reporting System (FARS) 2022 - Person Auxiliary File,"Department of Transportation —The Fatality Analysis Reporting System (FARS) 2022 Final Release - Persons Involved Auxiliary File dataset was compiled from January 1, 2022 to December 31, 2022 by...",Unknown,https://catalog.data.gov/dataset/fatality-analysis-reporting-system-fars-2022-person-auxiliary-file2
Cancer Rates,"Lake County, Illinois —Cancer Rates for Lake County Illinois. Explanation of field attributes: Colorectal Cancer - Cancer that develops in the colon (the longest part of the large...",Unknown,https://catalog.data.gov/dataset/cancer-rates-5cf0c
SNOMED CT,U.S. Department of Health & Human Services —SNOMED CT is one of a suite of designated standards for use in U.S. Federal Government systems for the electronic exchange of clinical health information and is also...,Unknown,https://catalog.data.gov/dataset/snomed-ct
Registered Apprenticeship Partners Information Database System (RAPIDS) Dataset,Department of Labor —Apprenticeship data for Office of Apprenticeship states and SAA states. All states are available on the Data and Statistics page.,Unknown,https://catalog.data.gov/dataset/registered-apprenticeship-partners-information-database-system-rapids-dataset
Study of Womens Health Across the Nation (SWAN) Public Use Data,"U.S. Department of Health & Human Services —The SWAN Public Use Datasets provide access to longitudinal data describing the physical, biological, psychological, and social changes that occur during the...",Unknown,https://catalog.data.gov/dataset/study-of-womens-health-across-the-nation-swan-public-use-data
NIST ITS-90 Thermocouple Database - SRD 60,"National Institute of Standards and Technology —This database reproduces a subset of the tables and reference functions of NIST Monograph 175, 'Temperature Electromotive Force Reference Functions and Tables for the...",Unknown,https://catalog.data.gov/dataset/nist-its-90-thermocouple-database-srd-60-5a771
Clean Air Status and Trends Network (CASTNET) Download Data Module,"U.S. Environmental Protection Agency —The CASTNET Download Data module allows users to select, view, and download CASTNET data (Raw, Aggregate, Modeled & Factual Data) based on user selections....",Unknown,https://catalog.data.gov/dataset/clean-air-status-and-trends-network-castnet-download-data-module
Labor Condition Application for Nonimmigrant Workers (LCA)  Program Historical Data,Department of Labor —This dataset includes data that the Employment and Training Administration's Office of Foreign Labor Certification (OFLC) collected from Labor Condition Applications...,Unknown,https://catalog.data.gov/dataset/labor-condition-application-for-nonimmigrant-workers-lca-program-historical-data
CollectionHighway Performance Monitoring System (HPMS),"Department of Transportation —HPMS compiles data on highway network extent, use, condition, and performance. The system consists of a geospatially-enabled database that is used to generate reports...",Unknown,https://catalog.data.gov/dataset/highway-performance-monitoring-system-hpms
Child and Adult Care Food Programs (CACFP) – Adult Day Care – Meal Reimbursement – Program Year 2021-2022,City of Austin —Help us provide the most useful data by completing our ODP User Feedback Survey for Child and Adult Care Food Program (CACFP) Data About the Dataset This data set...,Unknown,https://catalog.data.gov/dataset/child-and-adult-care-food-programs-cacfp-adult-day-care-meal-reimbursement-program-ye-2021
PubChem,"U.S. Department of Health & Human Services —PubChem contains the chemical structures of small organic molecules and information on their biological activities. PubChem includes substance information, compound...",Unknown,https://catalog.data.gov/dataset/pubchem-13cb9
"Civil Rights Data Collection, 2009-10","Department of Education —The Civil Rights Data Collection, 2009-10 (CRDC 2009-10), is part of the Civil Rights Data Collection (CRDC) program. CRDC 2009-10 (https://ocrdata.ed.gov/) is a...",Unknown,https://catalog.data.gov/dataset/civil-rights-data-collection-2009-10-68f19
"NCEI/WDS Global Significant Earthquake Database, 2150 BC to Present","National Oceanic and Atmospheric Administration, Department of Commerce —The Significant Earthquake Database is a global listing of over 5,700 earthquakes from 2150 BC to the present. A significant earthquake is classified as one that...",Unknown,https://catalog.data.gov/dataset/ncei-wds-global-significant-earthquake-database-2150-bc-to-present1
NYC Building Energy and Water Data Disclosure for Local Law 84 (2022-Present),"City of New York —Local Law 84 of 2009 (LL84) requires annual energy and water benchmarking data to be submitted by owners of buildings with more than 50,000 square feet. This data is...",Unknown,https://catalog.data.gov/dataset/nyc-building-energy-and-water-data-disclosure-for-local-law-84-2023-present
MTA Bridges and Tunnels Collisions: Beginning 2019,State of New York —This dataset provides information on collisions that have taken place at B&T facilities.,Unknown,https://catalog.data.gov/dataset/mta-bridges-and-tunnels-collisions-beginning-2019
"TIGER/Line Shapefile, Current, Nation, U.S., County and Equivalent Entities","U.S. Census Bureau, Department of Commerce —This resource is a member of a series. The TIGER/Line shapefiles and related database files (.dbf) are an extract of selected geographic and cartographic information...",Unknown,https://catalog.data.gov/dataset/tiger-line-shapefile-current-nation-u-s-county-and-equivalent-entities
1940 Census: Official 1940 Census Website,"National Archives and Records Administration —Website alows the public full access to the 1940 Census images, census maps and descriptions.",Unknown,https://catalog.data.gov/dataset/1940-census-official-1940-census-website
Corporations and Other Entities: All Filings,"State of New York —This data contains all Corporations and Other Entity filings in the Department of State electronic database. Each record contains the Department of State ID number,...",Unknown,https://catalog.data.gov/dataset/corporations-and-other-entities-all-filings
MSHA Mines Dataset,"Department of Labor —Lists all Coal and Metal/Non-Metal mines under MSHA's jurisdiction. Including current status of each mine (Active, Abandoned, Nonproducing, etc.), the current owner...",Unknown,https://catalog.data.gov/dataset/msha-mines-dataset
FWS Critical Habitat for Threatened and Endangered Species DatasetNGDA,"Department of the Interior —When a species is proposed for listing as endangered or threatened under the Endangered Species Act, the U.S. Fish and Wildlife Service must consider whether there...",Unknown,https://catalog.data.gov/dataset/fws-critical-habitat-for-threatened-and-endangered-species-dataset
Hourly Energy Emission Factors for Electricity Generation in the United States,"Department of Energy —Monthly average hourly CO2, NOx, and SO2 emission factors for each U.S. eGRID subregion. This project utilized GridViewTM, an electric grid dispatch software package,...",Unknown,https://catalog.data.gov/dataset/hourly-energy-emission-factors-for-electricity-generation-in-the-united-states-00ec8
National Bridge Inventory,"Federal Geographic Data Committee —The National Bridge Inventory dataset is as of June 20, 2025 from the Federal Highway Administration (FHWA) and is part of the U.S. Department of Transportation...",Unknown,https://catalog.data.gov/dataset/national-bridge-inventory-abd5a
Money Services Business (MSB) Registrant Search,Department of the Treasury —The MSB Registrant Search Web page contains entities that have registered as Money Services Businesses (MSBs) pursuant to the Bank Secrecy Act (BSA) regulations at 31...,Unknown,https://catalog.data.gov/dataset/money-services-business-msb-registrant-search
Occupational Outlook Handbook,"U.S. Department of Labor Bureau of Labor Statistics —The Occupational Outlook Handbook (OOH) is a nationally recognized source of career information, designed to provide valuable assistance to individuals making...",Unknown,https://catalog.data.gov/dataset/occupational-outlook-handbook-51009
The Artificial Intelligence Patent Dataset (AIPD) for Academia and Researchers,"Department of Commerce —Contains Artificial Intelligence Patent Landscape data classifying 13,244,037 granted patents and PGPubs published from 1976 through 2023 in eight AI component...",Unknown,https://catalog.data.gov/dataset/the-artificial-intelligence-patent-dataset-aipd-for-academia-and-researchers
Automotive Industry Trade Data Visualization,Department of Commerce —This site collates and visualizes critical indicators within the automotive vehicles and parts markets to enable firms to develop export strategies and identify...,Unknown,https://catalog.data.gov/dataset/automotive-industry-trade-data-visualization-1f530
ClinicalTrials.gov,"U.S. Department of Health & Human Services —Provides patients, family members, health care professionals, and members of the public easy access to information on clinical trials for a wide range of diseases and...",Unknown,https://catalog.data.gov/dataset/clinicaltrials-gov-47039
LA County COVID Cases,"City of Los Angeles —COVID cases and deaths for LA County and California State. Updated daily. Data source: Johns Hopkins University (https://coronavirus.jhu.edu/us-map), Johns Hopkins...",Unknown,https://catalog.data.gov/dataset/la-county-covid-cases
"Obesity among children and adolescents aged 2–19 years, by selected characteristics: United States",U.S. Department of Health & Human Services —Data on obesity among children and adolescents aged 2-19 years by selected population characteristics. Please refer to the PDF or Excel version of this table in the...,Unknown,https://catalog.data.gov/dataset/obesity-among-children-and-adolescents-aged-219-years-by-selected-characteristics-united-s-3ead4
National Incorporated Places and Counties,"State of Iowa —This dataset contains a listing of incorporated places (cities and towns) and counties within the United States including the GNIS code, FIPS code, name, entity type...",Unknown,https://catalog.data.gov/dataset/national-incorporated-places-and-counties
NHIS Adult Summary Health Statistics,U.S. Department of Health & Human Services —Interactive Summary Health Statistics for Adults provide annual estimates of selected health topics for adults aged 18 years and over based on final data from the...,Unknown,https://catalog.data.gov/dataset/nhis-adult-summary-health-statistics-b5ce9
Supplemental Nutrition Assistance Program (SNAP) Data System,"Department of Agriculture —Note: The Food Environment Atlas contains ERS's most recent and reliable data on food assistance programs, including participants in the SNAP Program. The...",Unknown,https://catalog.data.gov/dataset/supplemental-nutrition-assistance-program-snap-data-system
WaveWatch III (WW3) Global Wave Model,"National Oceanic and Atmospheric Administration, Department of Commerce —Through a collaborative effort with NOAA/NCEP and NWS Honolulu, the University of Hawaii has implemented a global-scale WaveWatch III (WW3) 7-day model with a 5-day...",Unknown,https://catalog.data.gov/dataset/wavewatch-iii-ww3-global-wave-model
Sample Purchasing / Supply Chain Data,"National Institute of Standards and Technology —Sample purchasing data containing information on suppliers, the products they provide, and the projects those products are used for. Data created or adapted from...",Unknown,https://catalog.data.gov/dataset/sample-purchasing-supply-chain-data
"Household Debt by State, County, and MSA","Board of Governors of the Federal Reserve System —The tables and interactive maps below allow users to explore the ratio of debt to income by state, metropolitan statistical area, and county for each year since 1999....",Unknown,https://catalog.data.gov/dataset/household-debt-by-state-county-and-msa
Sustainable Materials Management (SMM) - Materials and Waste Management in the United States Key Facts and Figures,U.S. Environmental Protection Agency —Each year the Environmental Protection Agency (EPA) produces a report titled Advancing Sustainable Materials Management: Facts and Figures. It includes information on...,Unknown,https://catalog.data.gov/dataset/sustainable-materials-management-smm-materials-and-waste-management-in-the-united-states-key-fa12
National Solar Radiation Database (NSRDB),Department of Energy —The National Solar Radiation Database (NSRDB) is a serially complete collection of meteorological and solar irradiance data sets for the United States and a growing...,Unknown,https://catalog.data.gov/dataset/national-solar-radiation-database-nsrdb
Social Media Channels and Statistics at the National Archives,National Archives and Records Administration —More than 100 social media channels and statistics for the National Archives and Records Administration.,Unknown,https://catalog.data.gov/dataset/social-media-channels-and-statistics-at-the-national-archives
MVA Vehicle Sales Counts by Month for Calendar Year 2002 through July 2025,"State of Maryland —The number of new and used vehicles and the sales dollars respectively sold by month. MDOT MVA’s Customer Connect modernization project, implemented in July 2020, has...",Unknown,https://catalog.data.gov/dataset/mva-vehicle-sales-counts-by-month-for-calendar-year-2002-2020-up-to-october
State carbon dioxide emissions data,"Department of Energy —Annual state-level estimates of energy consumption, prices, and expenditures for jet fuel.",Unknown,https://catalog.data.gov/dataset/state-carbon-dioxide-emissions-data
Schedule of Equipment Rates,"Department of Homeland Security —The rates on this Schedule of Equipment Rates are for applicant-owned equipment in good mechanical condition, complete with all required attachments. Each rate covers...",Unknown,https://catalog.data.gov/dataset/schedule-of-equipment-rates
Do Not Call (DNC) Reported Calls Data - API,Federal Trade Commission —This endpoint includes data about Do Not Call and robocall complaints reported to the Federal Trade Commission. This data consists of information reported by...,Unknown,https://catalog.data.gov/dataset/do-not-call-dnc-reported-calls-data-api
Food Security in the United States,Department of Agriculture —This data section provides information about publicly available national surveys that include questions from the U.S. Food Security Survey Module. Information on each...,Unknown,https://catalog.data.gov/dataset/food-security-in-the-united-states
Providence Police Case Log - Past 180 days,City of Providence —Recorded state and municipal offenses from AEGIS records management system of the Providence Police. A single case can contain multiple offenses. Refer to the case...,Unknown,https://catalog.data.gov/dataset/providence-police-case-log-past-180-days
NNDSS Weekly Data,"U.S. Department of Health & Human Services —NNDSS - In this Table, provisional cases of notifiable diseases are displayed for United States, U.S. territories, and Non-U.S. residents. Notes: • These are weekly...",Unknown,https://catalog.data.gov/dataset/nndss-weekly-data-14574
Nursing Home Compare,Department of Veterans Affairs —Nursing Home Compare has detailed information about every Medicare and Medicaid nursing home in the country. A nursing home is a place for people who can’t be cared...,Unknown,https://catalog.data.gov/dataset/nursing-home-compare-ed7b0
"NCEI/WDS Global Historical Tsunami Database, 2100 BC to Present","National Oceanic and Atmospheric Administration, Department of Commerce —The Global Historical Tsunami Database provides information on over 2,400 tsunamis from 2100 BC to the present in the the Atlantic, Indian, and Pacific Oceans; and...",Unknown,https://catalog.data.gov/dataset/ncei-wds-global-historical-tsunami-database-2100-bc-to-present1
Picture of Subsidized Households,Department of Housing and Urban Development —Picture of Subsidized Households describes the nearly 5 million households living in HUD-subsidized housing in the United States. Assistance provided under HUD...,Unknown,https://catalog.data.gov/dataset/a-picture-of-subsidized-households-2009
Wind Turbine Gearbox Condition Monitoring Vibration Analysis Benchmarking Datasets,Department of Energy —Wind turbine condition monitoring (CM) can potentially help the wind industry reduce turbine downtime and operation and maintenance (O&M) cost. NREL CM research...,Unknown,https://catalog.data.gov/dataset/wind-turbine-gearbox-condition-monitoring-vibration-analysis-benchmarking-datasets
CollectionFederal Court Cases: Integrated Database Series,Department of Justice —Investigator(s): Federal Judicial Center The purpose of this data collection is to provide an official public record of the business of the federal courts. The data...,Unknown,https://catalog.data.gov/dataset/federal-court-cases-integrated-database-series-34e8a
Global Volcano Locations Database,"National Oceanic and Atmospheric Administration, Department of Commerce —NCEI maintains a database of over 1,500 volcano locations obtained from the Smithsonian Institution Global Volcanism Program, Volcanoes of the World publication. The...",Unknown,https://catalog.data.gov/dataset/global-volcano-locations-database1
NCHS - Childhood Mortality Rates,"U.S. Department of Health & Human Services —This dataset of U.S. mortality trends since 1900 highlights childhood mortality rates by age group for age at death. Age-adjusted death rates (deaths per 100,000)...",Unknown,https://catalog.data.gov/dataset/nchs-childhood-mortality-rates
Public Library Survey (PLS) 2020,"Institute of Museum and Library Services —Data Files – CSV, SAS, and SPSS; Documentation; Infographic; and Research Brief: Access to Public Library Services During the First Nine Months of the COVID-19 Pandemic.",Unknown,https://catalog.data.gov/dataset/public-library-survey-pls-2020
"PLACES: County Data (GIS Friendly Format), 2020 release",U.S. Department of Health & Human Services —This dataset contains model-based county-level estimates for the PLACES project 2020 release in GIS-friendly format. The PLACES project is the expansion of the...,Unknown,https://catalog.data.gov/dataset/places-county-data-gis-friendly-format-2020-release-4ae28
County Jail Rosters,"State of Washington —Many counties publish the number of inmates in county corrections custody, with names, booking datas and in some case the charges. This dataset provides links to...",Unknown,https://catalog.data.gov/dataset/county-jail-rosters
Income and Asset Ownership,"U.S. Department of Health & Human Services —The Income and Asset Ownership data, derived from the Medicare Current Beneficiary Survey (MCBS), provide information on income sources, income levels, asset...",Unknown,https://catalog.data.gov/dataset/income-and-asset-ownership-7c9d6
Electronic Police Report 2021,"City of New Orleans —All Police Reports filed by NOPD officers including incident and supplemental reports containing the item number, location, disposition, signal, charges, offender...",Unknown,https://catalog.data.gov/dataset/electronic-police-report-2021
18 excel spreadsheets by species and year giving reproduction and growth data.  One excel spreadsheet of herbicide treatment chemistry.,"U.S. Environmental Protection Agency —Excel spreadsheets by species (4 letter code is abbreviation for genus and species used in study, year 2010 or 2011 is year data collected, SH indicates data for...",Unknown,https://catalog.data.gov/dataset/18-excel-spreadsheets-by-species-and-year-giving-reproduction-and-growth-data-one-excel-sp
NCHS - Births and General Fertility Rates: United States,U.S. Department of Health & Human Services —This dataset includes crude birth rates and general fertility rates in the United States since 1909. The number of states in the reporting area differ historically....,Unknown,https://catalog.data.gov/dataset/nchs-births-and-general-fertility-rates-united-states
SRTM30+ Global 1-km Digital Elevation Model (DEM): Version 11: Land Surface,"National Oceanic and Atmospheric Administration, Department of Commerce —A global 1-km resolution land surface digital elevation model (DEM) derived from U.S. Geological Survey (USGS) 30 arc-second SRTM30 gridded DEM data created from the...",Unknown,https://catalog.data.gov/dataset/srtm30-global-1-km-digital-elevation-model-dem-version-11-land-surface
Occupational Employment and Wage Statistics (OEWS),State of California —The Occupational Employment and Wage Statistics (OEWS) Survey is a federal-state cooperative program between the Bureau of Labor Statistics (BLS) and State Workforce...,Unknown,https://catalog.data.gov/dataset/occupational-employment-and-wage-statistics-oews-4b4c4
NYC Historical Vital Records: Index to Digitized Birth Certificates,City of New York —The dataset is an index to digitized historical birth certificates from 1855-1909 from all 5 NYC boroughs. Details about certificates in DORIS's collection and their...,Unknown,https://catalog.data.gov/dataset/nyc-historical-vital-records-index-to-digitized-birth-certificates
Real Estate Sales 10012020 to Current,"City of Hartford —Hartford Real Estate Sales from October 1, 2020 provided by the City of Hartford Assessor's Office.Updated Nightly.",Unknown,https://catalog.data.gov/dataset/real-estate-sales-10012020-to-current
2020-21 Washington State CRDC Data - School Behavior and Climate,"State of Washington —The Civil Rights Data Collection (CRDC) is a biennial (i.e., every other school year) survey required by the U.S. Department of Education’s (Department) Office for...",Unknown,https://catalog.data.gov/dataset/2020-21-washington-state-crdc-data-school-behavior-and-climate
U.S. Electric Utility Companies and Rates: Look-up by Zipcode (2020),"Department of Energy —This dataset, compiled by NREL using data from ABB, the Velocity Suite and the U.S. Energy Information Administration dataset 861, provides average residential,...",Unknown,https://catalog.data.gov/dataset/u-s-electric-utility-companies-and-rates-look-up-by-zipcode-2020
Bullion Sales Figures,"Department of the Treasury —Sales totals by month are updated every weekday by 5 p.m. (ET). Mintage is updated annually. Programs tracked in this report include: American Eagle, American...",Unknown,https://catalog.data.gov/dataset/bullion-sales-and-mintagefigures
"TIGER/Line Shapefile, 2019,  nation, U.S., Current County and Equivalent National Shapefile","U.S. Census Bureau, Department of Commerce —The TIGER/Line shapefiles and related database files (.dbf) are an extract of selected geographic and cartographic information from the U.S. Census Bureau's Master...",Unknown,https://catalog.data.gov/dataset/tiger-line-shapefile-2019-nation-u-s-current-county-and-equivalent-national-shapefile
Electricity Data: Net Generation from Electricity Plants Application Programming Interface (API),"Department of Energy —This API provides data on U.S. electricity generation by fuel type, i.e., coal, petroleum, natural gas, nuclear, hydroelectric, wind, solar, geothermal, and wood....",Unknown,https://catalog.data.gov/dataset/electricity-data-net-generation-from-electricity-plants-application-programming-interface-
Federal Procurement Data System - FPDS API,General Services Administration —The Federal Procurement Data System (FPDS) Next Generation has been re-engineered as a real-time federal enterprise information system. Web services based on SOAP and...,Unknown,https://catalog.data.gov/dataset/federal-procurement-data-system-fpds-api
"Composition of Foods Raw, Processed, Prepared USDA National Nutrient Database for Standard Reference, Release 28","Department of Agriculture —[Note: Integrated as part of FoodData Central, April 2019.] The database consists of several sets of data: food descriptions, nutrients, weights and measures,...",Unknown,https://catalog.data.gov/dataset/composition-of-foods-raw-processed-prepared-usda-national-nutrient-database-for-standard-r-958ed
National USFS Fire Perimeter (Feature Layer),Department of Agriculture —The FirePerimeter polygon layer represents daily and final mapped wildland fire perimeters. Incidents of 10 acres or greater in size are expected. Incidents smaller...,Unknown,https://catalog.data.gov/dataset/national-usfs-fire-perimeter-feature-layer-bb7cd
Drug Use Data from Selected Hospitals,U.S. Department of Health & Human Services —The National Hospital Care Survey (NHCS) collects data on patient care in hospital-based settings to describe patterns of health care delivery and utilization in the...,Unknown,https://catalog.data.gov/dataset/drug-use-data-from-selected-hospitals-26ee4
What We Eat In America (WWEIA) Database,Department of Agriculture —What We Eat in America (WWEIA) is the dietary intake interview component of the National Health and Nutrition Examination Survey (NHANES). WWEIA is conducted as a...,Unknown,https://catalog.data.gov/dataset/what-we-eat-in-america-wweia-database-f7f35
Adoptable Pets,Montgomery County of Maryland —This dataset contains a list of shelter animals that are ready to be adopted from the Montgomery County Animal Services and Adoption Center at 7315 Muncaster Mill...,Unknown,https://catalog.data.gov/dataset/adoptable-pets
"Monthly Counts of Deaths by Select Causes, 2014-2019",U.S. Department of Health & Human Services —Final counts of deaths by the month the deaths occurred and by select causes of death for 2014-2019.,Unknown,https://catalog.data.gov/dataset/monthly-counts-of-deaths-by-select-causes-2014-2019-da9df
ATM Banking,District of Columbia —The Chief Technology Office (OCTO) has captured the majority of ATM banking locations in the District of Columbia.,Unknown,https://catalog.data.gov/dataset/atm-banking
DCWP Licensed Vehicles,"City of New York —DCWP issues license plates and/or decals to sightseeing buses, tow trucks, pedicabs and horse drawn cabs. This data set features all active vehicles licensed by DCWP.",Unknown,https://catalog.data.gov/dataset/dcwp-licensed-vehicles
Recalls API,US Consumer Product Safety Commission —CPSC provides accessibility to recalls via a recall database. The information is publicly available to consumers and businesses as well as software and application...,Unknown,https://catalog.data.gov/dataset/recalls-api
U.S. Electric Utility Companies and Rates: Look-up by Zipcode (2023),"Department of Energy —This dataset, compiled by NREL using data from ABB, the Velocity Suite (http://energymarketintel.com/) and the U.S. Energy Information Administration dataset 861...",Unknown,https://catalog.data.gov/dataset/u-s-electric-utility-companies-and-rates-look-up-by-zipcode-2023
Selected Online Sport Wagering Data,"State of Connecticut —Notes: (1) Monthly payments are due to the State by the 15th of the following month. (2) The operation of the online sports wagering began on October 12, 2021. (3)...",Unknown,https://catalog.data.gov/dataset/selected-online-sport-wagering-data
Disability and Health Data System (DHDS),U.S. Department of Health & Human Services —Disability and Health Data System (DHDS) is an online source of state-level data on adults with disabilities. Users can access information on six functional...,Unknown,https://catalog.data.gov/dataset/disability-and-health-data-system-dhds
FOIA Logs,Securities and Exchange Commission —Log files published by the Office of FOIA Services.,Unknown,https://catalog.data.gov/dataset/foia-logs
Great Lakes Environmental Database (GLENDA),"U.S. Environmental Protection Agency —The Great Lakes Environmental Database (GLENDA) houses environmental data collected by EPA Great Lakes National Program Office (GLNPO) programs that sample water,...",Unknown,https://catalog.data.gov/dataset/great-lakes-environmental-database-glenda
"Rates and Trends in Heart Disease and Stroke Mortality Among US Adults (35+) by County, Age Group, Race/Ethnicity, and Sex – 2000-2019","U.S. Department of Health & Human Services —This dataset documents rates and trends in heart disease and stroke mortality. Specifically, this report presents county (or county equivalent) estimates of heart...",Unknown,https://catalog.data.gov/dataset/rates-and-trends-in-heart-disease-and-stroke-mortality-among-us-adults-35-by-county-a-2000-45659
CORONA Satellite Photography,"National Aeronautics and Space Administration —On February 24, 1995, President Clinton signed an Executive Order, directing the declassification of intelligence imagery acquired by the first generation of United...",Unknown,https://catalog.data.gov/dataset/corona-satellite-photography
MAUDE (Manufacturer and User Facility Device Experience),"U.S. Department of Health & Human Services —MAUDE data represents reports of adverse events involving medical devices. The data consists of all voluntary reports since June, 1993, user facility reports since...",Unknown,https://catalog.data.gov/dataset/maude-manufacturer-and-user-facility-device-experience
"TIGER/Line Shapefile, 2020, Nation, U.S., American Indian Tribal Subdivisions","U.S. Census Bureau, Department of Commerce —The TIGER/Line shapefiles and related database files (.dbf) are an extract of selected geographic and cartographic information from the U.S. Census Bureau's Master...",Unknown,https://catalog.data.gov/dataset/tiger-line-shapefile-2020-nation-u-s-american-indian-tribal-subdivisions
USEEIO v2.0.1-411,"U.S. Environmental Protection Agency —This dataset provides the waste sector disaggregation data, model component matrices, model result matrices, model price adjustment matrices, demand vectors, and...",Unknown,https://catalog.data.gov/dataset/useeio-v2-0-1-411
"Infectious Diseases by Disease, County, Year, and Sex",State of California —These data contain case counts and rates for selected communicable diseases—listed in the data dictionary—that met the surveillance case definition for that disease...,Unknown,https://catalog.data.gov/dataset/infectious-diseases-by-disease-county-year-and-sex-6e856
USGS National Structures Dataset - USGS National Map Downloadable Data CollectionNGDA,"Department of the Interior —USGS Structures from The National Map (TNM) consists of data to include the name, function, location, and other core information and characteristics of selected...",Unknown,https://catalog.data.gov/dataset/usgs-national-structures-dataset-usgs-national-map-downloadable-data-collection
Data from: The influence of active video game play upon physical activity and screen-based activities in sedentary children,"Department of Agriculture —Includes 24 hour recall data that children were instructed to fill-out describing the previous day’s activities at baseline, weeks 2 and 4 of the intervention, after...",Unknown,https://catalog.data.gov/dataset/data-from-the-influence-of-active-video-game-play-upon-physical-activity-and-screen-based--33694
NOAA/WDS Paleoclimatology - Knight - Well's Draw update - PIED - ITRDB UT528,"National Oceanic and Atmospheric Administration, Department of Commerce —This archived Paleoclimatology Study is available from the NOAA National Centers for Environmental Information (NCEI), under the World Data Service (WDS) for...",Unknown,https://catalog.data.gov/dataset/noaa-wds-paleoclimatology-knight-wells-draw-update-pied-itrdb-ut5281
CBP Customs Rulings Online Search System (CROSS),Department of Homeland Security —CROSS is a searchable database of CBP rulings that can be retrieved based on simple or complex search characteristics using keywords and Boolean operators. CROSS has...,Unknown,https://catalog.data.gov/dataset/cbp-customs-rulings-online-search-system-cross
Fatality Analysis Reporting System (FARS) 2022 - Accidents,"Department of Transportation —The Fatality Analysis Reporting System (FARS) 2022 Final Release - Fatal Motor Vehicle Accidents dataset was compiled from January 1, 2022 to December 31, 2022 by the...",Unknown,https://catalog.data.gov/dataset/fatality-analysis-reporting-system-fars-2022-accidents2
data.hrsa.gov (HRSA Data Warehouse),"U.S. Department of Health & Human Services —DATA.HRSA.GOVis the go-to source for data, dashboards, maps, reports, locators, APIs and downloadable data files on HRSA's public health programs, including: HRSA-...",Unknown,https://catalog.data.gov/dataset/data-hrsa-gov-hrsa-data-warehouse
USGS Spectral Library Version 7 Data,Department of the Interior —This data release provides the U.S. Geological Survey (USGS) Spectral Library Version 7 and all related documents. The library contains spectra measured with...,Unknown,https://catalog.data.gov/dataset/usgs-spectral-library-version-7-data
NCHS - Age-adjusted Death Rates for Selected Major Causes of Death,U.S. Department of Health & Human Services —This dataset of U.S. mortality trends since 1900 highlights trends in age-adjusted death rates for five selected major causes of death. Age-adjusted death rates...,Unknown,https://catalog.data.gov/dataset/nchs-age-adjusted-death-rates-for-selected-major-causes-of-death
Federal Student Loan Portfolio,"Department of Education —Provides snapshots of the outstanding federal student loan portfolio by loan program, loan type, loan status, repayment plan, delinquency, servicer, and various...",Unknown,https://catalog.data.gov/dataset/federal-student-loan-portfolio-2e077
Tropic of Cancer,"National Oceanic and Atmospheric Administration, Department of Commerce —The Tropic of Cancer lies at 23d 26' 22"" (23.4394 degrees) north of the Equator and marks the most northerly latitude at which the sun can appear directly overhead at...",Unknown,https://catalog.data.gov/dataset/tropic-of-cancer
Superior Court Clerk - Records Access Portal,"King County, Washington —The KC-Clerk's public portal provides King County Superior Court case number and participant name search functionality and access to case information. Accessible...",Unknown,https://catalog.data.gov/dataset/superior-court-clerk-records-access-portal
Issued Construction Permits,"City of Austin —City of Austin Open Data Terms of Usehttps://data.austintexas.gov/stories/s/ranj-cccqBuilding, Electrical, Mechanical, and Plumbing Permits and Driveway/Sidewalk...",Unknown,https://catalog.data.gov/dataset/issued-construction-permits
Interest Rate Statistics - Daily Treasury Bill Rates,"Department of the Treasury —These rates are the daily secondary market quotation on the most recently auctioned Treasury Bills for each maturity tranche (4-week, 13-week, 26-week, and 52-week)...",Unknown,https://catalog.data.gov/dataset/interest-rate-statistics-daily-treasury-bill-rates
ACRES - Brownfields Properties,"U.S. Environmental Protection Agency —Brownfields are real property, the expansion, redevelopment, or reuse of which may be complicated by the presence or potential presence of a hazardous substance,...",Unknown,https://catalog.data.gov/dataset/acres-brownfields-properties
Georgia High Resolution Wind Resource,"Department of Energy —A shapefile of annual average wind resource potential for Utah, United States at a 50 meter height. This data set has been validated by NREL and wind energy...",Unknown,https://catalog.data.gov/dataset/georgia-high-resolution-wind-resource
"Provisional COVID-19 Death Counts by Age in Years, 2020-2023","U.S. Department of Health & Human Services —Effective June 28, 2023, this dataset will no longer be updated. Similar data are accessible from CDC WONDER (https://wonder.cdc.gov/mcd-icd10-provisional.html)....",Unknown,https://catalog.data.gov/dataset/provisional-covid-19-deaths-counts-by-age-in-years
"PLACES: Local Data for Better Health, County Data 2023 release","U.S. Department of Health & Human Services —This dataset contains model-based county estimates. PLACES covers the entire United States—50 states and the District of Columbia—at county, place, census tract, and...",Unknown,https://catalog.data.gov/dataset/places-local-data-for-better-health-county-data-2023-release
Food and Nutrient Database for Dietary Studies (FNDDS),"Department of Agriculture —[Note: Integrated as part of FoodData Central, April 2019.] USDA's Food and Nutrient Database for Dietary Studies (FNDDS) is a database that is used to convert food...",Unknown,https://catalog.data.gov/dataset/food-and-nutrient-database-for-dietary-studies-fndds-f9910
H-1B,Department of Labor —Investigative case data involving H-1B non-immigrant visas,Unknown,https://catalog.data.gov/dataset/h-1b
Census TIGER/Line - RoadsNGDA,"Department of Transportation —The TIGER/Line Roads County-based dataset was released August 08, 2024, by the United States Census Bureau (USCB) and is part of the U.S. Department of Transportation...",Unknown,https://catalog.data.gov/dataset/census-tiger-line-roads1
5.12 Cybersecurity (detail),City of Tempe —The National Institute of Standards and Technology (NIST) provides a Cybersecurity Framework (CSF) for benchmarking and measuring the maturity level of cybersecurity...,Unknown,https://catalog.data.gov/dataset/5-12-cybersecurity-detail-d8bb7
DIR Electrician Certification Unit (ECU),State of California —This dataset contains California certified electricians and electrician trainees lists maintained by the Department of Industrial Relation's Electrician Certification...,Unknown,https://catalog.data.gov/dataset/dir-electrician-certification-unit-ecu
Medi-Span,Office of Personnel Management —Medi-Span pharmacy reference database,Unknown,https://catalog.data.gov/dataset/medi-span-2592d
Public School Characteristics - Current,Department of Education —The National Center for Education Statistics' (NCES) Education Demographic and Geographic Estimate (EDGE) program develops annually updated point locations (latitude...,Unknown,https://catalog.data.gov/dataset/public-school-characteristics-current-340b1
State Export Data,"Department of Agriculture —Although a State's actual agricultural export value cannot be measured directly, ERS maintains estimates of State shares of U.S. exports for total and selected...",Unknown,https://catalog.data.gov/dataset/state-export-data
DC Office of Tax and Revenue Real Property Assessment Map App,"District of Columbia —The DC Office of the Chief Financial Officer (OCFO), Office of Tax and Revenue (OTR), Real Property Tax Administration (RPTA) values all real property in the District...",Unknown,https://catalog.data.gov/dataset/dc-office-of-tax-and-revenue-real-property-assessment-map-app
Forest health monitoring summary data (2007–2024) from eight national parks in the Eastern Rivers and Mountains Network,Department of the Interior —This data package contains records and metadata from long-term forest health monitoring collected in eight national park units in the Eastern Rivers and Mountains...,Unknown,https://catalog.data.gov/dataset/forest-health-monitoring-summary-data-20072024-from-eight-national-parks-in-the-eastern-ri
Electric Vehicle Population Size History By County,State of Washington —This shows the number of vehicles that were registered by Washington State Department of Licensing (DOL) each month. The data is separated by county for passenger...,Unknown,https://catalog.data.gov/dataset/electric-vehicle-population-size-history-by-county
Severe Injury Report (SIR) Data,"Department of Labor —Through CFR 1904.39, OSHA also has the primary responsibility of cleaning, compiling and publishing Severe Injury Report (SIR) data. These data include employer...",Unknown,https://catalog.data.gov/dataset/severe-injury-report-sir-data-68a35
Trademark Case Files Dataset for Academia and Researchers (1870 - 2023),Department of Commerce —Contains detailed information on 12.1 million trademark applications filed with or registrations issued by the USPTO between 1870 and January 2023.,Unknown,https://catalog.data.gov/dataset/uspto-economic-research-datasets-uerd-trademark-case-files-dataset-7d304
Large Scale International BoundariesNGDA,Department of State —Overview The Office of the Geographer and Global Issues at the U.S. Department of State produces the Large Scale International Boundaries (LSIB) dataset. The current...,Unknown,https://catalog.data.gov/dataset/large-scale-international-boundaries
OpenFEMA Data Sets,"Department of Homeland Security —Metadata for the OpenFEMA API data sets. It contains attributes regarding the published datasets including but not limited to update frequency, description, version,...",Unknown,https://catalog.data.gov/dataset/openfema-data-sets
"Redlining Maps from the Home Owners Loan Corporation, 1937","Allegheny County / City of Pittsburgh / Western PA Regional Data Center —Most of the text in this description originally appeared on the Mapping Inequality Website. Robert K. Nelson, LaDale Winling, Richard Marciano, Nathan Connolly, et...",Unknown,https://catalog.data.gov/dataset/redlining-maps-from-the-home-owners-loan-corporation-1937
Allegheny County Property Viewer,"Allegheny County / City of Pittsburgh / Western PA Regional Data Center —Webmap of Allegheny municipalities and parcel data. Zoom for a clickable parcel map with owner name, property photograph, and link to the County Real Estate website...",Unknown,https://catalog.data.gov/dataset/allegheny-county-property-viewer
Fire Department and Emergency Medical Services Dispatched Calls for Service,City of San Francisco —A. SUMMARY Fire Calls-For-Service includes all fire units' responses to 911 calls from the city's Computer-Aided Dispatch (“CAD”) system. This includes responses to...,Unknown,https://catalog.data.gov/dataset/fire-department-calls-for-service
2015-16 Discipline Estimations by Discipline Type,"Department of Education —This set of Excel files contains data for all states, presented by discipline type. For each discipline type, there are nine spreadsheets: total students with and...",Unknown,https://catalog.data.gov/dataset/2015-16-discipline-estimations-by-discipline-type-850c7
World Magnetic Model High Resolution 2025,"National Oceanic and Atmospheric Administration, Department of Commerce —The World Magnetic Model High Resolution is a more detailed, accurate depiction of the geomagnetic field than the World Magnetic Model (WMM) because it has more...",Unknown,https://catalog.data.gov/dataset/world-magnetic-model-high-resolution-20251
Total tonnage of commodites carried on commercial waterways by traffic type,"Department of Defense —Total tonnage and tonnage by traffic type (in short tons of 2000 pounds) of commodites carried on commercial waterways, where the origin and destination of the cargo...",Unknown,https://catalog.data.gov/dataset/total-tonnage-of-commodites-carried-on-commercial-waterways-by-traffic-type
LiverTox,"U.S. Department of Health & Human Services —Provides up-to-date, accurate, and easily accessed information on the diagnosis, cause, frequency, patterns, and management of liver injury attributable to...",Unknown,https://catalog.data.gov/dataset/livertox
500 Cities: City Boundaries,U.S. Department of Health & Human Services —This city boundary shapefile was extracted from Esri Data and Maps for ArcGIS 2014 - U.S. Populated Place Areas. This shapefile can be joined to 500 Cities city-level...,Unknown,https://catalog.data.gov/dataset/500-cities-city-boundaries
"TIGER/Line Shapefile, 2019,  nation, U.S., Coastline National Shapefile","U.S. Census Bureau, Department of Commerce —The TIGER/Line shapefiles and related database files (.dbf) are an extract of selected geographic and cartographic information from the U.S. Census Bureau's Master...",Unknown,https://catalog.data.gov/dataset/tiger-line-shapefile-2019-nation-u-s-coastline-national-shapefile
NOAA Monthly U.S. Climate Divisional Database (NClimDiv),"National Oceanic and Atmospheric Administration, Department of Commerce —This dataset replaces the previous Time Bias Corrected Divisional Temperature-Precipitation Drought Index. The new divisional data set (NClimDiv) is based on the...",Unknown,https://catalog.data.gov/dataset/noaa-monthly-u-s-climate-divisional-database-nclimdiv1
"Age-by-Race Specific Crime Rates, 1965-1985:  [United States]",Department of Justice —These data examine the effects on total crime rates of changes in the demographic composition of the population and changes in criminality of specific age and race...,Unknown,https://catalog.data.gov/dataset/age-by-race-specific-crime-rates-1965-1985-united-states-b16aa
Grocery Store Locations,District of Columbia —This dataset was originally created in 2012 by the Office of the Chief Technology Officer. OCTO staff used the Alcoholic Beverage and Cannabis Administration’s (ABCA)...,Unknown,https://catalog.data.gov/dataset/grocery-store-locations
Zip Codes,"District of Columbia —Zip Codes (5-digit). The dataset polygons represent location and attributes of zip codes, created as part of the DC Geographic Information System (DC GIS) for the D.C....",Unknown,https://catalog.data.gov/dataset/zip-codes-9b9fd
Subcontracting Network (SUBNet) System,Small Business Administration —SUBNet is a platform administered by SBA for other-than-small businesses (aka large businesses) that have Federal contracts with small business subcontracting plans...,Unknown,https://catalog.data.gov/dataset/subcontracting-network-subnet-system
Graduation results for Cohorts 2012 to 2019 (Classes of 2016 to 2023),City of New York —This report includes Graduation Outcomes as calculated by the New York State Education Department. The New York State calculation method was first adopted for the...,Unknown,https://catalog.data.gov/dataset/graduation-results-for-cohorts-2012-to-2019-classes-of-2016-to-2023
Tracking Data for Pacific Walrus (Odobenus rosmarus divergens),"Department of the Interior —This data release includes 2 child items with tracking data for Pacific walrus, a marine mammal that ranges between the Alaska Peninsula, up through the Bering and...",Unknown,https://catalog.data.gov/dataset/tracking-data-for-pacific-walrus-odobenus-rosmarus-divergens
RACT/BACT/LAER Clearninghouse (RBLC),"U.S. Environmental Protection Agency —OAR's RACT, BACT, LAER Clearinghouse (RBLC) data asset contains summary information on selected air permitting actions from EPA, state, and local permitting agencies...",Unknown,https://catalog.data.gov/dataset/ract-bact-laer-clearninghouse-rblc
Demographics,"Lake County, Illinois —Lake County, Illinois Demographic Data. Explanation of field attributes: Total Population – The entire population of Lake County. White – Individuals who are of...",Unknown,https://catalog.data.gov/dataset/demographics-0be32
Comparison of 2006-2008 and 2008-2010 NSDUH Substate Region Estimates,U.S. Department of Health & Human Services —This report compares 2006 to 2008 an d2008 to 2010 National Survey on Drug Use and Health (NSDUH) estimates among persons aged 12 or older by 362 substate regions...,Unknown,https://catalog.data.gov/dataset/comparison-of-2006-2008-and-2008-2010-nsduh-substate-region-estimates
Supply Chain GHG Emission Factors for US Commodities and Industries v1.1,U.S. Environmental Protection Agency —Tables presenting supply chain and margin emission factors and data quality scores for US commodities and industries calculated from USEEIO models at two levels of...,Unknown,https://catalog.data.gov/dataset/supply-chain-ghg-emission-factors-for-us-commodities-and-industries-v1-1
U.S. Climate Normals 2020: U.S. Monthly Climate Normals (1991-2020),"National Oceanic and Atmospheric Administration, Department of Commerce —The Monthly Climate Normals for 1991 to 2020 are 30-year averages of meteorological parameters that provide users the information needed to understand typical climate...",Unknown,https://catalog.data.gov/dataset/u-s-climate-normals-2020-u-s-monthly-climate-normals-1991-20201
Global Coral Bleaching Database (NCEI Accession 0228498),"National Oceanic and Atmospheric Administration, Department of Commerce —Coral reefs are one of the most important ecosystems in the world, supporting hundreds of thousands of species and providing food, coastal protection, and income to...",Unknown,https://catalog.data.gov/dataset/global-coral-bleaching-database-ncei-accession-0228498
Integrated Surface Dataset (Global) (Version Superseded),"National Oceanic and Atmospheric Administration, Department of Commerce —This version has been superseded by a newer version. It is highly recommended for users to access the current version. Users should only access this superseded...",Unknown,https://catalog.data.gov/dataset/integrated-surface-dataset-global-version-superseded
Census Data,"Department of Housing and Urban Development —The Bureau of the Census has released Census 2000 Summary File 1 (SF1) 100-Percent data. The file includes the following population items: sex, age, race, Hispanic or...",Unknown,https://catalog.data.gov/dataset/census-data
2022_MusicCensus_Details,City of Austin —The 2022 Music Census Details is the underlying dataset for the 2022 Music Census administered by Sound Music Cities. This data is comprehensive of the respondent...,Unknown,https://catalog.data.gov/dataset/2022-musiccensus-details
Appendices for PFAS Destruction by a Hazardous Waste Incinerator: Testing Results,"U.S. Environmental Protection Agency —This dataset contains the Appendices to EPA report EPA/600/R-25/172, ""PFAS Destruction by a Hazardous Waste Incinerator: Testing Results."" The report summarizes the...",Unknown,https://catalog.data.gov/dataset/appendices-for-pfas-destruction-by-a-hazardous-waste-incinerator-testing-results
Employee Payroll,"Cook County of Illinois —Employee payroll data for all Cook County employees excluding Forest Preserves, indicating amount of base salary paid to an employee during the County fiscal quarter....",Unknown,https://catalog.data.gov/dataset/employee-payroll
Job Openings and Labor Turnover Survey,"U.S. Department of Labor Bureau of Labor Statistics —The Job Openings and Labor Turnover Survey (JOLTS) program provides national estimates of rates and levels for job openings, hires, and total separations. Total...",Unknown,https://catalog.data.gov/dataset/job-openings-and-labor-turnover-survey-ac52c
"USDA National Nutrient Database for Standard Reference Dataset for What We Eat In America, NHANES (Survey-SR)","Department of Agriculture —The dataset, Survey-SR, provides the nutrient data for assessing dietary intakes from the national survey What We Eat In America, National Health and Nutrition...",Unknown,https://catalog.data.gov/dataset/usda-national-nutrient-database-for-standard-reference-dataset-for-what-we-eat-in-america--37895
Permanent Employment Certification (PERM) Program Historical Data,Department of Labor —This dataset includes data that the Employment and Training Administration's Office of Foreign Labor Certification (OFLC) collected from Permanent Employment...,Unknown,https://catalog.data.gov/dataset/permanent-employment-certification-perm-program-historical-data
Global Surface Summary of the Day - GSOD,"National Oceanic and Atmospheric Administration, Department of Commerce —Global Surface Summary of the Day is derived from The Integrated Surface Hourly (ISH) dataset. The ISH dataset includes global data obtained from the USAF Climatology...",Unknown,https://catalog.data.gov/dataset/global-surface-summary-of-the-day-gsod1
DCLDE 2026: Killer whale (Orcinus orca) ecotype and other species annotations for the Detection Classification Localization and Density Estimate (DCLDE) conference in 2026,"National Oceanic and Atmospheric Administration, Department of Commerce —Killer whales (Orcinus orca) exhibit significant ecological and genetic diversity, with three primary sympatric ecotypes in the Northeast Pacific: Resident, Biggâs...",Unknown,https://catalog.data.gov/dataset/dclde-2026-killer-whale-orcinus-orca-ecotype-and-other-species-annotations-for-the-detecti-2026
CDC WONDER: Mortality - Multiple Cause of Death,U.S. Department of Health & Human Services —The Mortality - Multiple Cause of Death data on CDC WONDER are county-level national mortality and population data spanning the years 1999-2009. Data are based on...,Unknown,https://catalog.data.gov/dataset/cdc-wonder-mortality-multiple-cause-of-death
"TIGER/Line Shapefile, 2023, Nation, U.S., International Boundaries (national)","U.S. Census Bureau, Department of Commerce —The international boundary data featured in this shapefile consists of the boundary between the United States and Canada and the United States and Mexico. Each...",Unknown,https://catalog.data.gov/dataset/tiger-line-shapefile-2023-nation-u-s-international-boundaries-national
Tax Exempt Organization Search,Department of the Treasury —The IRS Tax Exempt Organization Search tool allows users to find information about an organization's tax-exempt status under the Internal Revenue Code and its tax...,Unknown,https://catalog.data.gov/dataset/tax-exempt-organization-search
U.S. 15 Minute Precipitation Data,"National Oceanic and Atmospheric Administration, Department of Commerce —U.S. 15 Minute Precipitation Data is digital data set DSI-3260, archived at the National Climatic Data Center (NCDC). This is precipitation data. The primary source...",Unknown,https://catalog.data.gov/dataset/u-s-15-minute-precipitation-data3
Allegheny County Property Assessments,"Allegheny County / City of Pittsburgh / Western PA Regional Data Center —Real Property parcel characteristics for Allegheny County, PA. Includes information pertaining to land, values, sales, abatements, and building characteristics (if...",Unknown,https://catalog.data.gov/dataset/allegheny-county-property-assessments
Prime Meridian,"National Oceanic and Atmospheric Administration, Department of Commerce —The Prime Meridian is the meridian (line of longitude) at which the longitude is defined to be 0 degrees. The Prime Meridian and its opposite, the Antimeridian (at...",Unknown,https://catalog.data.gov/dataset/prime-meridian
MTA Subway Origin-Destination Ridership Estimate: Beginning 2025,State of New York —This dataset provides an estimate of subway travel patterns based on scaled-up OMNY and MetroCard return swipe data. It provides estimated passenger volumes for all...,Unknown,https://catalog.data.gov/dataset/mta-subway-origin-destination-ridership-estimate-beginning-2025
National Drug Code Directory,"U.S. Department of Health & Human Services —The Drug Listing Act of 1972 requires registered drug establishments to provide the Food and Drug Administration (FDA) with a current list of all drugs manufactured,...",Unknown,https://catalog.data.gov/dataset/national-drug-code-directory
Veterans Affairs Surgical Quality Improvement Program (VASQIP),Department of Veterans Affairs —The Veterans Affairs Surgical Quality Improvement Program (VASQIP) database resides in the VA National Surgery Office (NSO) and is a quality assurance activity-...,Unknown,https://catalog.data.gov/dataset/veterans-affairs-surgical-quality-improvement-program-vasqip
Uranium Location Database,"U.S. Environmental Protection Agency —A GIS compiled locational database in Microsoft Access of ~15,000 mines with uranium occurrence or production, primarily in the western United States. The metadata...",Unknown,https://catalog.data.gov/dataset/uranium-location-database
Public School Locations 2021-22,Department of Education —The National Center for Education Statistics' (NCES) Education Demographic and Geographic Estimate (EDGE) program develops annually updated point locations (latitude...,Unknown,https://catalog.data.gov/dataset/public-school-locations-2021-22-5a116
School Neighborhood Poverty Estimates - Current,Department of Education —The 2020-2021 School Neighborhood Poverty Estimates are based on school locations from the 2020-2021 Common Core of Data (CCD) school file and income data from...,Unknown,https://catalog.data.gov/dataset/school-neighborhood-poverty-estimates-current-eb8bb
NRCS Field Office Technical Guide (eFOTG),"Department of Agriculture —Technical guides are the primary scientific references for NRCS. They contain technical information about the conservation of soil, water, air, and related plant and...",Unknown,https://catalog.data.gov/dataset/efotg
CDC WONDER: Births,"U.S. Department of Health & Human Services —The Births (Natality) online databases in CDC WONDER report birth rates, fertility rates and counts of live births occurring within the United States to U.S....",Unknown,https://catalog.data.gov/dataset/cdc-wonder-births-de22b
Housing Affordability Data System (HADS),Department of Housing and Urban Development —The Housing Affordability Data System (HADS) is a set of files derived from the 1985 and later national American Housing Survey (AHS) and the 2002 and later Metro...,Unknown,https://catalog.data.gov/dataset/housing-affordability-data-system-hads
CollectionNational Incident-Based Reporting System (NIBRS) Series,Department of Justice —Investigator(s): United States Department of Justice. Federal Bureau of Investigation The National Incident-Based Reporting System (NIBRS) series is a component part...,Unknown,https://catalog.data.gov/dataset/national-incident-based-reporting-system-nibrs-series-e45c2
autism prevalence studies,U.S. Department of Health & Human Services —This data table provides a collection of information from peer-reviewed autism prevalence studies. Information reported from each study includes the autism prevalence...,Unknown,https://catalog.data.gov/dataset/autism-prevalence-studies
"U.S. Food Waste Flows Between Sectors, 2018 v1.3.2",U.S. Environmental Protection Agency —These Flow-By-Sector (FBS) datasets capture food waste flows between waste-generating sectors and waste management pathways. The sectors are generally North American...,Unknown,https://catalog.data.gov/dataset/u-s-food-waste-flows-between-sectors-2018-v1-3-2
Safe Drinking Water Information System (SDWIS),U.S. Environmental Protection Agency —The Safe Drinking Water Information System (SDWIS) contains information about public water systems and their violations of EPA's drinking water regulations.,Unknown,https://catalog.data.gov/dataset/safe-drinking-water-information-system-sdwis
Noise Complaints,"Montgomery County of Maryland —This dataset contains information on the Noise complaints initiated by citizens through 311 or web form. Update Frequency - Daily, Monday-Friday",Unknown,https://catalog.data.gov/dataset/noise-complaints
Tax Rates by Motor Fuel and State,"Department of Transportation —Tax rates on motor fuel by type and state from the U.S. Department of Transportation's Federal Highway Administrations' Monthly Motor Fuel Report, available at:...",Unknown,https://catalog.data.gov/dataset/tax-rates-by-motor-fuel-and-state
MTA Subway Hourly Ridership: Beginning 2025,State of New York —This dataset provides subway ridership estimates on an hourly basis by subway station complex and class of fare payment.,Unknown,https://catalog.data.gov/dataset/mta-subway-hourly-ridership-beginning-2025
Farm Programs Payments,"Department of Agriculture —Payments made by the Department of Agriculture, Farm Service Agency to US agricultural producers participating in Farm Bill programs including commodity, price...",Unknown,https://catalog.data.gov/dataset/farm-programs-payments
School Nutrition Programs – Meal Reimbursement Information – Program Year 2016-2017,City of Austin —About the Agency The Texas Department of Agriculture administers 12 U.S. Department of Agriculture nutrition programs in Texas including the National School Lunch...,Unknown,https://catalog.data.gov/dataset/school-nutrition-programs-meal-reimbursement-information-program-year-2016-2017
MTA Subway Major Incidents: 2020-2024,"State of New York —Major Incidents are incidents that delay 50 or more trains, which cause the most disruption to customers.",Unknown,https://catalog.data.gov/dataset/mta-subway-major-incidents-beginning-2020
Trademark Application XML (1884 - Present),"Department of Commerce —Pending and registered trademark text data (no images) to include word mark, serial number, registration number, filing date, registration date, goods and services,...",Unknown,https://catalog.data.gov/dataset/trademark-application-xml-1884-present-a3c48
NOAA Next Generation Radar (NEXRAD) Level 2 Base Data,"National Oceanic and Atmospheric Administration, Department of Commerce —This dataset consists of Level II weather radar data collected from Next-Generation Radar (NEXRAD) stations located in the contiguous United States, Alaska, Hawaii,...",Unknown,https://catalog.data.gov/dataset/noaa-next-generation-radar-nexrad-level-2-base-data2
National Register of Historic PlacesNGDA,Department of the Interior —The National Register geospatial dataset is intended to be a comprehensive inventory of all cultural resources that are listed on the National Register of Historic...,Unknown,https://catalog.data.gov/dataset/national-register-of-historic-places-44dda
Food Expenditure Series,"Department of Agriculture —The ERS Food Expenditure Series annually measures total U.S. food expenditures, including purchases by consumers, governments, businesses, and nonprofit...",Unknown,https://catalog.data.gov/dataset/food-expenditure-series
ASTER Global DEMNGDA,"National Aeronautics and Space Administration —ASTER is capable of collecting in-track stereo using nadir- and aft-looking near infrared cameras. Since 2001, these stereo pairs have been used to produce single-...",Unknown,https://catalog.data.gov/dataset/aster-global-dem
2013 EPA Vessels General Permit (VGP),"U.S. Environmental Protection Agency —Information for any vessel that submitted a Notice of Intent (NOI), Notice of Termination (NOT), or annual report under EPA's 2013 Vessel General Permit (VGP). Search...",Unknown,https://catalog.data.gov/dataset/2013-epa-vessels-general-permit-vgp
AH Cumulative Provisional COVID-19 Death Counts by Place of Death and Age Group from 2/1/2020 to 7/18/2020,"U.S. Department of Health & Human Services —Deaths involving coronavirus disease 2019 (COVID-19) and pneumonia reported to NCHS by jurisdiction of occurrence, place of death, and age group.",Unknown,https://catalog.data.gov/dataset/provisional-covid-19-death-counts-by-place-of-death-and-age-group
JPL Small Body Database Search Engine,National Aeronautics and Space Administration —Use this search engine to generate custom tables of orbital and/or physical parameters for all asteroids and comets (or a specified sub-set) in our small-body...,Unknown,https://catalog.data.gov/dataset/jpl-small-body-database-search-engine
Rare Earth Element Occurrences in the United States,"Department of the Interior —Version 4.0 of this data release provides descriptions of more than 200 mineral districts, mines, and mineral occurrences (deposits, prospects, and showings) within...",Unknown,https://catalog.data.gov/dataset/rare-earth-element-occurrences-in-the-united-states
Farmers Markets Directory and Geographic Data,"Department of Agriculture —Longitude and latitude, state, address, name, and zip code of Farmers Markets in the United States",Unknown,https://catalog.data.gov/dataset/farmers-markets-directory-and-geographic-data
2011-12 Estimations for Enrollment Civil Rights Data Collection,"Department of Education —This set of Excel files contains data for all states on overall enrollment, enrollment of students served under IDEA, enrollment of students served under Section 504,...",Unknown,https://catalog.data.gov/dataset/2011-12-estimations-for-enrollment-civil-rights-data-collection
2015-16 Advanced Placement Total Enrollment Estimations,"Department of Education —This Excel file contains student enrollment in Advanced Placement for all states. There are three spreadsheets: total students, male students, and female students.",Unknown,https://catalog.data.gov/dataset/2015-16-advanced-placement-total-enrollment-estimations-1a9ac
Electricity Data: Plant Level Data Application Programming Interface (API),"Department of Energy —This API provides data on electric fuel consumption, fuel consumption, and net generation at the plant level. Annual, quarterly, and monthly data available. Based on...",Unknown,https://catalog.data.gov/dataset/electricity-data-plant-level-data-application-programming-interface-api
"The EPA Automotive Trends Report: Greenhouse Gas Emissions, Fuel Economy, and Technology since 1975",U.S. Environmental Protection Agency —This annual report is part of the U.S. Environmental Protection Agency's (EPA) commitment to provide the public with information about new light-duty vehicle...,Unknown,https://catalog.data.gov/dataset/the-epa-automotive-trends-report-greenhouse-gas-emissions-fuel-economy-and-technology-sinc
Local Area Unemployment Statistics (LAUS),State of California —The Local Area Unemployment Statistics (LAUS) program is a Federal-State cooperative effort in which monthly estimates of total employment and unemployment are...,Unknown,https://catalog.data.gov/dataset/local-area-unemployment-statistics-laus
Low-Income Energy Affordability Data - LEAD Tool - 2022 Update,Department of Energy —The Low-Income Energy Affordability Data (LEAD) Tool was created by the Better Building's Clean Energy for Low Income Communities Accelerator (CELICA) to help state...,Unknown,https://catalog.data.gov/dataset/low-income-energy-affordability-data-lead-tool-2022-update
New Market Tax Credits,City of New Orleans —The federal New Markets Tax Credit Program (NMTC Program) helps economically distressed communities attract private investment capital by providing investors with a...,Unknown,https://catalog.data.gov/dataset/new-market-tax-credits
All FDA Recalls,U.S. Department of Health & Human Services —Contains data for FDA recalls from 2009 through the present.,Unknown,https://catalog.data.gov/dataset/all-fda-recalls
Compilation of Geospatial Data (GIS) for the Mineral Industries and Related Infrastructure of Africa,Department of the Interior —This geodatabase reflects the U.S. Geological Survey’s (USGS) ongoing commitment to its mission of understanding the nature and distribution of global mineral...,Unknown,https://catalog.data.gov/dataset/compilation-of-geospatial-data-gis-for-the-mineral-industries-and-related-infrastructure-o
Watershed Boundary Dataset (WBD) - USGS National Map Downloadable Data CollectionNGDA,Department of the Interior —The Watershed Boundary Dataset (WBD) is a comprehensive aggregated collection of hydrologic unit data consistent with the national criteria for delineation and...,Unknown,https://catalog.data.gov/dataset/watershed-boundary-dataset-wbd-usgs-national-map-downloadable-data-collection
Public Assistance Funded Projects Details,"Department of Homeland Security —The Public Assistance (PA) Funded Projects Details dataset contains a list of funded (obligated) PA projects, called project worksheets. Unobligated projects (still...",Unknown,https://catalog.data.gov/dataset/public-assistance-funded-projects-details-nemis
CollectionNational Intimate Partner and Sexual Violence Survey (NISVS) Series,"Department of Justice —The National Intimate Partner and Sexual Violence Survey (NISVS) is an ongoing nationally representative survey that assessed experiences of sexual violence,...",Unknown,https://catalog.data.gov/dataset/national-intimate-partner-and-sexual-violence-survey-nisvs-series-7e78b
"Production, Supply, and Distribution Database","Department of Agriculture —Official USDA data on production, supply, and distribution of agricultural commodities for the United States and key producing and consuming countries.",Unknown,https://catalog.data.gov/dataset/production-supply-and-distribution-database
Recidivism: Beginning 2008,State of New York —Represents return status within three years of release among incarcerated individuals released to the community during a particular calendar year. Each data record...,Unknown,https://catalog.data.gov/dataset/recidivism-beginning-2008
"Provisional COVID-19 death counts and rates by month, jurisdiction of residence, and demographic characteristics","U.S. Department of Health & Human Services —This file contains COVID-19 death counts and rates by month and year of death, jurisdiction of residence (U.S., HHS Region) and demographic characteristics (sex, age,...",Unknown,https://catalog.data.gov/dataset/provisional-covid-19-death-counts-and-rates-by-month-jurisdiction-of-residence-and-demogra
Visible Human Project,"U.S. Department of Health & Human Services —The NLM Visible Human Project® has created publicly-available complete, anatomically detailed, three-dimensional representations of a human male body and a human...",Unknown,https://catalog.data.gov/dataset/visible-human-project-867fb
CACFP Adult Day Care - 2021-2022 Meal and Snack Count,"City of Austin —Total breakfast, lunch, supper, and snacks served by Child and Adult Care Food Program (CACFP) sites participating as Adult Day Care centers for program year 2021-2022.",Unknown,https://catalog.data.gov/dataset/cacfp-adult-day-care-2021-2022-meal-and-snack-count
Most- Recent- Cohorts- Scorecard- Elements,"State of Washington —The College Scorecard is designed to increase transparency, putting the power in the hands of the public — from those choosing colleges to those improving college...",Unknown,https://catalog.data.gov/dataset/most-recent-cohorts-scorecard-elements
Wi-Fi and Bluetooth I/Q Recordings in the 2.4 GHz and 5 GHz Bands with Low-Cost Software Defined Radios,National Institute of Standards and Technology —This dataset consists of baseband in-phase/quadrature (I/Q) radio frequency recordings of Wi-Fi and Bluetooth radiated emissions in the 2.4 GHz and 5 GHz unlicensed...,Unknown,https://catalog.data.gov/dataset/wi-fi-and-bluetooth-i-q-recordings-in-the-2-4-ghz-and-5-ghz-bands-with-low-cost-software-d
Drug Establishments Current Registration Site,U.S. Department of Health & Human Services —The Drug Establishments Current Registration Site (DECRS) is a database of current information submitted by drug firms to register establishments (facilities) which...,Unknown,https://catalog.data.gov/dataset/drug-establishments-current-registration-site
NCHS - Teen Birth Rates for Age Group 15-19 in the United States by County,"U.S. Department of Health & Human Services —This data set contains estimated teen birth rates for age group 15–19 (expressed per 1,000 females aged 15–19) by county and year. DEFINITIONS Estimated teen birth...",Unknown,https://catalog.data.gov/dataset/nchs-teen-birth-rates-for-age-group-15-19-in-the-united-states-by-county
Yellowstone National Park Tract and Boundary Data,Department of the Interior —These ESRI shape files are of National Park Service tract and boundary data that was created by the Land Resources Division. Tracts are numbered and created by the...,Unknown,https://catalog.data.gov/dataset/yellowstone-national-park-tract-and-boundary-data
Protected Areas Database of the United States (PAD-US)NGDA,Department of the Interior —This is series-level metadata for the USGS Protected Areas Database of the United States (PAD-US) data released by the United States Geological Survey (USGS). PAD-US...,Unknown,https://catalog.data.gov/dataset/protected-areas-database-of-the-united-states-pad-us
NCUA Natural Person 5300 Call Report Data,National Credit Union Administration NCUA —Quarterly posting of publicly available financial performance data for federally insured credit unions based on their quarterly Call Report filings. The Call Report...,Unknown,https://catalog.data.gov/dataset/publicly-available-financial-performance-data-for-federally-insured-credit-unions-1cd9f
RxNorm,U.S. Department of Health & Human Services —RxNorm provides normalized names for clinical drugs and links its names to many of the drug vocabularies commonly used in pharmacy management and drug interaction...,Unknown,https://catalog.data.gov/dataset/rxnorm-3180d
Carrier,"Department of Transportation —This is a ""daily difference"" dataset. See dataset attachment ""FMCSA Dataset Description and Data Definitions - Select Datasets"" for more information. Records for...",Unknown,https://catalog.data.gov/dataset/carrier
Motor Vehicle Collisions - Vehicles,City of New York —The Motor Vehicle Collisions vehicle table contains details on each vehicle involved in the crash. Each row represents a motor vehicle involved in a crash. The data...,Unknown,https://catalog.data.gov/dataset/motor-vehicle-collisions-vehicles
"Common Core of Data (CCD) - School Nonfiscal Data Files and Documentation, 2018-19","Department of Education —The primary purpose of the CCD is to provide basic information on public elementary and secondary schools, local education agencies (LEAs), and state education...",Unknown,https://catalog.data.gov/dataset/common-core-of-data-ccd-school-nonfiscal-data-files-and-documentation-2018-19-63ff0
An example data set for exploration of Multiple Linear Regression,Department of the Interior —This data set contains example data for exploration of the theory of regression based regionalization. The 90th percentile of annual maximum streamflow is provided as...,Unknown,https://catalog.data.gov/dataset/an-example-data-set-for-exploration-of-multiple-linear-regression
NYC Open Data Help Desk: Public Dataset Requests,City of New York —This dataset contains the list of dataset nominations submitted to the NYC Open Data team.,Unknown,https://catalog.data.gov/dataset/nyc-open-data-public-dataset-requests
"United States Drought Monitor, 2000-2016",U.S. Department of Health & Human Services —This dataset provides data at the county level for the contiguous United States. It includes weekly United States Drought Monitor (USDM) data from 2000-2016 provided...,Unknown,https://catalog.data.gov/dataset/united-states-drought-monitor-2000-2016
U.S. Climate Normals 2020: U.S. Daily Climate Normals (1991-2020),"National Oceanic and Atmospheric Administration, Department of Commerce —The Daily Climate Normals for 1991 to 2020 are 30-year averages of meteorological parameters that provide users the information needed to understand typical climate...",Unknown,https://catalog.data.gov/dataset/u-s-climate-normals-2020-u-s-daily-climate-normals-1991-20202
National Parks,Department of Transportation —The National Parks dataset is frequently updated by the National Park Service (NPS) and is part of the U.S. Department of Transportation (USDOT)/Bureau of...,Unknown,https://catalog.data.gov/dataset/national-parks3
NIST Handprinted Forms and Characters - NIST Special Database 19,Department of Commerce —Special Database 19 contains NIST's entire corpus of training materials for handprinted document and character recognition. It publishes Handprinted Sample Forms from...,Unknown,https://catalog.data.gov/dataset/nist-handprinted-forms-and-characters-nist-special-database-19
Divvy Trips,"City of Chicago —This lists individual Divvy bike sharing trips, including the origin, destination, and timestamps for each trip. Trips are included when there is an starting and end...",Unknown,https://catalog.data.gov/dataset/divvy-trips
Locations of Docked Bikeshare Stations by System and Year,Department of Transportation —Latitude and longitude for docked bikeshare stations by system and year. Data can be used to see the changes in the locations of docked bikeshare stations over time...,Unknown,https://catalog.data.gov/dataset/locations-of-docked-bikeshare-stations-by-system-and-year
Housing Tenure and Costs - Seattle Neighborhoods,"City of Seattle —Table from the American Community Survey (ACS) 5-year series on housing tenure and cost related topics for City of Seattle Council Districts, Comprehensive Plan...",Unknown,https://catalog.data.gov/dataset/housing-tenure-and-costs-seattle-neighborhoods
Unemployment Rate by Age Groups,"State of California —This dataset contains non-seasonally adjusted California Unemployment Rate by age groups, from the Current Population Survey (CPS). The age group ranges are as...",Unknown,https://catalog.data.gov/dataset/unemployment-rate-by-age-groups
"Global Distribution of Selected Mines, Deposits, and Districts of Critical Minerals","Department of the Interior —The point and polygon layers within this geodatabase present the global distribution of selected mineral resource features (deposits, mines, districts, mineral...",Unknown,https://catalog.data.gov/dataset/global-distribution-of-selected-mines-deposits-and-districts-of-critical-minerals
State of Iowa Salary Book,"State of Iowa —The dataset contains the name, gender, county or city of residence (when possible), official title, total salary received during each fiscal year, base salary for...",Unknown,https://catalog.data.gov/dataset/state-of-iowa-salary-book
National Hydrography Dataset (NHD) - USGS National Map Downloadable Data CollectionNGDA,Department of the Interior —The National Hydrography Dataset (NHD) is a feature-based database that interconnects and uniquely identifies the stream segments or reaches that make up the nation's...,Unknown,https://catalog.data.gov/dataset/national-hydrography-dataset-nhd-usgs-national-map-downloadable-data-collection
FSIS - FoodKeeper Data,Department of Agriculture —FSIS’ FoodKeeper application educates users about food and beverages storage to help them maximize the freshness and quality of these items. By helping users...,Unknown,https://catalog.data.gov/dataset/fsis-foodkeeper-data
Violence Reduction - Victims of Homicides and Non-Fatal Shootings,"City of Chicago —This dataset contains individual-level homicide and non-fatal shooting victimizations, including homicide data from 1991 to the present, and non-fatal shooting data...",Unknown,https://catalog.data.gov/dataset/violence-reduction-victims-of-homicides-and-non-fatal-shootings
Database of Short Genetic Variations (dbSNP),"U.S. Department of Health & Human Services —Database of Short Genetic Variations (dbSNP) contains human single nucleotide variations, microsatellites, and small-scale insertions and deletions along with...",Unknown,https://catalog.data.gov/dataset/dbsnp-database-of-short-genetic-variations
"Gage Height, Turbidity, and Acoustic Backscatter Data Collected During Experimental Sediment Release from Willwood Dam on the Shoshone River in Park County, Wyoming, April 11-13, 2023","Department of the Interior —The Willwood Working Group Two of Wyoming conducted an experimental sediment release from Willwood Dam from April 11-13, 2023. The experiment involved opening sluice...",Unknown,https://catalog.data.gov/dataset/gage-height-turbidity-and-acoustic-backscatter-data-collected-during-experimental-sedim-13
NYPD Hate Crimes,City of New York —Dataset containing confirmed hate crime incidents in NYC,Unknown,https://catalog.data.gov/dataset/nypd-hate-crimes
NCRN Bird Monitoring Data 2007 - 2017,Department of the Interior —These data represent the first ten years of data collection (2007-2016) on avian abundance/density and distribution in the National Capital Region as part of the...,Unknown,https://catalog.data.gov/dataset/ncrn-bird-monitoring-data-2007-2017
Staffing For Adequate Fire And Emergency Response (SAFER) Grant Recipients,Department of Homeland Security —The Staffing for Adequate Fire and Emergency Response Grants (SAFER) was created to provide funding directly to fire departments and volunteer firefighter interest...,Unknown,https://catalog.data.gov/dataset/staffing-for-adequate-fire-and-emergency-response-safer-grant-recipients
"Hospital Emergency Department - Diagnosis, Procedure, and External Cause Codes","State of California —This dataset contains statewide counts for every diagnosis, procedure, and external cause of injury/morbidity code reported on the hospital emergency department data....",Unknown,https://catalog.data.gov/dataset/hospital-emergency-department-diagnosis-procedure-and-external-cause-codes-d0450
Computational Photography Project for Pill Identification (C3PI),U.S. Department of Health & Human Services —The Computational Photography Project for Pill Identification (C3PI) was sunset in 2018. No new images will be added to the collection. Identifiers for pills will not...,Unknown,https://catalog.data.gov/dataset/computational-photography-project-for-pill-identification-c3pi-82201
Heart Disease Mortality Data Among US Adults (35+) by State/Territory and County – 2021-2023,"U.S. Department of Health & Human Services —2021 to 2023, 3-year average. Rates are age-standardized. County rates are spatially smoothed. The data can be viewed by sex and racial/ethnic group. Data source:...",Unknown,https://catalog.data.gov/dataset/heart-disease-mortality-data-among-us-adults-35-by-state-territory-and-county-2021-2023
Selected Online Casino Gaming Data,"State of Connecticut —Notes: (1) Monthly payments are due to the State by the 15th of the following month. (2) The operation of the online casino gaming began on October 12, 2021. (3) This...",Unknown,https://catalog.data.gov/dataset/selected-online-casino-gaming-data
United States Stateplane Zones - NAD83,"Earth Data Analysis Center, University of New Mexico —U.S. State Plane Zones (NAD 1983) represents the State Plane Coordinate System (SPCS) Zones for the 1983 North American Datum within United States.",Unknown,https://catalog.data.gov/dataset/united-states-stateplane-zones-nad83
Real Estate Across the United States (REXUS) Inventory (Building),"General Services Administration —Real Estate Across the United States (REXUS) is the primary tool used by PBS to track and manage the government's real property assets and to store inventory data,...",Unknown,https://catalog.data.gov/dataset/real-estate-across-the-united-states-rexus-inventory-building
"TIGER/Line Shapefile, 2020, Nation, U.S., 2020 Census Urban Area","U.S. Census Bureau, Department of Commerce —The TIGER/Line shapefiles and related database files (.dbf) are an extract of selected geographic and cartographic information from the U.S. Census Bureau's Master...",Unknown,https://catalog.data.gov/dataset/tiger-line-shapefile-2020-nation-u-s-2020-census-urban-area
U.S. Life Expectancy at Birth by State and Census Tract - 2010-2015,"U.S. Department of Health & Human Services —This dataset includes estimates of U.S. life expectancy at birth by state and census tract for the period 2010-2015 (1). Estimates were produced for 65,662 census...",Unknown,https://catalog.data.gov/dataset/u-s-life-expectancy-at-birth-by-state-and-census-tract-2010-2015
American Housing Survey (AHS),"Department of Housing and Urban Development —The AHS is the largest, regular national housing sample survey in the United States. The U.S. Census Bureau conducts the AHS to obtain up-to-date housing statistics...",Unknown,https://catalog.data.gov/dataset/american-housing-survey-ahs
Public Library Survey (PLS) 2013,"Institute of Museum and Library Services —Data Files – CSV and SAS; Geospatial Data Files (ESRI Shapefile, GeoJSON, KML); Documentation; Annual Report; Supplementary Tables; Data Element Definitions; and News...",Unknown,https://catalog.data.gov/dataset/public-library-survey-pls-2013
Citywide Payroll Data (Fiscal Year),City of New York —Data is collected because of public interest in how the City’s budget is being spent on salary and overtime pay for all municipal employees. Data is input into the...,Unknown,https://catalog.data.gov/dataset/citywide-payroll-data-fiscal-year
Public Land Survey System Quarter Sections (Feature Layer),"Department of Agriculture —This Quarter Section feature class depicts PLSS Second Divisions . PLSS townships are subdivided in a spatial hierarchy of first, second, and third division. These...",Unknown,https://catalog.data.gov/dataset/public-land-survey-system-quarter-sections-feature-layer-e14be
MTA General Transit Feed Specification (GTFS) Static Data,"State of New York —This data contains schedules and associated data for NYCT Subway, NYCT Bus, MTA Bus, LIRR, and Metro-North in GTFS Static format: --Station / bus stop locations...",Unknown,https://catalog.data.gov/dataset/mta-general-transit-feed-specification-gtfs-static-data
Hotels,"District of Columbia —The dataset contains locations and attributes of Hotels, created as part of the DC Geographic Information System (DC GIS) for the D.C. Office of the Chief Technology...",Unknown,https://catalog.data.gov/dataset/hotels
Public Library Survey (PLS) 2010,Institute of Museum and Library Services —Data Files – CSV and SAS; Documentation; Annual Report; State Profiles; Fact Sheet; Supplementary Tables; Data Element Definitions; and News Release.,Unknown,https://catalog.data.gov/dataset/public-library-survey-pls-2010
Migration Corridors of Mule Deer in Methow Herd in Washington,"Department of the Interior —The Methow mule deer (Odocoileus hemionus) sub-herd is part of the larger West Okanogan herd, the largest migratory mule deer herd in Washington State. Individuals...",Unknown,https://catalog.data.gov/dataset/migration-corridors-of-mule-deer-in-methow-herd-in-washington
King County Parcel Viewer,"King County, Washington —Parcel Viewer makes searching for King County parcel information easy. You can search by address, search by parcel number, or you can just zoom in on the map and...",Unknown,https://catalog.data.gov/dataset/king-county-parcel-viewer
1.08 Crash Data Report (detail),City of Tempe —Please note that 2025 data are incomplete and will be updated as additional records become available. Data are complete through 12/31/2024. Fatal and serious injury...,Unknown,https://catalog.data.gov/dataset/1-08-crash-data-report-detail-498c3
Landsat 8,"National Aeronautics and Space Administration —The Operational Land Imager (OLI) and Thermal Infrared Sensor (TIRS) are onboard the Landsat 8 satellite, have acquired images of the Earth since February 2013. The...",Unknown,https://catalog.data.gov/dataset/landsat-8
Shark Incident Database - California,"State of California —The dataset includes information on the date, time, location, water depth, human activity, injury (if any), species of shark, and source information. For latest...",Unknown,https://catalog.data.gov/dataset/shark-incident-database-california-56167
Call Center Metrics for the Health Service System,"City of San Francisco —This dataset captures monthly data from HSS' phone system and includes metrics pertaining to Calls Answered, Average Speed of Answer, Abandonment Rate, In-person...",Unknown,https://catalog.data.gov/dataset/call-center-metrics-for-the-health-service-system
County-level Data Sets,"Department of Agriculture —Socioeconomic indicators like the poverty rate, population change, unemployment rate, and education levels vary across the nation. ERS has compiled the latest data on...",Unknown,https://catalog.data.gov/dataset/county-level-data-sets
Building Footprints,"District of Columbia —Building structures include parking garages, ruins, monuments, and buildings under construction along with residential, commercial, industrial, apartment, townhouses,...",Unknown,https://catalog.data.gov/dataset/building-footprints-d97ff
National Vulnerability Database,National Institute of Standards and Technology —Security automation reference data is currently housed within the National Vulnerability Database (NVD). The NVD is the U.S. Government repository of security...,Unknown,https://catalog.data.gov/dataset/national-vulnerability-database-8ebf8
National Inventory of Dams (NID),"Army Corps of Engineers, Department of the Army, Department of Defense —Congress first authorized the U.S. Army Corps of Engineers (USACE) to inventory dams in the United States with the National Dam Inspection Act (Public Law 92-367) of...",Unknown,https://catalog.data.gov/dataset/national-inventory-of-dams-nid
National Water Quality Data,"U.S. Environmental Protection Agency —Water quality data. This dataset is associated with the following publication: Papenfus, M., B. Schaeffer, A. Pollard, and K. Loftin. Exploring the potential value of...",Unknown,https://catalog.data.gov/dataset/national-water-quality-data
Campaign Finance Summary,State of Washington —This data set contains a summary of information about candidate campaigns and political committees by election year. For candidate campaigns and single-year/election...,Unknown,https://catalog.data.gov/dataset/campaign-finance-summary
Commercial Buildings Energy Consumption Survey,"Department of Energy —The Commercial Buildings Energy Consumption Survey (CBECS) is a national sample survey that collects information on the stock of U.S. commercial buildings, their...",Unknown,https://catalog.data.gov/dataset/commercial-buildings-energy-consumption-survey
Surficial geology of Africa (geo7_2ag),Department of the Interior —Surficial geology (geo7_2ag).,Unknown,https://catalog.data.gov/dataset/surficial-geology-of-africa-geo7-2ag
Employee Salaries - 2024,"Montgomery County of Maryland —Annual salary information including gross pay and overtime pay for all active, permanent employees of Montgomery County, MD paid in calendar year 2024. This...",Unknown,https://catalog.data.gov/dataset/employee-salaries-2024
MTA Bus Mean Distance Between Failures: Beginning 2015,State of New York —Mean Distance Between Failures reports how frequently bus mechanical problems cause delays.,Unknown,https://catalog.data.gov/dataset/metropolitan-transportation-authority-mta-bus-mean-distance-between-failures-beginning-201
Debt to the Penny,Department of the Treasury —The Debt to the Penny dataset provides information about the total outstanding public debt and is reported each day. Debt to the Penny is made up of intragovernmental...,Unknown,https://catalog.data.gov/dataset/debt-to-the-penny
USEEIO Models with Import Emission Factors for Greenhouse Gases for 2017-2022 from EXIOBASE coupled model,U.S. Environmental Protection Agency —These data are fully described in the associated EPA report. The Import Shares (ISs) are provided in a single Excel file covering all years. The Import Emission...,Unknown,https://catalog.data.gov/dataset/useeio-models-with-import-emission-factors-for-greenhouse-gases-for-2017-2022-from-exiobas
Consumer Airfare Report: Table 5 - Detailed Fare Information For Highest and Lowest Fare Markets Under 750 Miles,"Department of Transportation —Provides detailed fare information for highest and lowest fare markets under 750 miles. For a more complete explanation, please read the introductory information at...",Unknown,https://catalog.data.gov/dataset/consumer-airfare-report-table-5-detailed-fare-information-for-highest-and-lowest-fare-mark
"Title I Part A Performance, Participation, and Funding Data","Department of Education —Performance, participation, and funding data related to Title 1, Part A. Data from SY 2010-11 onward.",Unknown,https://catalog.data.gov/dataset/title-i-part-a-performance-participation-and-funding-data-797ae
Lottery Cash 4 Life Winning Numbers: Beginning 2014,State of New York —Go tohttp://on.ny.gov/1xRIvPzon the New York Lottery website for past Cash 4 Life results and payouts.,Unknown,https://catalog.data.gov/dataset/lottery-cash-4-life-winning-numbers-beginning-2014
NYPD Complaint Data Historic,"City of New York —This dataset includes all valid felony, misdemeanor, and violation crimes reported to the New York City Police Department (NYPD) from 2006 to the end of last year...",Unknown,https://catalog.data.gov/dataset/nypd-complaint-data-historic
AIS Vessel Tracks 2024,"National Oceanic and Atmospheric Administration, Department of Commerce —A vessel track shows the location and characteristics of commercial and recreational boats as a sequence of positions transmitted by an Automatic Identification...",Unknown,https://catalog.data.gov/dataset/ais-vessel-tracks-2024
Consumer Airfare Report: Table 1a - All U.S. Airport Pair Markets,"Department of Transportation —Available only on the web, provides information for airport pair markets rather than city pair markets. This table only lists airport markets where the origin or...",Unknown,https://catalog.data.gov/dataset/consumer-airfare-report-table-1a-all-u-s-airport-pair-markets
Electric Vehicle Charging Stations,"Town of Cary, North Carolina —This dataset contains session details from publicly available, Town-owned electric vehicle charging stations. The dataset does not include the EV charging station...",Unknown,https://catalog.data.gov/dataset/electric-vehicle-charging-stations-dc120
CollectionNational Survey of College Graduates,"National Science Foundation —The National Survey of College Graduates is a repeated cross-sectional biennial survey that provides data on the nation's college graduates, with a focus on those in...",Unknown,https://catalog.data.gov/dataset/national-survey-of-college-graduates
Petroleum Data: Prices Application Programming Interface (API),"Department of Energy —Prices of petroleum products and crude oil. Weekly, monthly, and annual data available. Users of the EIA API are required to obtain an API Key via this registration...",Unknown,https://catalog.data.gov/dataset/petroleum-data-prices-application-programming-interface-api
Public Library Survey (PLS) 2011,Institute of Museum and Library Services —Data Files – CSV and SAS; Documentation and User Note; Annual Report; Research Brief; Supplementary Tables; State Profiles; Fact Sheet; and Data Element Definitions.,Unknown,https://catalog.data.gov/dataset/public-library-survey-pls-2011
U.S. Annual/Seasonal Climate Normals (1981-2010),"National Oceanic and Atmospheric Administration, Department of Commerce —The U.S. Annual Climate Normals for 1981 to 2010 are 30-year averages of meteorological parameters that provide users with many tools to understand typical climate...",Unknown,https://catalog.data.gov/dataset/u-s-annual-seasonal-climate-normals-1981-20103
Monthly Modal Time Series,Department of Transportation —Modal Service data and Safety & Security (S&S) public transit time series data delineated by transit/agency/mode/year/month. Includes all Full Reporters--...,Unknown,https://catalog.data.gov/dataset/monthly-modal-time-series
Retail Food Stores,State of New York —A listing of all retail food stores which are licensed by the Department of Agriculture and Markets.,Unknown,https://catalog.data.gov/dataset/retail-food-stores
"TIGER/Line Shapefile, 2019,  nation, U.S., Primary Roads National ShapefileNGDA","U.S. Census Bureau, Department of Commerce —The TIGER/Line shapefiles and related database files (.dbf) are an extract of selected geographic and cartographic information from the U.S. Census Bureau's Master...",Unknown,https://catalog.data.gov/dataset/tiger-line-shapefile-2019-nation-u-s-primary-roads-national-shapefile
SuperTracker - source code and foods database,"Department of Agriculture —SuperTracker was an online tool offered by USDA (2011-2018) that helped users track diet, physical activity and weight. SuperTracker provided a personalized plan...",Unknown,https://catalog.data.gov/dataset/supertracker-source-code-and-foods-database
ENERGY STAR Certified Computers,"U.S. Environmental Protection Agency —Certified models meet all ENERGY STAR requirements as listed in the Version 8.0 ENERGY STAR Program Requirements for Computers that are effective as of October 15,...",Unknown,https://catalog.data.gov/dataset/energy-star-certified-version-8-0-computers
National Space Science Data Center Master Catalog,"National Aeronautics and Space Administration —The National Space Science Data Center serves as the permanent archive for NASA space science mission data. 'Space science' means astronomy and astrophysics, solar...",Unknown,https://catalog.data.gov/dataset/national-space-science-data-center-master-catalog
"COVID-19 Daily Counts of Cases, Hospitalizations, and Deaths","City of New York —Daily count of NYC residents who tested positive for SARS-CoV-2, who were hospitalized with COVID-19, and deaths among COVID-19 patients. Note that this dataset...",Unknown,https://catalog.data.gov/dataset/covid-19-daily-counts-of-cases-hospitalizations-and-deaths
Giovanni,"National Aeronautics and Space Administration —Giovanni is a Web-based application developed by the GES DISC that provides a simple and intuitive way to visualize, analyze, and access vast amounts of Earth science...",Unknown,https://catalog.data.gov/dataset/giovanni
CollectionInternational Energy Data - All Energy,"Department of Energy —This API provides international data on energy sources (e.g., coal, electricity, natural gas, petroleum, coal, renewables) and activities (e.g., consumption, imports,...",Unknown,https://catalog.data.gov/dataset/international-energy-data-all-energy
"August 1976 Moro Gulf, Philippines Images","National Oceanic and Atmospheric Administration, Department of Commerce —On August 16, 1976, at 16:11:07 UTC, a magnitude (Mw) 8.0 earthquake shook Mindanao Island in the Philippines. It caused a destructive tsunami in the Celebes Sea that...",Unknown,https://catalog.data.gov/dataset/august-1976-moro-gulf-philippines-images2
Average Residential Retail Propane Prices by Region: Beginning 1997,State of New York —The Average Residential Retail Propane Prices dataset provides New York residents and businesses with objective information on average residential retail propane...,Unknown,https://catalog.data.gov/dataset/average-residential-retail-propane-prices-by-region-beginning-1997-4888e
Percent Change in Consumer Spending,"State of Connecticut —Aggregated and anonymized purchase data from consumer credit and debit card spending. Spending is reported based on the ZIP code where the cardholder lives, not the...",Unknown,https://catalog.data.gov/dataset/percent-change-in-consumer-spending-january-2020-through-the-present
Parking Violations Issued - Fiscal Year 2024,"City of New York —This dataset provides data on Parking Violations Issued between July 1, 2023 to June 30, 2024. In New York City, the fiscal year begins on July 1st of one calendar...",Unknown,https://catalog.data.gov/dataset/parking-violations-issued-fiscal-year-2021
FS National Forests Dataset (US Forest Service Proclaimed Forests)NGDA,Department of Agriculture —The FS National Forests Dataset (US Forest Service Proclaimed Forests) is a depiction of the boundaries encompassing the National Forest System (NFS) lands within the...,Unknown,https://catalog.data.gov/dataset/fs-national-forests-dataset-us-forest-service-proclaimed-forests-2c16c
The NOAA NCEI Global Marine Microplastics Data Collection (1972-present),"National Oceanic and Atmospheric Administration, Department of Commerce —Microplastics (i.e., plastics measuring less than 5mm) pollution is a growing problem affecting coastal communities, marine ecosystems, aquatic life, and human...",Unknown,https://catalog.data.gov/dataset/the-noaa-ncei-global-marine-microplastics-data-collection-1972-present
Commercial and Residential Hourly Load Profiles for all TMY3 Locations in the United States,"Department of Energy —Note: This dataset has been superseded by the dataset found at ""End-Use Load Profiles for the U.S. Building Stock"" (submission 4520; linked in the submission...",Unknown,https://catalog.data.gov/dataset/commercial-and-residential-hourly-load-profiles-for-all-tmy3-locations-in-the-united-state-bbc75
County-level cumulative environmental quality associated with cancer incidence.,"U.S. Environmental Protection Agency —Population based cancer incidence rates were abstracted from National Cancer Institute, State Cancer Profiles for all available counties in the United States for...",Unknown,https://catalog.data.gov/dataset/county-level-cumulative-environmental-quality-associated-with-cancer-incidence
Public Library Survey (PLS) 2017,"Institute of Museum and Library Services —Data Files – CSV, SAS, and SPSS; Documentation; Annual Report (Volumes 1 and 2); Research Brief; Supplementary Tables; State Profiles; and News Releases.",Unknown,https://catalog.data.gov/dataset/public-library-survey-pls-2017
Food Allergies,"Department of Agriculture —Created in collaboration with the Institute of Child Nutrition, this series of fact sheets provide an overview of food allergies, the top 8 food allergies, how to...",Unknown,https://catalog.data.gov/dataset/food-allergies
Soil Survey Geographic Database (SSURGO)NGDA,Department of Agriculture —This dataset is a digital soil survey and generally is the most detailed level of soil geographic data developed by the National Cooperative Soil Survey. The...,Unknown,https://catalog.data.gov/dataset/soil-survey-geographic-database-ssurgo-a3a65
City and County Commercial Building Inventories,"Department of Energy —The Commercial Building Inventories provide modeled data on commercial building type, vintage, and area for each U.S. city and county. Please note this data is...",Unknown,https://catalog.data.gov/dataset/city-and-county-commercial-building-inventories-010d2
Public Airports,"Earth Data Analysis Center, University of New Mexico —This data set is a vector point digital data structure that contains the locations of General Public Use Airports in the State of New Mexico. It only contains those...",Unknown,https://catalog.data.gov/dataset/public-airports
Basketball Court Points,City of Seattle —Basketball Courts maintained by Seattle Parks and Recreation.Refresh Cycle: WeeklyFeature Class: DPR.BasketballCourts,Unknown,https://catalog.data.gov/dataset/basketball-court-points
Producer Price Index,U.S. Department of Labor Bureau of Labor Statistics —The Producer Price Index (PPI) is a family of indexes that measures the average change over time in selling prices received by domestic producers of goods and...,Unknown,https://catalog.data.gov/dataset/producer-price-index-89292
National Mine Map Repository Mine Locations,Department of the Interior —The National Mine Map Repository (NMMR) maintains point locations for mines appearing on maps within its archive. This dataset is intended to help connect the Office...,Unknown,https://catalog.data.gov/dataset/national-mine-map-repository-mine-locations
AIS data,"National Oceanic and Atmospheric Administration, Department of Commerce —Automatic identification system (AIS) data are used to identify and track vessels for various purposes (primarily navigational safety). These data can be used to...",Unknown,https://catalog.data.gov/dataset/ais-data2
Insurance complaints: All data,"City of Austin —► The Texas Department of Insurance (TDI) handles complaints against people and organizations licensed by TDI, such as companies, agents, and adjusters. To learn...",Unknown,https://catalog.data.gov/dataset/insurance-complaints-all-data
SPD Crime Data: 2008-Present,"City of Seattle —The Seattle Police Department (SPD) replaced its Records Management System (RMS) in May 2019. To preserve data quality and continuity between systems (2008-Present),...",Unknown,https://catalog.data.gov/dataset/spd-crime-data-2008-present-c0edb
High School Longitudinal Study of 2009,Department of Education —The High School Longitudinal Study of 2009 (HSLS:09) is part of the High School Longitudinal Study (HSLS) program. HSLS:09 (https://nces.ed.gov/surveys/hsls09/) is a...,Unknown,https://catalog.data.gov/dataset/high-school-longitudinal-study-of-2009-af1b6
Food Inspections,"City of Chicago —This information is derived from inspections of restaurants and other food establishments in Chicago from January 1, 2010 to the present. Inspections are performed by...",Unknown,https://catalog.data.gov/dataset/food-inspections
"Global Summary of the Month (GSOM), Version 1","National Oceanic and Atmospheric Administration, Department of Commerce —This Global Summaries dataset, known as GSOM for Monthly, contains a monthly resolution of meteorological elements from 1763 to present with updates applied weekly....",Unknown,https://catalog.data.gov/dataset/global-summary-of-the-month-gsom-version-12
TWM quadrant sightings by month 1999-2022,"National Oceanic and Atmospheric Administration, Department of Commerce —The primary goal of the Southern Resident Killer Whale (SRKW) Sightings Dashboard is to provide a resource for individuals and organizations to determine appropriate...",Unknown,https://catalog.data.gov/dataset/twm-quadrant-sightings-by-month-1999-20221
Premarket Notifications (510(k)s),U.S. Department of Health & Human Services —Medical device manufacturers are required to submit a premarket notification or 510(k) if they intend to introduce a device into commercial distribution for the first...,Unknown,https://catalog.data.gov/dataset/premarket-notifications-510ks
BUTTER-E - Energy Consumption Data for the BUTTER Empirical Deep Learning Dataset,Department of Energy —The BUTTER-E - Energy Consumption Data for the BUTTER Empirical Deep Learning Dataset adds node-level energy consumption data from watt-meters to the primary sweep of...,Unknown,https://catalog.data.gov/dataset/butter-e-energy-consumption-data-for-the-butter-empirical-deep-learning-dataset
Foreign Exchange Rates,Board of Governors of the Federal Reserve System —The H.10 weekly release contains daily rates of exchange of major currencies against the U.S. dollar. The data are noon buying rates in New York for cable transfers...,Unknown,https://catalog.data.gov/dataset/foreign-exchange-rates
U.S. Counties FIPS Layer,"Department of Energy —This dataset, which represents county Federal Information Processing System (FIPS) codes for each county as a raster, is utilized by reVX to compute setbacks...",Unknown,https://catalog.data.gov/dataset/u-s-counties-fips-layer
2011-12 Discipline Estimations for Nation and by State Civil Rights Data Collection,"Department of Education —This set of Excel files contains data for all disciplinary actions, presented for the nation and by state. For the nation and each state, there are three...",Unknown,https://catalog.data.gov/dataset/2011-12-discipline-estimations-for-nation-and-by-state-civil-rights-data-collection
USGS National Geologic Map Database CollectionNGDA,"Department of the Interior —The National Geologic Map Database (NGMDB) is a Congressionally mandated national archive of geoscience maps, reports, and stratigraphic information. The Geologic...",Unknown,https://catalog.data.gov/dataset/usgs-national-geologic-map-database-collection
Voting Precincts,City of New Orleans —Boundaries of Orleans Parish voting precincts as defined by the New Orleans City Charter. New Orleans voting precincts are drawn according to the New Orleans Home...,Unknown,https://catalog.data.gov/dataset/voting-precincts-89e6e
Affordable Housing,"District of Columbia —Affordable housing production and preservation projects are managed by the Department of Housing and Community Development (DHCD), the Deputy Mayor for Planning and...",Unknown,https://catalog.data.gov/dataset/affordable-housing
Motor Vehicle Theft - Adam,"City of Austin —The data is sourced from the NIBRS Group A Offense Crimes dataset and covers the period from January 1, 2020, to the end of the most recent complete month. The...",Unknown,https://catalog.data.gov/dataset/motor-vehicle-theft-adam
Cannabis Retail Sales by Week Ending,State of Connecticut —This data set contains preliminary weekly retail sales data for cannabis and cannabis products in both the adult-use cannabis and medical marijuana markets. The data...,Unknown,https://catalog.data.gov/dataset/cannabis-retail-sales-by-week-ending
Current OCM Licenses,State of New York —Dataset of all licensees as well as applicants who have obtained proximity protection for their proposed adult-use retail and medical dispensaries.,Unknown,https://catalog.data.gov/dataset/current-ocm-licenses
"2022 Cartographic Boundary File (SHP), Current County and Equivalent for United States, 1:500,000","U.S. Census Bureau, Department of Commerce —The 2022 cartographic boundary shapefiles are simplified representations of selected geographic areas from the U.S. Census Bureau's Master Address File /...",Unknown,https://catalog.data.gov/dataset/2022-cartographic-boundary-file-shp-current-county-and-equivalent-for-united-states-1-500000
"Inventory of water bottling facilities in the United States, 2024, and select water-use data, 1955-2023 (ver. 2.0, November 2024)","Department of the Interior —An inventory of facilities that bottle water or other beverages containing water (including soft drinks, beer, wine, or spirits) or that manufacture ice was compiled...",Unknown,https://catalog.data.gov/dataset/inventory-of-water-bottling-facilities-in-the-united-states-2024-and-select-water-use-data
NIST Reference Fluid Thermodynamic and Transport Properties Database (REFPROP) Version 9 - SRD 23,National Institute of Standards and Technology —**NOTICE: THIS VERSION OF REFPROP (9.1) has been superseded by Version 10:https://doi.org/10.18434/T4/1502528** NIST Standard Reference Data 23 contains revised...,Unknown,https://catalog.data.gov/dataset/nist-reference-fluid-thermodynamic-and-transport-properties-database-refprop-version-9-srd-92ba8
CollectionVehicle Crash Test Database,"Department of Transportation —The NHTSA Vehicle Crash Test Database contains engineering data measured during various types of research, the New Car Assessment Program (NCAP), and compliance crash...",Unknown,https://catalog.data.gov/dataset/vehicle-crash-test-database
Fails-to-Deliver Data,"Securities and Exchange Commission —This text file contains the date, CUSIP numbers, ticker symbols, issuer name, price, and total number of fails-to-deliver (i.e., the balance level outstanding)...",Unknown,https://catalog.data.gov/dataset/fails-to-deliver-data
"National Survey of Adolescents in the United States, 1995","Department of Justice —The goal of this study was to test specific hypotheses illustrating the relationships among serious victimization experiences, the mental health effects of...",Unknown,https://catalog.data.gov/dataset/national-survey-of-adolescents-in-the-united-states-1995-fdce8
Hospitals,Department of Homeland Security —Homeland Infrastructure Foundation-Level Data (HIFLD) geospatial data sets containing information on Hospitals.,Unknown,https://catalog.data.gov/dataset/hospitals-e60a8
U.S. Department of Education Budget History,"Department of Education —Detailed tables showing the budget history of the U.S. Department of Education from FY 1980 to the FY 2018 President's Budget, by major program, and showing State...",Unknown,https://catalog.data.gov/dataset/u-s-department-of-education-budget-history
FHA Approved Appraisers,"Department of Housing and Urban Development —The Appraisers page provides a list of active FHA-approved appraisers based on location, appraiser name, or license number.",Unknown,https://catalog.data.gov/dataset/fha-approved-appraisers
"Child and Adult Care Food Participation, Meals, and Cost Data",Department of Agriculture —Child and Adult Care Food Participation plays a vital role in improving the quality of day care for children and elderly adults by making care more affordable for...,Unknown,https://catalog.data.gov/dataset/child-and-adult-care-food-participation-meals-and-cost-data
MedPix,"U.S. Department of Health & Human Services —MedPix is a database of patient cases integrating images and textual information. The content material is organized by disease location (organ system), pathology...",Unknown,https://catalog.data.gov/dataset/medpix
Vehicle Fuel Type Count by Zip Code,"State of California —These datasets provide vehicle counts broken down by ZIP code, model year, fuel type, make and duty (light/heavy) of registered vehicles with specific as of dates.",Unknown,https://catalog.data.gov/dataset/vehicle-fuel-type-count-by-zip-code
"Vehicle Miles of Travel by Functional System and State, 1980 - 2023 (VM-2)","Department of Transportation —Annual vehicle miles of travel by functional system for each of the 50 states, DC, and Puerto Rico from the Highway Statistics table VM-2. (Note: In 2009, the Urban...",Unknown,https://catalog.data.gov/dataset/vehicle-miles-of-travel-by-functional-system-and-state-1980-2023-vm-2
NYPD Calls for Service (Year to Date),"City of New York —Calls for Service to NYPD's 911 system This dataset documents entries into the NYPD 911 system, ICAD. The data is collected from the ICAD system which call takers...",Unknown,https://catalog.data.gov/dataset/nypd-calls-for-service
Lease Documents,General Services Administration —GSA provides electronic copies of GSA lease documents for general public viewing. The lease documents are sorted by region and contain GSA Lease Forms and Lease...,Unknown,https://catalog.data.gov/dataset/lease-documents
NYPD Shooting Incident Data (Year To Date),City of New York —List of every shooting incident that occurred in NYC during the current calendar year. This is a breakdown of every shooting incident that occurred in NYC during the...,Unknown,https://catalog.data.gov/dataset/nypd-shooting-incident-data-year-to-date
2020 Census Tracts,State of Oregon —This data layer is an element of the Oregon GIS Framework. The TIGER/Line shapefiles and related database files (.dbf) are an extract of selected geographic and...,Unknown,https://catalog.data.gov/dataset/census-tracts
2012-2020 Greenhouse Gas National- and State-Level Emission Totals by Industry,"U.S. Environmental Protection Agency —These data represent annual greenhouse gas (GHG) emission totals by industry sectors and households for the total U.S. and by state, for years 2012 to 2020. Industry...",Unknown,https://catalog.data.gov/dataset/2012-2020-greenhouse-gas-national-and-state-level-emission-totals-by-industry
10-m Lidar Digital Elevation Model (meters),"Department of the Interior —The 10 m resolution Lidar Digital Elevation Model (DEM) is the primary elevation data product produced and distributed by the National Park Service, Great Smoky...",Unknown,https://catalog.data.gov/dataset/10-m-lidar-digital-elevation-model-meters
Safety Pilot Model Deployment Data,"Department of Transportation —This data were collected during the Safety Pilot Model Deployment (SPMD). The data sets that these entities will provide include basic safety messages (BSM), vehicle...",Unknown,https://catalog.data.gov/dataset/safety-pilot-model-deployment-data
MyPyramid Food Raw Data,"Department of Agriculture —MyPyramid Food Data provides information on the total calories; calories from solid fats, added sugars, and alcohol (extras); MyPyramid food group and subgroup...",Unknown,https://catalog.data.gov/dataset/mypyramid-food-raw-data
Prevailing Wage Program Historical Data,Department of Labor —The historical Prevailing Wage public disclosure data available on the Office of Foreign Labor Certification (OFLC) web page in the Performance Data section. This...,Unknown,https://catalog.data.gov/dataset/prevailing-wage-program-historical-data
"PLACES: Local Data for Better Health, County Data 2024 release","U.S. Department of Health & Human Services —This dataset contains model-based county estimates. PLACES covers the entire United States—50 states and the District of Columbia—at county, place, census tract, and...",Unknown,https://catalog.data.gov/dataset/places-local-data-for-better-health-county-data-2020-release-94305
NOAA NEXt-Generation RADar (NEXRAD) ProductsNGDA,"National Oceanic and Atmospheric Administration, Department of Commerce —This dataset consists of Level III weather radar products collected from Next-Generation Radar (NEXRAD) stations located in the contiguous United States, Alaska,...",Unknown,https://catalog.data.gov/dataset/noaa-next-generation-radar-nexrad-products2
U.S. Monthly Climate Normals (1981-2010),"National Oceanic and Atmospheric Administration, Department of Commerce —The U.S. Monthly Climate Normals for 1981 to 2010 are 30-year averages of meteorological parameters for thousands of U.S. stations located across the 50 states, as...",Unknown,https://catalog.data.gov/dataset/u-s-monthly-climate-normals-1981-20101
Boundaries: US Zip Codes,"City of Austin —The City of Austin provides this zip code dataset for general use, designed to support a variety of research and analysis needs. Please note that while we facilitate...",Unknown,https://catalog.data.gov/dataset/boundaries-us-zip-codes
FDA Adverse Event Reporting System (FAERS): Latest Quartely Data Files,U.S. Department of Health & Human Services —The FDA Adverse Event Reporting System (FAERS) is a database that contains information on adverse event and medication error reports submitted to FDA. The database is...,Unknown,https://catalog.data.gov/dataset/fda-adverse-event-reporting-system-faers-latest-quartely-data-files
Soybean Aphids per Plant Among Soybean Lines Containing Various Rag Genes,Department of Agriculture —The soybean aphid (Aphis glycines) is an insect pest of cultivated soybeans (Glycine max). Several genes with resistance to A. glycines (i.e. Rag genes) have been...,Unknown,https://catalog.data.gov/dataset/soybean-aphids-per-plant-among-soybean-lines-containing-various-rag-genes-43aac
Abandoned Plan Search Database,Department of Labor —This database consists of submissions of abandoned ERISA plans by Qualified Termination Administrators,Unknown,https://catalog.data.gov/dataset/abandoned-plan-search-database-422f4
Opportunity Zones,State of Connecticut —Census tracts designated as Opportunity Zones. Qualified census tracts are those that have a poverty rate of at least 20 percent of a median income that does not...,Unknown,https://catalog.data.gov/dataset/opportunity-zones-74e66
National Epidemiologic Survey on Alcohol and Related Conditions (NESARC) - III,"U.S. Department of Health & Human Services —The National Epidemiologic Survey on Alcohol and Related Conditions - III (NESARC-III) is a nationally representative survey of 46,500 adult Americans that collected...",Unknown,https://catalog.data.gov/dataset/national-epidemiologic-survey-on-alcohol-and-related-conditions-nesarc-iii
Current Employment Statistics (CES),"State of California —The Current Employment Statistics (CES) program is a Federal-State cooperative effort in which monthly surveys are conducted to provide estimates of employment,...",Unknown,https://catalog.data.gov/dataset/current-employment-statistics-ces-5540b
SBA 7(a) and 504 Loan Data Reports,Small Business Administration —SBA 7(a) and 504 loan data reports for loans approved since FY1991.,Unknown,https://catalog.data.gov/dataset/sba-7a-and-504-loan-data-reports
NIST Tables of X-Ray Mass Energy-Absorption Coefficients and Mass Attenuation Coefficients - SRD 126,National Institute of Standards and Technology —Tables of X-Ray Mass Attenuation Coefficients and Mass Energy - Absorption Coefficients from 1 keV to 20 MeV for Elements Z = 1 to 92 and 48 Additional Substances of...,Unknown,https://catalog.data.gov/dataset/nist-tables-of-x-ray-mass-energy-absorption-coefficients-and-mass-attenuation-coefficients-c74d9
Soccer Fields,City of Seattle —Soccer Fields maintained by Seattle Parks and Recreation.This hosted feature layer is published with the following definition query on the DPR.AthleticsFields feature...,Unknown,https://catalog.data.gov/dataset/soccer-fields
Travel Advisories,Department of State —The State Departments issues a Travel Advisory for each country of the world. Travel Advisories follow a consistent format and use plain language to help U.S....,Unknown,https://catalog.data.gov/dataset/travel-alerts-3417f
SSI Recipients by State and County - 2008,"Social Security Administration —An annual statistical report on the Supplemental Security Income program that provides tables on program recipients, federal payments, and federally administered...",Unknown,https://catalog.data.gov/dataset/ssi-recipients-by-state-and-county-2008
Takata Recall,Department of Transportation —Tens of millions of vehicles with Takata air bags are under recall. Long-term exposure to high heat and humidity can cause these air bags to explode when deployed....,Unknown,https://catalog.data.gov/dataset/takata-recall
State Tobacco Related Disparities Dashboard Data,U.S. Department of Health & Human Services —2011–2023. The tobacco disparities dashboard data utilized the Behavioral Risk Factor Surveillance System (BRFSS) data to measure cigarette smoking disparities by...,Unknown,https://catalog.data.gov/dataset/state-tobacco-related-disparities-dashboard-data
Chicago Public Schools - School Progress Reports SY2324,"City of Chicago —2023-2024 school progress report ratings for all Chicago Public Schools, based on 2022-2023 data.",Unknown,https://catalog.data.gov/dataset/chicago-public-schools-school-progress-reports-sy2324
Commercial Landings Data monthly summaries (Dealers),"National Oceanic and Atmospheric Administration, Department of Commerce —This data set contains pounds and value for all seafood products that are landed and sold by established seafood dealers and brokers in the SE Region of the US...",Unknown,https://catalog.data.gov/dataset/commercial-landings-data-monthly-summaries-dealers
Counties,"Department of Transportation —The Counties dataset was updated on October 31, 2023 from the United States Census Bureau (USCB) and is part of the U.S. Department of Transportation (USDOT)/Bureau...",Unknown,https://catalog.data.gov/dataset/counties2
MTA NYCT Safety Data: Beginning 2019,State of New York —This dataset provides insights into safety-related incidents and indicators within New York City Transit (NYCT). NYCT is responsible for overseeing the safety of...,Unknown,https://catalog.data.gov/dataset/mta-nyct-safety-data-beginning-2019
CDC WONDER: Mortality - Infant Deaths,U.S. Department of Health & Human Services —The Mortality - Infant Deaths (from Linked Birth / Infant Death Records) online databases on CDC WONDER provide counts and rates for deaths of children under 1 year...,Unknown,https://catalog.data.gov/dataset/cdc-wonder-mortality-infant-deaths
Time Series: Business Dynamics Statistics,"Department of Commerce —The Business Dynamics Statistics (BDS) is a public use data set providing annual aggregate measures of establishment openings and closings, firm startups and...",Unknown,https://catalog.data.gov/dataset/economic-surveys-business-dynamics-statistics
NOAA Raster Navigational Charts (RNC)NGDA,"National Oceanic and Atmospheric Administration, Department of Commerce —NOAA, National Ocean Service, Office of Coast Survey, Marine Chart Division is responsible to build and maintain a suite of more than 1000 nautical charts that are...",Unknown,https://catalog.data.gov/dataset/noaa-raster-navigational-charts-rnc1
Time Series International Trade: Monthly U.S. Imports by Harmonized System (HS) Code,Department of Commerce —The Census data API provides access to the most comprehensive set of data on current month and cumulative year-to-date imports using the Harmonized System (HS). The...,Unknown,https://catalog.data.gov/dataset/time-series-international-trade-monthly-u-s-imports-by-harmonized-system-hs-code
Sugar-Sweetened Beverage Consumption in California Residents,"State of California —The mean servings/times sugar-sweetened beverages consumed daily by California residents. These data are from the 2013 California Dietary Practices Surveys (CDPS),...",Unknown,https://catalog.data.gov/dataset/sugar-sweetened-beverage-consumption-in-california-residents-69c65
Eyes on the Solar System,National Aeronautics and Space Administration —Eyes on the Solar System is a software package developed by NASA Jet Propulsion Laboratory and the California Institute of Technology using data provided by NASA's...,Unknown,https://catalog.data.gov/dataset/eyes-on-the-solar-system
"Allegheny County Tax Liens (Filings, Satisfactions, and Current Status)","Allegheny County / City of Pittsburgh / Western PA Regional Data Center —Tax liens are a method the government uses to secure an interest in unpaid tax debt. This dataset represents information about county, municipal, school district,...",Unknown,https://catalog.data.gov/dataset/allegheny-county-tax-liens-filings-satisfactions-and-current-status
Amtrak On-Time Performance,Department of Transportation —Customer on-time performance is the percentage of customers who arrive at their detraining stations on time. An Acela train is late when it arrives at a station more...,Unknown,https://catalog.data.gov/dataset/amtrak-on-time-performance
NOPD Body Worn Camera Metadata,City of New Orleans —This dataset represents the metadata related to body worn camera videos recorded by the New Orleans Police Department. This dataset is updated monthly.Disclaimer:...,Unknown,https://catalog.data.gov/dataset/nopd-body-worn-camera-metadata
Forestry Tree Points,City of New York —Record of Forestry tree points for NYC Parks & Recreation. Tree Points and Planting Spaces form the basis of ForMS 2.0’s data inventory and are the core entities...,Unknown,https://catalog.data.gov/dataset/forestry-tree-points
"TIGER/Line Shapefile, 2022, State, New York, NY, Census Tract","U.S. Census Bureau, Department of Commerce —The TIGER/Line shapefiles and related database files (.dbf) are an extract of selected geographic and cartographic information from the U.S. Census Bureau's Master...",Unknown,https://catalog.data.gov/dataset/tiger-line-shapefile-2022-state-new-york-ny-census-tract
2023 Traffic Volume,"District of Columbia —Traffic volume of Roadway Blocks. The dataset contains traffic volume data, created as part of the District of Columbia, Department of Transportation (DDOT) Roads and...",Unknown,https://catalog.data.gov/dataset/2023-traffic-volume
Trade Name,"District of Columbia —If a business or unregistered entity (sole proprietor, general partnership etc.) wishes to do business under a name that is different than their registered name or...",Unknown,https://catalog.data.gov/dataset/trade-name
Tax Lien Sale Lists,"City of New York —Properties with tax and/or water liens that are potentially eligible to be included in the next lien sale.Tax Lien Sale Lists : Properties with tax, water liens and...",Unknown,https://catalog.data.gov/dataset/tax-lien-sale-lists
Motor Vehicle Collisions - Person,"City of New York —The Motor Vehicle Collisions person table contains details for people involved in the crash. Each row represents a person (driver, occupant, pedestrian,...",Unknown,https://catalog.data.gov/dataset/motor-vehicle-collisions-person
Rural-Urban Commuting Area Codes,"Department of Agriculture —The rural-urban commuting area codes (RUCA) classify U.S. census tracts using measures of urbanization, population density, and daily commuting from the decennial...",Unknown,https://catalog.data.gov/dataset/rural-urban-commuting-area-codes
Bedrock geology of the Arabian Peninsula and selected adjacent areas (geo2bg),"Department of the Interior —The data set for this coverage includes arcs, polygons, and polygon labels that outline and describe the general geologic age and type of bedrock of the Arabian...",Unknown,https://catalog.data.gov/dataset/bedrock-geology-of-the-arabian-peninsula-and-selected-adjacent-areas-geo2bg
Forecasting demand data for critical materials,"National Institute of Standards and Technology —Clean energy technologies (e.g., solar, wind, EVs) are vital in our transition to a decarbonized energy grid. Many clean energy technologies rely on critical...",Unknown,https://catalog.data.gov/dataset/forecasting-demand-data-for-critical-materials
Photovoltaic Module Current-Voltage and Electroluminescence Image Data (PV-IV-EL),Department of Energy —This dataset consists of 613 sets of corresponding current-voltage trace (IV) flash test data and electroluminescence (EL) image data for commercial PV modules from...,Unknown,https://catalog.data.gov/dataset/photovoltaic-module-current-voltage-and-electroluminescence-image-data-pv-iv-el
Federal Agency Bureau Codes,Department of Homeland Security —A list of 4-digit GSA federal agency bureau codes used to identify federal agencies. The primary source is the GSA published list.,Unknown,https://catalog.data.gov/dataset/federal-agency-bureau-codes
Electric Power Substations,"National Oceanic and Atmospheric Administration, Department of Commerce —This feature class represents known electric power substations within the continental US and Puerto Rico that are located within 20 miles of the coastline....",Unknown,https://catalog.data.gov/dataset/electric-power-substations2
Gross Outlay Amount By TAS_CPE,U.S. Environmental Protection Agency —The definition for this element appears in Section 20 of OMB Circular A-11 issued June 2015; a brief summary from A-11 appears below. Payments made to liquidate an...,Unknown,https://catalog.data.gov/dataset/gross-outlay-amount-by-tas-cpe
NYC Stormwater Flood Maps,City of New York —A collection of citywide Geographic Information System (GIS) layers that show areas of potential flooding scenarios under varying sea level rise conditions. Please...,Unknown,https://catalog.data.gov/dataset/nyc-stormwater-flood-maps
FDIC Summary of Deposits (SOD) Download File,Federal Deposit Insurance Corporation —The FDIC's Summary of Deposits (SOD) download file contains deposit data for branches and offices of all FDIC-insured institutions. The Federal Deposit Insurance...,Unknown,https://catalog.data.gov/dataset/fdic-summary-of-deposits-sod-download-file
International Macroeconomic Data Set,"Department of Agriculture —The International Macroeconomic Data Set provides data from 1969 through 2030 for real (adjusted for inflation) gross domestic product (GDP), population, real...",Unknown,https://catalog.data.gov/dataset/international-macroeconomic-data-set
Simulated X-ray computed tomography (XCT) and ground truth images of cylindrical sample with randomly distributed spherical pores,National Institute of Standards and Technology —X-ray computed tomography (XCT) datasets with known ground truth pores were developed using realistic XCT simulation. Non-overlapping spherical pores of varying sizes...,Unknown,https://catalog.data.gov/dataset/simulated-x-ray-computed-tomography-xct-and-ground-truth-images-of-cylindrical-sample-with
Vehicle Fuel Economy,"State of California —Vehicle fuel economy and other emissions statistics, fuel/engine/drivetrain types, and other vehicle and costing information.",Unknown,https://catalog.data.gov/dataset/vehicle-fuel-economy
FCC Universal Licensing System (ULS),Federal Communications Commission —The Universal Licensing System allows electronic filing of applications processed by the Commission. The ULS allows you to indicate the application purpose and radio...,Unknown,https://catalog.data.gov/dataset/fcc-universal-licensing-system-uls
Daily Weather Records,"National Oceanic and Atmospheric Administration, Department of Commerce —These daily weather records were compiled from a subset of stations in the Global Historical Climatological Network (GHCN)-Daily dataset. A weather record is...",Unknown,https://catalog.data.gov/dataset/daily-weather-records1
HCUP Fast Stats,U.S. Department of Health & Human Services —Healthcare Cost and Utilization Project (HCUP) Fast Stats provides easy access to the latest HCUP-based statistics for health care information topics. HCUP Fast Stats...,Unknown,https://catalog.data.gov/dataset/hcup-fast-stats
Surgical Site Infections (SSIs) for Operative Procedures in California Hospitals,"State of California —These datasets show surgical site infections (SSIs) reported by California hospitals to the California Department of Public Health (CDPH), Healthcare-Associated...",Unknown,https://catalog.data.gov/dataset/surgical-site-infections-ssis-for-operative-procedures-in-california-hospitals-a6bf6
Monthly Summaries of the Global Historical Climatology Network - Daily (GHCN-D),"National Oceanic and Atmospheric Administration, Department of Commerce —Monthly Summaries of Global Historical Climatology Network (GHCN)-Daily is a dataset derived from GHCN-Daily. The data are produced by computing simple averages or...",Unknown,https://catalog.data.gov/dataset/monthly-summaries-of-the-global-historical-climatology-network-daily-ghcn-d2
US Historic Declination Calculator,"National Oceanic and Atmospheric Administration, Department of Commerce —This programs derives a table of secular change in magnetic declination for a specified point in the conterminous United States. It utilizes the USD polynomial and...",Unknown,https://catalog.data.gov/dataset/us-historic-declination-calculator2
Water Quality Data,"Department of the Interior —Water quality data for the Refuge collected by volunteers collected once every two weeks: Turbidity, pH, Dissolved oxygen (DO), Salinity & Temperature. Sampling...",Unknown,https://catalog.data.gov/dataset/water-quality-data
"Neighborhoods, US, 2017, Zillow, SEGS","U.S. Environmental Protection Agency —This web service depicts nearly 17,000 neighborhood boundaries in over 650 U.S. cities. Zillow created the neighborhood boundaries and is sharing them with the public...",Unknown,https://catalog.data.gov/dataset/neighborhoods-us-2017-zillow-segs10
"2023 Cartographic Boundary File (SHP), County and Equivalent for United States, 1:5,000,000","U.S. Census Bureau, Department of Commerce —The 2023 cartographic boundary shapefiles are simplified representations of selected geographic areas from the U.S. Census Bureau's Master Address File /...",Unknown,https://catalog.data.gov/dataset/2023-cartographic-boundary-file-shp-county-and-equivalent-for-united-states-1-5000000
FSIS - Summary of Recall Cases in Calendar Year,Department of Agriculture —This datasets summarizes and lists all the recalls of meat and poultry products produced by FSIS federally inspected establishments for the calendar year. Recalls are...,Unknown,https://catalog.data.gov/dataset/fsis-summary-of-recall-cases-in-calendar-year
"Table 17. Alcohol Dependence or Abuse in the Past Year among Persons Aged 12 or Older, by State and Substate Region: Percentages, Annual Averages Based on 2008, 2009, and 2010 NSDUHs",U.S. Department of Health & Human Services —This table presents the 2008 to 2010 National Survey on Drug Use and Health (NSDUH) estimates of past year alcohol dependence or abuse by those aged 12 or older by...,Unknown,https://catalog.data.gov/dataset/table-17-alcohol-dependence-or-abuse-in-the-past-year-among-persons-aged-12-or-older-by-st
2010 Census Populations by Zip Code,City of Los Angeles —This data comes from the 2010 Census Profile of General Population and Housing Characteristics. Zip codes are limited to those that fall at least partially within LA...,Unknown,https://catalog.data.gov/dataset/2010-census-populations-by-zip-code
EGS Collab Experiment 1: Accelerometer orientations,Department of Energy —Document describing the methodology used to determine the accelerometers' three-component orientations at the first EGS Collab testbed using Continuous Active-Source...,Unknown,https://catalog.data.gov/dataset/egs-collab-experiment-1-accelerometer-orientations-ab68e
"Common Core of Data (CCD) - District Nonfiscal Data Files and Documentation, 2018-19","Department of Education —The primary purpose of the CCD is to provide basic information on public elementary and secondary schools, local education agencies (LEAs), and state education...",Unknown,https://catalog.data.gov/dataset/common-core-of-data-ccd-district-nonfiscal-data-files-and-documentation-2018-19-64997
Public Libraries,State of Connecticut —The Public Libraries data set aggregates individual library services and finance data to the town level. Public libraries provide free borrowing privileges and...,Unknown,https://catalog.data.gov/dataset/public-libraries-b1aaf
NIST SAMATE Software Assurance Reference Dataset,National Institute of Standards and Technology —This dataset provides the NIST Software Assurance Metrics And Tool Evaluation (SAMATE) Software Assurance Reference Dataset (SARD) - a set of programs with known...,Unknown,https://catalog.data.gov/dataset/nist-samate-software-assurance-reference-dataset-c3be4
Hospital Encounters for Behavioral Health,State of California —This dataset contains counts of inpatient hospitalizations and emergency department visits for patients with Behavioral Health Disorders,Unknown,https://catalog.data.gov/dataset/hospital-encounters-for-behavioral-health-848fa
U.S.-Mexico Incoming Truck Crossings,Department of Transportation —Number of trucks entering the United States from Mexico. The Bureau of Transportation of Statistics releases incoming border crossing statistics using data collected...,Unknown,https://catalog.data.gov/dataset/u-s-mexico-incoming-truck-crossings
Certified Health IT Product List (CHPL),U.S. Department of Health & Human Services —The Certified Health IT Product List (CHPL) is a comprehensive and authoritative listing of all certified Health Information Technology which has been successfully...,Unknown,https://catalog.data.gov/dataset/certified-health-it-product-list-chpl
CollectionAnnual Electricity Price by State,"Department of Energy —Annual data on the average price of retail electricity to consumers. Data organized by U.S. state and by provider, i.e., total electric industry, full-service...",Unknown,https://catalog.data.gov/dataset/annual-electricity-price-by-state
Drinking Water Maximum Contaminant Levels (MCLs),U.S. Environmental Protection Agency —National Primary Drinking Water Regulations (NPDWRs or primary standards) are legally enforceable standards that apply to public water systems. Primary standards...,Unknown,https://catalog.data.gov/dataset/drinking-water-maximum-contaminant-levels-mcls
Cooperative Tagging Center (CTC),"National Oceanic and Atmospheric Administration, Department of Commerce —The Cooperative Tagging Center (CTC) began as the Cooperative Game Fish Tagging Program (GTP) at Woods Hole Oceanographic Institute (WHOI) in 1954. The GTP was...",Unknown,https://catalog.data.gov/dataset/cooperative-tagging-center-ctc
Chicago Traffic Tracker - Congestion Estimates by Segments,"City of Chicago —This dataset contains the current estimated speed for about 1250 segments covering 300 miles of arterial roads. For a more detailed description, please go to...",Unknown,https://catalog.data.gov/dataset/chicago-traffic-tracker-congestion-estimates-by-segments
Baton Rouge Police Crime Incidents,"City of Baton Rouge —Crime incident reports beginning January 1, 2021. Includes records for all crimes such as burglaries (vehicle, residential and non-residential), robberies...",Unknown,https://catalog.data.gov/dataset/baton-rouge-crime-incidents-e00e4
LAPD Calls for Service 2024 to Present,City of Los Angeles —This dataset reflects calls for service incidents in the City of Los Angeles from 2024 to the present. It is as accurate as the database data. Please note questions...,Unknown,https://catalog.data.gov/dataset/lapd-calls-for-service-2024
Diabetes + Hypertension (comorbidity),Allegheny County / City of Pittsburgh / Western PA Regional Data Center —This data set provides de-identified population data for diabetes and hypertension comorbidity prevalence in Allegheny County. The data is provided by three managed...,Unknown,https://catalog.data.gov/dataset/diabetes-hypertension-comorbidity
Entertainment Sports Gambling Restriction Zones,District of Columbia —The “EntertainmentSportsGamblingZones” layer identifies a two-block restriction zone emanating from the gambling entity’s physical location going outward two blocks in...,Unknown,https://catalog.data.gov/dataset/entertainment-sports-gambling-restriction-zones
Consumer Credit,"Board of Governors of the Federal Reserve System —The G.19 Statistical Release, Consumer Credit, reports outstanding credit extended to individuals for household, family, and other personal expenditures, excluding...",Unknown,https://catalog.data.gov/dataset/consumer-credit
"Math And Reading Proficiency in Iowa by School Year, Public School District and Grade Level",State of Iowa —Dataset contains information on Iowa public school districts' academic progress of their students in reading and math annually starting with school year ending in...,Unknown,https://catalog.data.gov/dataset/math-and-reading-proficiency-in-iowa-by-school-year-public-school-district-and-grade-level
TRACI Spatial Eutrophication Characterization Factors_2020-10,"U.S. Environmental Protection Agency —This dataset provides spatially-explicit freshwater and marine eutrophication characterization factors for the TRACI life cycle impact assessment method, as well as...",Unknown,https://catalog.data.gov/dataset/traci-spatial-eutrophication-characterization-factors-2020-10
Vehicle Registrations by Class and County,"State of Washington —This dataset shows counts of transactions associated with authorizing vehicles to be used on public roads, commonly referred to as “buying tabs” or “buying tags”. The...",Unknown,https://catalog.data.gov/dataset/vehicle-registrations-by-class-and-county
BETA - Highway Performance Monitoring System 2023,"Department of Transportation —The BETA release of the Highway Performance Monitoring System (HPMS) 2023 dataset was created using the most current data as of August 17, 2024 by the Federal Highway...",Unknown,https://catalog.data.gov/dataset/beta-highway-performance-monitoring-system-2023
OPM Personality Assessment for Leaders,Office of Personnel Management —The OPM Personality Assessment for Leaders (OPM-PAL) is a developmental assessment designed to assess the personality traits of Federal leaders. The assessment is...,Unknown,https://catalog.data.gov/dataset/opm-personality-assessment-for-leaders-12b0e
USFWS National Wetlands InventoryNGDA,"Department of the Interior —This data set represents the extent, approximate location and type of wetlands and deepwater habitats in the United States and its Territories. These data delineate...",Unknown,https://catalog.data.gov/dataset/usfws-national-wetlands-inventory
Listing of All Businesses,"City of Los Angeles —Listing of all (active and inactive) businesses registered with the Office of Finance. An ""active"" business is defined as a registered business whose owner has not...",Unknown,https://catalog.data.gov/dataset/listing-of-all-businesses
Street Lighting,"City of Baton Rouge —Point geometry with attributes displaying street lighting and utility poles in East Baton Rouge Parish, Louisiana.",Unknown,https://catalog.data.gov/dataset/street-lighting-fb20b
Lidar Point Cloud - USGS National Map 3DEP Downloadable Data CollectionNGDA,Department of the Interior —This data collection of the 3D Elevation Program (3DEP) consists of Lidar Point Cloud (LPC) projects as provided to the USGS. These point cloud files contain all the...,Unknown,https://catalog.data.gov/dataset/lidar-point-cloud-usgs-national-map-3dep-downloadable-data-collection
AirCompare,U.S. Environmental Protection Agency —AirCompare contains air quality information that allows a user to compare conditions in different localities over time and compare conditions in the same location at...,Unknown,https://catalog.data.gov/dataset/aircompare
Feed Grains Database,"Department of Agriculture —The Feed Grains Database contains statistics on four feed grains (corn, grain sorghum, barley, and oats), foreign coarse grains (feed grains plus rye, millet, and...",Unknown,https://catalog.data.gov/dataset/feed-grains-database
Core Based Statistical Areas,"Department of Transportation —The Core Based Statistical Areas dataset was updated on September 25, 2024 from the U.S. Department of Commerce, U.S. Census Bureau, Geography Division and is part of...",Unknown,https://catalog.data.gov/dataset/core-based-statistical-areas1
IPEDS Access Database 2018-19,Department of Education —The Integrated Postsecondary Education Data System (IPEDS) is a system of interrelated surveys conducted annually by the U.S. Department of Education's National...,Unknown,https://catalog.data.gov/dataset/ipeds-access-database-2018-19-47736
"Vacation Rentals (Hotels, B&B, short-term rentals, etc.)","City of New Orleans —A merged dataset of the Hotels, Motels, B&Bs, and Boarding Houses and the Short-Term Rentals datasets.",Unknown,https://catalog.data.gov/dataset/vacation-rentals-hotels-bb-short-term-rentals-etc
Electric Utility Service Territories (polygon),State of Arkansas —This data is a graphic representation of electric utility service territories. The file has not been certified by a Professional Surveyor. This data is not suitable...,Unknown,https://catalog.data.gov/dataset/electric-utility-service-territories-polygon
USGS US Topo Map Collection,"Department of the Interior —Layered geospatial PDF 7.5 Minute Quadrangle Map. Layers of geospatial data include orthoimagery, roads, grids, geographic names, elevation contours, hydrography,...",Unknown,https://catalog.data.gov/dataset/usgs-us-topo-map-collection
CollectionLaw Enforcement Agency Identifiers Crosswalk Series,Department of Justice —Researchers have long been able to analyze crime and law enforcement data at the individual agency level and at the county level using data from the Federal Bureau of...,Unknown,https://catalog.data.gov/dataset/law-enforcement-agency-identifiers-crosswalk-series-c2ecb
Financial Institutions,Federal Deposit Insurance Corporation —This dataset provides a listing of FDIC-insured financial institutions.,Unknown,https://catalog.data.gov/dataset/financial-institutions
Tides and Currents Map: an interactive map of all CO-OPS stationsNGDA,"National Oceanic and Atmospheric Administration, Department of Commerce —This interactive map has many features designed to provide a quick and easy way to find a Center for Operational Oceanographic Products and Services (CO-OPS) station....",Unknown,https://catalog.data.gov/dataset/tides-and-currents-map-an-interactive-map-of-all-co-ops-stations1
"TIGER/Line Shapefile, Current, County, Los Angeles County, CA, All Roads","U.S. Census Bureau, Department of Commerce —This resource is a member of a series. The TIGER/Line shapefiles and related database files (.dbf) are an extract of selected geographic and cartographic information...",Unknown,https://catalog.data.gov/dataset/tiger-line-shapefile-current-county-los-angeles-county-ca-all-roads
Provisional drug overdose death counts for specific drugs,"U.S. Department of Health & Human Services —This data presents counts of provisional drug overdose deaths by selected drugs and U.S. Department of Health and Human Services (HHS) public health regions, based on...",Unknown,https://catalog.data.gov/dataset/provisional-drug-overdose-death-counts-for-specific-drugs
Patient survey (HCAHPS) - Hospital,"U.S. Department of Health & Human Services —A list of hospital ratings for the Hospital Consumer Assessment of Healthcare Providers and Systems (HCAHPS). HCAHPS is a national, standardized survey of hospital...",Unknown,https://catalog.data.gov/dataset/patient-survey-hcahps-hospital-c3309
Hospital Enrollments,U.S. Department of Health & Human Services —The Hospital Enrollments dataset provides enrollment information of all Hospitals currently enrolled in Medicare. This data includes information on the Hospital's...,Unknown,https://catalog.data.gov/dataset/hospital-enrollments-76dd9
South America Geologic Map (geo6ag),Department of the Interior —South America is part of Region 6 (Central and South America) for the World Energy Assessment. The geologic map of South America was digitized so that we could use...,Unknown,https://catalog.data.gov/dataset/south-america-geologic-map-geo6ag
"Prevalence of Selected Measures Among Adults Aged 20 and Over: United States, 1999-2000 through 2017-2018","U.S. Department of Health & Human Services —This data represents the age-adjusted prevalence of high total cholesterol, hypertension, and obesity among US adults aged 20 and over between 1999-2000 to 2017-2018....",Unknown,https://catalog.data.gov/dataset/prevalence-of-selected-measures-among-adults-aged-20-and-over-united-states-1999-2000-2017-42e36
"Homicides in New York City, 1797-1999 [And Various Historical Comparison Sites]","Department of Justice —There has been little research on United States homicide rates from a long-term perspective, primarily because there has been no consistent data series on a...",Unknown,https://catalog.data.gov/dataset/homicides-in-new-york-city-1797-1999-and-various-historical-comparison-sites-f1e29
National Greenhouse Gas Emission Inventory,U.S. Environmental Protection Agency —The National Greenhouse Gas Emission Inventory contains information on direct emissions of greenhouse gases as well as indirect or potential emissions of greenhouse...,Unknown,https://catalog.data.gov/dataset/national-greenhouse-gas-emission-inventory
2020 Uniform Reporting System (URS) Table For Louisiana,U.S. Department of Health & Human Services —This is the 2020 Uniform Reporting System (URS) Output Tables for Louisiana. The URS state reporting system is collected annually to support the Community Mental...,Unknown,https://catalog.data.gov/dataset/2020-uniform-reporting-system-urs-table-for-louisiana
Investigations Database System,US International Trade Commission —This dataset provides an interface to extract a wide variety of metadata for the investigations conducted by the United States International Trade Commission. More...,Unknown,https://catalog.data.gov/dataset/investigations-database-system
Public Company Bankruptcy Cases Opened and Monitored,Securities and Exchange Commission —This file contains a list of the bankruptcy cases for public companies filed under Chapter 11 of the Bankruptcy Code opened and monitored since the fiscal year 2009.,Unknown,https://catalog.data.gov/dataset/public-company-bankruptcy-cases-opened-and-monitored
Austin Animal Center Outcomes (10/01/2013 to 05/05/2025),"City of Austin —Animal Center Outcomes from Oct, 1st 2013 to May 5th 2025. Outcomes represent the status of animals as they leave the Animal Center. All animals receive a unique...",Unknown,https://catalog.data.gov/dataset/austin-animal-center-outcomes
Daily Arrests,Montgomery County of Maryland —This dataset provides the public with arrest information from the Montgomery County Central Processing Unit (CPU) systems. The data presented is derived from every...,Unknown,https://catalog.data.gov/dataset/daily-arrests
Purchase Orders and Contracts,"City of Baton Rouge —Listing of all purchase orders and contracts issued to procure goods and/or services within City-Parish. In the City-Parish, a PO/Contract is made up of two...",Unknown,https://catalog.data.gov/dataset/purchase-orders-and-contracts
Board of Veterans' Appeals Decisions,"Department of Veterans Affairs —The Board of Veterans' Appeals (also known as 'BVA' or 'the Board') is a part of VA, located in Washington, D.C. Members of the Board review benefit claims...",Unknown,https://catalog.data.gov/dataset/board-of-veterans-appeals
"White-nose Syndrome Surveillance and Bat Monitoring Activities in North Coast and Cascades Network Parks, 2016–2024",Department of the Interior —This data package contains National Park Service (NPS) and United States Geological Survey (USGS) white-nose syndrome disease surveillance tabular data collected...,Unknown,https://catalog.data.gov/dataset/white-nose-syndrome-surveillance-and-bat-monitoring-activities-in-north-coast-and-cascades
National Forensic Laboratory Information System (NFLIS) Public Data Sets,Department of Justice —NFLIS data provides the community with midyear and annual reports highlighting trends in seized drug data submitted to and analyzed in laboratories. The tables report...,Unknown,https://catalog.data.gov/dataset/nflis
Bluefin Tuna Commercial Domestic Landings,"National Oceanic and Atmospheric Administration, Department of Commerce —All commercially landed bluefin tuna must be reported to the National Marine Fisheries Service (NMFS) so that NMFS can ensure the fishery stays within the U.S. quota....",Unknown,https://catalog.data.gov/dataset/bluefin-tuna-commercial-domestic-landings1
Unassigned Social Security Numbers,Social Security Administration —Database list of unassigned numbers.,Unknown,https://catalog.data.gov/dataset/unassigned-social-security-numbers
Directory of Eateries,"City of New York —Eateries in in New York City Department of Parks & Recreation properties including snack bars, food carts, mobile food trucks, and restaurants.",Unknown,https://catalog.data.gov/dataset/directory-of-eateries
"Air Quality System (AQS) Monitoring Network, EPA OAR OAQPS",U.S. Environmental Protection Agency —This GIS dataset contains points which depict air quality monitors within EPA's Air Quality System (AQS) monitoring network. This dataset is updated weekly to reflect...,Unknown,https://catalog.data.gov/dataset/air-quality-system-aqs-monitoring-network-epa-oar-oaqps8
Adult Cigarette and Tobacco Use Prevalence,"State of California —This dataset contains two data files: 1) Adult cigarette use prevalence and 2) Adult tobacco use prevalence in California. Tobacco use includes cigarettes, cigars,...",Unknown,https://catalog.data.gov/dataset/adult-cigarette-and-tobacco-use-prevalence-feba5
Access to Jobs and Workers via Transit - Download,U.S. Environmental Protection Agency —A collection of performance indicators and regional benchmarks for consistently comparing neighborhoods (census block groups) across the US in regards to their...,Unknown,https://catalog.data.gov/dataset/access-to-jobs-and-workers-via-transit-download8
Map of Arsenic concentrations in groundwater of the United States,"Department of the Interior —The map graphic image athttps://www.sciencebase.gov/catalog/file/get/63140561d34e36012efa2b7f?name=arsenic_map.pngillustrates arsenic values, in micrograms per...",Unknown,https://catalog.data.gov/dataset/map-of-arsenic-concentrations-in-groundwater-of-the-united-states
DOB Sustainability Compliance Map: Local Law 33,"City of New York —Data used to feed Sustainability Compliance Map. This data comes from the NYC Department of Finance, the US EPA's Portfolio Manager, and grading metric based on...",Unknown,https://catalog.data.gov/dataset/dob-sustainability-compliance-map-local-law-33
Iowa Student Outcomes,"State of Iowa —The growing demand for an educated workforce dictates the need to monitor student outcomes closely throughout student enrollments, progress through different levels...",Unknown,https://catalog.data.gov/dataset/iowa-student-outcomes
Crashes in DC,"District of Columbia —Crashes on the roadway blocks network of Washington, DC maintained by the District Department of Transportation (DDOT). In addition to locations, a related table...",Unknown,https://catalog.data.gov/dataset/crashes-in-dc
Public Library Survey (PLS) 2015,"Institute of Museum and Library Services —Data Files – CSV, SAS, and SPSS; Documentation; Annual Report; State Profiles; Supplementary Tables with User Note; Data Element Definitions; and News Release.",Unknown,https://catalog.data.gov/dataset/public-library-survey-pls-2015
American Community Survey: 1-Year Estimates: Subject Tables 1-Year,Department of Commerce —The American Community Survey (ACS) is a US-wide survey designed to provide communities a fresh look at how they are changing. The ACS replaced the decennial census...,Unknown,https://catalog.data.gov/dataset/american-community-survey-1-year-estimates-subject-tables-1-year-ccc1c
"TIGER/Line Shapefile, Current, State, Ohio, County Subdivision","U.S. Census Bureau, Department of Commerce —This resource is a member of a series. The TIGER/Line shapefiles and related database files (.dbf) are an extract of selected geographic and cartographic information...",Unknown,https://catalog.data.gov/dataset/tiger-line-shapefile-current-state-ohio-county-subdivision
NOAA Continuously Operating Reference Stations (CORS) NetworkNGDA,"National Oceanic and Atmospheric Administration, Department of Commerce —The National Geodetic Survey (NGS), an office of NOAA's National Ocean Service, manages a network of Continuously Operating Reference Stations (CORS) that provide...",Unknown,https://catalog.data.gov/dataset/noaa-continuously-operating-reference-stations-cors-network
Federal Hiring Assessments and Selection Outcome Dataset,"General Services Administration —An Excel export of combined USA Staffing, Monster, Aviator (FAA) Hiring Assessment and Selection Outcome Data from the 24 CFO Act agencies. We believe this data will...",Unknown,https://catalog.data.gov/dataset/federal-hiring-assessments-and-selection-outcome-dataset
Autonomous Vehicle Survey of Bicyclists and Pedestrians in Pittsburgh,"Allegheny County / City of Pittsburgh / Western PA Regional Data Center —In Pittsburgh, Autonomous Vehicle (AV) companies have been testing autonomous vehicles since September 2016. However, the tech is new, and there have been some high-...",Unknown,https://catalog.data.gov/dataset/autonomous-vehicle-survey-of-bicyclists-and-pedestrians-in-pittsburgh
Corporate Registration,District of Columbia —The Department of Licensing and Consumer Protection (DLCP) Business and Professional Licensing Administration Corporations Division serves as the Office of Corporate...,Unknown,https://catalog.data.gov/dataset/corporate-registration-6459e
DOL Enforcement Data - Inspection,Department of Labor —This dataset provides summary information about inspections conducted by OSHA.,Unknown,https://catalog.data.gov/dataset/dol-enforcement-data-inspection
"TIGER/Line Shapefile, 2019,  nation, U.S., Current Metropolitan Statistical Area/Micropolitan Statistical Area (CBSA) National","U.S. Census Bureau, Department of Commerce —The TIGER/Line shapefiles and related database files (.dbf) are an extract of selected geographic and cartographic information from the U.S. Census Bureau's Master...",Unknown,https://catalog.data.gov/dataset/tiger-line-shapefile-2019-nation-u-s-current-metropolitan-statistical-area-micropolitan-statist
EBR Building Permits,City of Baton Rouge —All construction and occupancy permits issued in East Baton Rouge Parish,Unknown,https://catalog.data.gov/dataset/ebr-building-permits
NIJ's Recidivism Challenge Full Dataset,"Department of Justice —NIJ's Recidivism Challenge - Data Provided by Georgia Department of Community Supervision, Georgia Crime Information Center. The Challenge uses data on roughly 26,000...",Unknown,https://catalog.data.gov/dataset/nijs-recidivism-challenge-full-dataset
"Open Data Portal (ODP) Patent File Wrapper (PFW) API (Search, Application Data, Continuity, Documents, Transactions, Patent Term Adjustment (PTA), Address and Attorney/Agent Information, Assignments (Ownership), and Foreign Priority)",Department of Commerce —Search - Conduct a search of all patent application bibliographic/front page and patent relevant data fields. This data is refreshed daily. Use this endpoint if you...,Unknown,https://catalog.data.gov/dataset/open-data-portal-odp-patent-file-wrapper-pfw-api-search-application-data-continuity-docume
Behavioral Risk Factor Surveillance System (BRFSS) Prevalence Data (2011 to present),"U.S. Department of Health & Human Services —2011 to present. BRFSS combined land line and cell phone prevalence data. BRFSS is a continuous, state-based surveillance system that collects information about...",Unknown,https://catalog.data.gov/dataset/behavioral-risk-factor-surveillance-system-brfss-prevalence-data-2011-to-present
CACFP Child Centers - 2021-2022 Meal and Snack Count,"City of Austin —Total breakfast, lunch, supper, and snacks served by Child and Adult Care Food Program (CACFP) participating as Child Care Centers, At-Risk Centers, Head Start,...",Unknown,https://catalog.data.gov/dataset/cacfp-child-centers-2021-2022-meal-and-snack-count
Institutions on Heightened Cash Monitoring,Department of Education —A list of institutions of higher education that have been placed on heightened cash monitoring as a result of compliance issues including but not limited to...,Unknown,https://catalog.data.gov/dataset/institutions-on-heightened-cash-monitoring
HIV/AIDS Cases,"State of California —This data set includes tables on persons living with HIV/AIDS, newly diagnosed HIV cases and all cause deaths in HIV/AIDS cases by gender, age, race/ethnicity and...",Unknown,https://catalog.data.gov/dataset/hiv-aids-cases-5805c
Total Energy Data and Statistics,"Department of Energy —Comprehensive monthly and annual time series on all energy sources. Data on production, consumption, reserves, stocks, prices, imports, and exports. Monthly time...",Unknown,https://catalog.data.gov/dataset/total-energy-data-and-statistics
COVID-19 Case Surveillance Public Use Data,"U.S. Department of Health & Human Services —Beginning March 1, 2022, the ""COVID-19 Case Surveillance Public Use Data"" will be updated on a monthly basis. This case surveillance public use dataset has 12...",Unknown,https://catalog.data.gov/dataset/covid-19-case-surveillance-public-use-data
Geologic map of South Asia (geo8ag),"Department of the Interior —This data set is the digital geologic layer for the map of South Asia. The data set includes arcs, polgons, polygon labels, and attributes for geology, faults,...",Unknown,https://catalog.data.gov/dataset/geologic-map-of-south-asia-geo8ag
U.S. Local Climatological Data (LCD),"National Oceanic and Atmospheric Administration, Department of Commerce —Local Climatological Data (LCD) are summaries of climatological conditions from airport and other prominent weather stations managed by NWS, FAA, and DOD. The product...",Unknown,https://catalog.data.gov/dataset/u-s-local-climatological-data-lcd2
CLEAR,"Department of Homeland Security —CLEAR has public record information and is also used for law enforcement and investigations, including personal identification and financial records, police reports,...",Unknown,https://catalog.data.gov/dataset/clear
"TIGER/Line Shapefile, 2022, Nation, U.S., Military Installation","U.S. Census Bureau, Department of Commerce —The TIGER/Line shapefiles and related database files (.dbf) are an extract of selected geographic and cartographic information from the U.S. Census Bureau's Master...",Unknown,https://catalog.data.gov/dataset/tiger-line-shapefile-2022-nation-u-s-military-installation
Travel and Tourism Satellite Account,"Department of Commerce —The Travel and Tourism Satellite Account measures how much tourists spend and the prices they pay for lodging, airfare, souvenirs, and other travel-related items....",Unknown,https://catalog.data.gov/dataset/travel-and-tourism-satellite-account
Pole Attachments,"City of Austin —This dataset contains information about pole attachments in Austin, TX. The data is maintained by the Arterial Management Division of the City of Austin...",Unknown,https://catalog.data.gov/dataset/pole-attachments
Facility Registry Service (FRS),"U.S. Environmental Protection Agency —The Facility Registry Service (FRS) provides an integrated source of comprehensive (air, water, and waste) environmental information about facilities across EPA,...",Unknown,https://catalog.data.gov/dataset/facility-registry-service-frs
PubMed Central Open Access Subset (PMC OA),"U.S. Department of Health & Human Services —Not all articles in PMC are available for text mining and other reuse, many have copyright protection, however articles in the PMC Open Access Subset are made...",Unknown,https://catalog.data.gov/dataset/pubmed-central-open-access-subset-pmc-oa
State Crash Data,"State of Washington —Crash data are provided by the Washington State Patrol, Washington State Department of Transportation, and the Washington Traffic Safety Commission. These data tools...",Unknown,https://catalog.data.gov/dataset/state-crash-data
Stop Data 2019 to 2022,"District of Columbia —In July 2019, the Metropolitan Police Department (MPD) implemented new data collection methods that enabled officers to collect more comprehensive information about...",Unknown,https://catalog.data.gov/dataset/stop-data-2019-to-2022
2020 Yellow Taxi Trip Data,City of New York —These records are generated from the trip record submissions made by yellow taxi Technology Service Providers (TSPs). Each row represents a single trip in a yellow...,Unknown,https://catalog.data.gov/dataset/2020-yellow-taxi-trip-data-january-june
1/3rd arc-second Digital Elevation Models (DEMs) - USGS National Map 3DEP Downloadable Data CollectionNGDA,Department of the Interior —This is a tiled collection of the 3D Elevation Program (3DEP) and is 1/3 arc-second (approximately 10 m) resolution. The 3DEP data holdings serve as the elevation...,Unknown,https://catalog.data.gov/dataset/1-3rd-arc-second-digital-elevation-models-dems-usgs-national-map-3dep-downloadable-data-co
"Combined wildfire datasets for the United States and certain territories, 1800s-Present","Department of the Interior —First, we would like to thank the wildland fire advisory group. Their wisdom and guidance helped us build the dataset as it currently exists. This dataset is...",Unknown,https://catalog.data.gov/dataset/combined-wildfire-datasets-for-the-united-states-and-certain-territories-1800s-present
"Insurance Company Complaints, Resolutions, Status, and Recoveries","State of Connecticut —Listing of consumer complaints filed against Insurance companies licensed in Connecticut. This dataset includes the Company, Line of Business, nature of complaint,...",Unknown,https://catalog.data.gov/dataset/insurance-company-complaints-resolutions-status-and-recoveries
TTB Public COLA Registry Search and Download – Extract data about COLAs that meet specified search criteria,"Department of the Treasury —Locate, view and download the details associated with approved, expired, surrendered, or revoked Certificate of Label Approvals (COLAs), via the COLA Public Registry.",Unknown,https://catalog.data.gov/dataset/ttb-public-cola-registry-search-and-download-extract-data-about-colas-that-meet-specified--cafd3
HCUP Nationwide Readmissions Database (NRD)- Restricted Access Files,U.S. Department of Health & Human Services —The Healthcare Cost and Utilization Project (HCUP) Nationwide Readmissions Database (NRD) is a unique and powerful database designed to support various types of...,Unknown,https://catalog.data.gov/dataset/healthcare-cost-and-utilization-project-nationwide-readmissions-database-nrd
EMS Incident Dispatch Data,City of New York —The EMS Incident Dispatch Data file contains data that is generated by the EMS Computer Aided Dispatch System. The data spans from the time the incident is created...,Unknown,https://catalog.data.gov/dataset/ems-incident-dispatch-data
Washington State Cities and Counties,"State of Washington —This dataset contains FIPS (Federal Information Processing Standard), GNIS (Geographic Name Information System common) codes for identifying Washington state counties...",Unknown,https://catalog.data.gov/dataset/washington-state-cities-and-counties
FY 2024 Federal Real Property Profile Summary Data by Installation Name,"General Services Administration —A XLSX export of summarized data for all DoD and specified civilian agency assets contained within the FRPP, a government-wide database of executive branch agency...",Unknown,https://catalog.data.gov/dataset/fy-2024-federal-real-property-profile-summary-data-by-installation-name
NSF Award Search Web API,"National Science Foundation —The NSF Award Search web API provides a web API interface to the Research.gov's Research Spending and Results data, which provides NSF research award information from...",Unknown,https://catalog.data.gov/dataset/nsf-award-search-web-api-3f6f4
Oregon Fire Incidents Summary,State of Oregon —This dataset represents all NFIRS incident types submitted by structural firefighting agencies to the Oregon State Fire Marshal's (OSFM) NFIRS database. The dataset...,Unknown,https://catalog.data.gov/dataset/oregon-fire-incidents-summary
"Water withdrawal and consumption estimates for thermoelectric power plants in the United States, 2015 (ver. 1.1, February 2021)","Department of the Interior —This dataset presents water withdrawal estimates, consumption estimates, and associated information for 1,122 water-using, utility-scale thermoelectric power plants...",Unknown,https://catalog.data.gov/dataset/water-withdrawal-and-consumption-estimates-for-thermoelectric-power-plants-in-the-united-s
Crime Incidents,"City of Philadelphia —Crime incidents from the Philadelphia Police Department. Part I crimes include violent offenses such as aggravated assault, rape, arson, among others. Part II crimes...",Unknown,https://catalog.data.gov/dataset/crime-incidents-285df
Regional Air Quality Data,"U.S. Environmental Protection Agency —This asset provides data on regional air quality, including trace level SO2, nitric acid, ozone, carbon monoxide, and NOy; and particulate sulfate, nitrate, and...",Unknown,https://catalog.data.gov/dataset/regional-air-quality-data
Housing Database,City of New York —The NYC Department of City Planning’s (DCP) Housing Database contains all NYC Department of Buildings (DOB) approved housing construction and demolition jobs filed...,Unknown,https://catalog.data.gov/dataset/housing-database
Global Data Assimilation System (GDAS),"National Oceanic and Atmospheric Administration, Department of Commerce —The Global Data Assimilation System (GDAS) is the system used by the Global Forecast System (GFS) model to place observations into a gridded model space for the...",Unknown,https://catalog.data.gov/dataset/global-data-assimilation-system-gdas2
Greenhouse Gas Emissions,Montgomery County of Maryland —The monthly Greenhouse Gas (GHG) emission data represents Montgomery County Facilities and Fleet by month beginning July 2019. Facilities: The Facilities GHG data...,Unknown,https://catalog.data.gov/dataset/greenhouse-gas-emissions
Property Valuation and Assessment Data,City of New York —Real Estate Assessment Property data. The Department of Finance values properties every year as one step in calculating property tax bills.,Unknown,https://catalog.data.gov/dataset/property-valuation-and-assessment-data-db7c2
Noise Data 2020,Department of Transportation —The dataset provides noise data to facilitate the tracking of trends in transportation-related noise. This dataset includes results from simplified noise modeling...,Unknown,https://catalog.data.gov/dataset/noise-data-20201
Private Well Tracking System,State of Iowa —The Iowa Department of Natural Resources oversees the regulation of the construction and renovation of private wells and the plugging of abandoned wells by Certified...,Unknown,https://catalog.data.gov/dataset/private-well-tracking-system
Consumption & Efficiency Data and Statistics,"Department of Energy —Data and statistics on energy consumption in homes, commercial buildings, manufacturing, and transportation. Data released monthly or annually.",Unknown,https://catalog.data.gov/dataset/consumption-efficiency-data-and-statistics
Department of Transportation Inventory of Artificial Intelligence Use Cases,Department of Transportation —This dataset is a list of Department of Transportation (DOT) Artificial Intelligence (AI) use cases. Artificial intelligence (AI) promises to drive the growth of the...,Unknown,https://catalog.data.gov/dataset/department-of-transportation-inventory-of-artificial-intelligence-use-cases
RunwaysNGDA,Department of Transportation —The Runways dataset is updated every 28 days from the Federal Aviation Administration (FAA) and is part of the U.S. Department of Transportation (USDOT)/Bureau of...,Unknown,https://catalog.data.gov/dataset/runways2
Form 5500 FOIA Datasets,"Department of Labor —The Form 5500 Annual Report is the primary source of information about the operations, funding and investments of approximately 800,000 retirement and welfare benefit...",Unknown,https://catalog.data.gov/dataset/form-5500-foia-datasets-3f9af
Supplemental Nutrition Assistance Program Participation and Cost Data,Department of Agriculture —Supplemental Nutrition Assistance Program (SNAP) is the new name for the federal Food Stamp Program. This data set contains participation and cost data for SNAP. The...,Unknown,https://catalog.data.gov/dataset/supplemental-nutrition-assistance-program-participation-and-cost-data
Consumer Expenditure Survey,"U.S. Department of Labor Bureau of Labor Statistics —The Consumer Expenditure Surveys (CE) program provides data on expenditures, income, and demographic characteristics of consumers in the United States. The CE program...",Unknown,https://catalog.data.gov/dataset/consumer-expenditure-survey-dbf32
NYC CV Pilot IE Processed Data,Department of Transportation —This is the EVENT data captured from the New York City CV Pilot project that was processed by the independent evaluators at Volpe. Additional data collected and data...,Unknown,https://catalog.data.gov/dataset/nyc-cv-pilot-ie-processed-data
CLIA Currently Waived Analytes,"U.S. Department of Health & Human Services —This database contains the commercially marketed in vitro test systems categorized as CLIA waived by the FDA since January 31, 2000, and by the Centers for Disease...",Unknown,https://catalog.data.gov/dataset/clia-currently-waived-analytes
Mineral Commodity Summaries 2025 - MINERAL INDUSTRY TRENDS AND SALIENT STATISTICS Data Release,Department of the Interior —This data release contains the U.S. salient statistics and world production data extracted from the tables and figures of the USGS Mineral Commodity Summaries 2025...,Unknown,https://catalog.data.gov/dataset/mineral-commodity-summaries-2025-mineral-industry-trends-and-salient-statistics-data-relea
DC Crime Cards,"District of Columbia —An interactive public crime mapping application providing DC residents and visitors easy-to-understand data visualizations of crime locations, types and trends across...",Unknown,https://catalog.data.gov/dataset/dc-crime-cards
Hospitalization Discharge Rates,"Lake County, Illinois —Hospitalization Discharge Rates in Lake County, Illinois. Explanation of field attributes: Anxiety Disorder - Anxiety disorders are characterized by excessive fear or...",Unknown,https://catalog.data.gov/dataset/hospitalization-discharge-rates-49dd7
Power Outages - Zipcode,State of Maryland —Contains aggregated power outage data by ZIP Code. Limited historical record inventory. Designed for and consumed by the MEMA Power Outage web application.,Unknown,https://catalog.data.gov/dataset/power-outages-zipcode
"Understanding the Causes of School Violence Using Open Source Data, United States, 1990-2016","Department of Justice —This study provides an evidence-based understanding on etiological issues related to school shootings and rampage shootings. It created a national, open-source...",Unknown,https://catalog.data.gov/dataset/understanding-the-causes-of-school-violence-using-open-source-data-united-states-1990-2016-3f99c
National Survey on Drug Use and Health (NSDUH-2014),U.S. Department of Health & Human Services —The National Survey on Drug Use and Health (NSDUH) series (formerly titled National Household Survey on Drug Abuse) primarily measures the prevalence and correlates...,Unknown,https://catalog.data.gov/dataset/national-survey-on-drug-use-and-health-nsduh-2014
Pittsburgh American Community Survey 2014 - Miscellaneous Data,Allegheny County / City of Pittsburgh / Western PA Regional Data Center —Miscellaneous Reports from the 2014 American Community Survey Report,Unknown,https://catalog.data.gov/dataset/pittsburgh-american-community-survey-2014-miscellaneous-data
Form 13F Data Sets,Securities and Exchange Commission —Form 13F was adopted pursuant to statutory directive designed to provide the Commission with data from larger managers about their investment activities and holdings.,Unknown,https://catalog.data.gov/dataset/form-13f-data-sets
911 Performance Dashboard Beta,"District of Columbia —The District’s 911 call center is one of the busiest in the country, historically ranking as the 4th busiest center behind those of New York City, Chicago, and Los...",Unknown,https://catalog.data.gov/dataset/911-performance-dashboard-beta
Sea Level Trends: Sea Level Variations of the United States Derived from National Water Level Observation Network StationsNGDA,"National Oceanic and Atmospheric Administration, Department of Commerce —Water level records are a combination of the fluctuations of the ocean and the vertical land motion at the location of the station. Monthly mean sea level (MSL)...",Unknown,https://catalog.data.gov/dataset/sea-level-trends-sea-level-variations-of-the-united-states-derived-from-national-water-level-ob1
Crime,"Montgomery County of Maryland —Updated daily postings on Montgomery County’s open data website, dataMontgomery, provide the public with direct access to crime statistic databases - including raw...",Unknown,https://catalog.data.gov/dataset/crime
Hazus Data,"Department of Homeland Security —Default Hazus Statewide databases used for baseline risk assessment.rnrnHazus produces a variety of actionable risk information including physical damage, estimated...",Unknown,https://catalog.data.gov/dataset/hazus-data-aa23c
Water Consumption And Cost (2013 - Feb 2025),City of New York —Monthly consumption and cost data by borough and development. Data set includes utility vendor and meter information.,Unknown,https://catalog.data.gov/dataset/water-consumption-and-cost-2013-2020
NHIS Interactive Biannual Early Release Estimates,U.S. Department of Health & Human Services —Interactive Biannual Early Release Estimates provide health statistics based on data from the 2019-2021 National Health Interview Survey (NHIS) for selected health...,Unknown,https://catalog.data.gov/dataset/nhis-interactive-biannual-early-release-estimates-7cf73
Electric Vehicle Charging Stations,State of Connecticut —Existing public Electric Vehicle (EV) charging stations within Connecticut from US DOE map found athttps://afdc.energy.gov/stations/#/find/nearestcomplemented with...,Unknown,https://catalog.data.gov/dataset/electric-vehicle-charging-stations
Metropolitan Area Look-Up,Department of Housing and Urban Development —This system provides the user with a facility to select a state and county combination to determine if the selected county is part of an Office of Management and...,Unknown,https://catalog.data.gov/dataset/metropolitan-area-look-up
Clinical Investigator Inspector List (CLIIL),"U.S. Department of Health & Human Services —The Clinical Investigator Inspection List (CLIIL) contains names, addresses, and other pertinent information gathered from inspections of clinical investigators who...",Unknown,https://catalog.data.gov/dataset/clinical-investigator-inspector-list-cliil
ODF Fire Occurrence Data 2000-2022,State of Oregon —Oregon Dept of Forestry statistical wildfires from 2000 through 2022. Point locations and fire causes included.,Unknown,https://catalog.data.gov/dataset/odf-fire-occurrence-data-2000-2022
NEVI 2 Corridor Groups (December 9 2024),State of California —California-designated corridors are grouped by location and number of new charging stations required under NEVI. Data Dictionary:Corridor Segment - A portion of a...,Unknown,https://catalog.data.gov/dataset/nevi-2-corridor-groups-december-9-2024
High-Resolution Floating Solar PV Data,"Department of Energy —This dataset contains over two years of 1-minute resolution data collected from four floating solar sites, as well as data from a land-based PV system co-located with...",Unknown,https://catalog.data.gov/dataset/high-resolution-floating-solar-pv-data
Wildland Urban Interface: 2020 (Map Service),Department of Agriculture —The Wildland-Urban Interface (WUI) is the area where houses meet or intermingle with undeveloped wildland vegetation. This makes the WUI a focal area for human-...,Unknown,https://catalog.data.gov/dataset/wildland-urban-interface-2020-map-service
Bikeshare (Docked and Dockless) and E-scooter Systems by Year and City Served,Department of Transportation —List of cities served by a bikeshare and/or e-scooter system in each year starting in 2015. Some systems serve more than one city. The layer lists just the primary...,Unknown,https://catalog.data.gov/dataset/bikeshare-docked-and-dockless-and-e-scooter-systems-by-year-and-city-served
Budget and Actuals,"Town of Chapel Hill, North Carolina —This dataset contains the Town's Year-to-Date Budget and Actuals for Fiscal Years 2016 through 2019. Fiscal years run from July 1 to June 30.The data comes from the...",Unknown,https://catalog.data.gov/dataset/budget-and-actuals
MTA NYCT Paratransit Customer Experience: Beginning 2018,State of New York —Customer Experience is the percentage of valid trips and no-show trips that meet all four separate measurable established standards for quality of provider service...,Unknown,https://catalog.data.gov/dataset/mta-access-a-ride-customer-experience-2018-to-2020
California Fire Perimeters (all),State of California —The California Department of Forestry and Fire Protection's Fire and Resource Assessment Program (FRAP) annually maintains and distributes an historical wildland fire...,Unknown,https://catalog.data.gov/dataset/california-fire-perimeters-all-5b4ee
Universities and Colleges,"District of Columbia —This dataset contains locations and attributes of University and College, created as part of the DC Geographic Information System (DC GIS) for the Office of the Chief...",Unknown,https://catalog.data.gov/dataset/universities-and-colleges
MTA NYCT Customer Engagement Statistics: 2017-2022,State of New York —This dataset provided statistics and performance metrics about the volume and responsiveness in engaging with customers via several customer engagement channels. Data...,Unknown,https://catalog.data.gov/dataset/mta-customer-engagement-statistics-beginning-may-2017
"India Village-Level Geospatial Socio-Economic Data Set: 1991, 2001","National Aeronautics and Space Administration —The India Village-Level Geospatial Socio-Economic Data Set: 1991, 2001 is a compilation of the finest level of administrative boundaries in India (village/town-level)...",Unknown,https://catalog.data.gov/dataset/india-village-level-geospatial-socio-economic-data-set-1991-2001
Livestock & Meat Domestic Data,"Department of Agriculture —The Livestock And Meat Domestic Data contains current and historical data on pork, beef, veal, and poultry, including production, supply, utilization, and farm prices.",Unknown,https://catalog.data.gov/dataset/livestock-meat-domestic-data
Construction-Related Incidents,City of New York —This dataset includes construction-related incidents recorded in through the Department of Buildings (DOB) Incident Database.,Unknown,https://catalog.data.gov/dataset/construction-related-incidents
NIST/ASME Steam Properties Database - SRD 10,National Institute of Standards and Technology —The NIST/ASME Steam Properties Database is based upon the International Association for the Properties of Water and Steam (IAPWS) 1995 formulation for general and...,Unknown,https://catalog.data.gov/dataset/nist-asme-steam-properties-database-srd-10-b35bb
Open Data Website Traffic,City of Los Angeles —Daily utilization metrics fordata.lacity.organdgeohub.lacity.org. Updated monthly,Unknown,https://catalog.data.gov/dataset/open-data-website-traffic
CollectionMonthly Electric Utility Sales and Revenue,"Department of Energy —Utility level retail sales of electricity and associated revenue. Organized by reporting month, state, and by end-use sector, i.e., residential, commercial,...",Unknown,https://catalog.data.gov/dataset/monthly-electric-utility-sales-and-revenue
Survey of Consumer Finances (SCF),"Board of Governors of the Federal Reserve System —The Survey of Consumer Finances (SCF) is normally a triennial cross-sectional survey of U.S. families. The survey data include information on families balance sheets,...",Unknown,https://catalog.data.gov/dataset/survey-of-consumer-finances-scf
Sales Tax Collections by State,Department of Transportation —Monthly state sales tax collections is an experimental dataset published by the U.S. Census Bureau. It provides data for collections from sales taxes including motor...,Unknown,https://catalog.data.gov/dataset/sales-tax-collections-by-state
2015-16 English Language Instruction Program Enrollment Estimations,Department of Education —This Excel file contains data for English language learners enrolled in English language instruction educational programs for all states. The file contains three...,Unknown,https://catalog.data.gov/dataset/2015-16-english-language-instruction-program-enrollment-estimations-342a4
"Airborne geophysical survey: East-central Oregon, Oregon","Department of the Interior —Aeromagnetic data were collected along flight lines by instruments in an aircraft that recorded magnetic-field values and locations. This dataset presents latitude,...",Unknown,https://catalog.data.gov/dataset/airborne-geophysical-survey-east-central-oregon-oregon
CMAPSS Jet Engine Simulated Data,National Aeronautics and Space Administration —Data sets consists of multiple multivariate time series. Each data set is further divided into training and test subsets. Each time series is from a different engine...,Unknown,https://catalog.data.gov/dataset/cmapss-jet-engine-simulated-data
Index Crimes by County and Agency: Beginning 1990,State of New York —The Division of Criminal Justice Services (DCJS) collects crime reports from more than 500 New York State police and sheriffs' departments. DCJS compiles these...,Unknown,https://catalog.data.gov/dataset/index-crimes-by-county-and-agency-beginning-1990
Waterborne Disease Outbreak Data Set,U.S. Environmental Protection Agency —CDC data on waterborne disease outbreak response. This dataset is not publicly accessible because: Data is property of CDC. It can be accessed through the following...,Unknown,https://catalog.data.gov/dataset/waterborne-disease-outbreak-data-set
National Database for Clinical Trials Related to Mental Illness (NDCT),U.S. Department of Health & Human Services —The National Database for Clinical Trials Related to Mental Illness (NDCT) is an extensible informatics platform for relevant data at all levels of biological and...,Unknown,https://catalog.data.gov/dataset/national-database-for-clinical-trials-related-to-mental-illness-ndct
Income Inequality,State of California —This table contains data on income inequality. The primary measure is the Gini index – a measure of the extent to which the distribution of income among...,Unknown,https://catalog.data.gov/dataset/income-inequality-d6ae1
"Plant List of Accepted Nomenclature, Taxonomy, and Symbols (PLANTS) Database","Department of Agriculture —The PLANTS Database provides standardized information about the vascular plants, mosses, liverworts, hornworts, and lichens of the U.S. and its territories",Unknown,https://catalog.data.gov/dataset/plants
"Survey of Gun Owners in the United States, 1996","Department of Justice —This study was undertaken to obtain information on the characteristics of gun ownership, gun-carrying practices, and weapons-related incidents in the United States --...",Unknown,https://catalog.data.gov/dataset/survey-of-gun-owners-in-the-united-states-1996-6028b
VSRR Provisional Maternal Death Counts and Rates,U.S. Department of Health & Human Services —This data presents national-level provisional maternal mortality rates based on a current flow of mortality and natality data in the National Vital Statistics System....,Unknown,https://catalog.data.gov/dataset/vsrr-provisional-maternal-death-counts
Severe Weather Data Inventory (SWDI),"National Oceanic and Atmospheric Administration, Department of Commerce —The Severe Weather Data Inventory (SWDI) is an integrated database of severe weather records for the United States. SWDI enables a user to search through a variety of...",Unknown,https://catalog.data.gov/dataset/severe-weather-data-inventory-swdi2
Computer Forensic Reference Data Set Portal,"National Institute of Standards and Technology —This portal is a gateway to documented digital forensic image datasets. These datasets can assist in a variety of tasks including tool testing, developing familiarity...",Unknown,https://catalog.data.gov/dataset/computer-forensic-reference-data-set-portal-ce60e
SaferBus API - Documentation,"Department of Transportation —The SaferBus API is a RESTful service API provided by FMCSA for the purpose of making available, the safety performance data of U.S. Department of Transportation...",Unknown,https://catalog.data.gov/dataset/saferbus-api-documentation
AmeriCorps Participant Demographics Data,AmeriCorps —This dataset provides comparisons of demographic group prevalence in AmeriCorps Member/Volunteers populations to that of the greater U.S. population. The odds ratio...,Unknown,https://catalog.data.gov/dataset/americorps-participant-demographics-data
National Mental Health Services Survey (N-MHSS-2010),U.S. Department of Health & Human Services —The National Mental Health Services Survey (N-MHSS) is an annual survey designed to collect statistical information on the numbers and characteristics of all known...,Unknown,https://catalog.data.gov/dataset/national-mental-health-services-survey-n-mhss-2010
Liquor Brands,"State of Connecticut —According to Connecticut law, no manufacturer, wholesaler, or out-of-state shipper may ship, transport or deliver within Connecticut, or sell or offer for sale, any...",Unknown,https://catalog.data.gov/dataset/liquor-brands
NIST-JANAF Thermochemical Tables - SRD 13,National Institute of Standards and Technology —The Fourth Edition to the NIST-JANAF Thermochemical Tables has been assembled under the sponsorship of the Standard Reference Data Program at the National Institute...,Unknown,https://catalog.data.gov/dataset/nist-janaf-thermochemical-tables-srd-13-a59d1
"Airfoil Computational Fluid Dynamics - 2k shapes, 25 AoA's, 3 Re numbers","Department of Energy —This dataset contains aerodynamic quantities - including flow field values (momentum, energy, and vorticity) and summary values (coefficients of lift, drag, and...",Unknown,https://catalog.data.gov/dataset/airfoil-computational-fluid-dynamics-2k-shapes-25-aoas-3-re-numbers
Survey of Household Economics and Decisionmaking,"Board of Governors of the Federal Reserve System —Since 2013, the Federal Reserve Board has conducted the Survey of Household Economics and Decision-making (SHED), which measures the economic well-being of U.S....",Unknown,https://catalog.data.gov/dataset/survey-of-household-economics-and-decisionmaking
Dr. Duke's Phytochemical and Ethnobotanical Databases,"Department of Agriculture —Of interest to pharmaceutical, nutritional, and biomedical researchers, as well as individuals and companies involved with alternative therapies and and herbal...",Unknown,https://catalog.data.gov/dataset/dr-dukes-phytochemical-and-ethnobotanical-databases-0849e
"Nutrition, Physical Activity, and Obesity - Women, Infant, and Child","U.S. Department of Health & Human Services —This dataset includes data on weight status for children aged 3 months to 4 years old from Women, Infant, and Children Participant and Program Characteristics (WIC-...",Unknown,https://catalog.data.gov/dataset/nutrition-physical-activity-and-obesity-women-infant-and-child
Questions for the Record (QFRs),"Department of Homeland Security —A written question issued by a Congressional chamber, conference, committee or member following the appearance of a Departmental official at a Congressional hearing...",Unknown,https://catalog.data.gov/dataset/questions-for-the-record-qfrs-e75c5
NYC Open Data Plan: FOIL Datasets,"City of New York —NOTE: To review the latest plan, make sure to filter the ""Report Year"" column to the latest year. The list of datasets identified via FOIL reporting and their...",Unknown,https://catalog.data.gov/dataset/nyc-open-data-plan-foil-datasets-41e20
NFIP Multiple Loss Properties,Department of Homeland Security —This dataset provides information on structures that have had multiple National Flood Insurance (NFIP) claims across the history of the program. The data contains...,Unknown,https://catalog.data.gov/dataset/nfip-multiple-loss-properties
Time Series International Trade: Monthly U.S. Imports by State and North American Industry Classification System (NAICS),Department of Commerce —The Census data API provides access to the most comprehensive set of data on current month and cumulative year-to-date imports by state and North American Industry...,Unknown,https://catalog.data.gov/dataset/time-series-international-trade-monthly-u-s-imports-by-state-and-north-american-industry-c
"TIGER/Line Shapefile, 2020, Nation, U.S., American Indian/Alaska Native/Native Hawaiian (AIANNH) Areas","U.S. Census Bureau, Department of Commerce —The TIGER/Line shapefiles and related database files (.dbf) are an extract of selected geographic and cartographic information from the U.S. Census Bureau's Master...",Unknown,https://catalog.data.gov/dataset/tiger-line-shapefile-2020-nation-u-s-american-indian-alaska-native-native-hawaiian-aiannh-areas
2013-14 Schools Offering Mathematics and Science Classes Estimations,Department of Education —This Excel file contains data for schools offering classes in mathematics and science for all states. The file contains one spreadsheet for total schools.,Unknown,https://catalog.data.gov/dataset/2013-14-schools-offering-mathematics-and-science-classes-estimations-0b2cb
NYPD Arrests Data (Historic),City of New York —List of every arrest in NYC going back to 2006 through the end of the previous calendar year. This is a breakdown of every arrest effected in NYC by the NYPD going...,Unknown,https://catalog.data.gov/dataset/nypd-arrests-data-historic
Information About Registered Investment Advisers and Exempt Reporting Advisers,Securities and Exchange Commission —The Investment Adviser Information Reports' data is collected from electronic submissions of Form ADV by investment adviser firms to the Investment Adviser...,Unknown,https://catalog.data.gov/dataset/information-about-registered-investment-advisers-and-exempt-reporting-advisers
Active Short-Term Rental Licenses,"City of New Orleans —All Active Short-Term Licenses. This dataset includes Commercial, Non-Commercial, and Operator Licenses, as well as listings for lodging providers exempt from STR...",Unknown,https://catalog.data.gov/dataset/active-short-term-rental-licenses
Current Population Survey: Basic Monthly,"Department of Commerce —To provide estimates of employment, unemployment, and other characteristics of the general labor force, of the population as a whole, and of various subgroups of the...",Unknown,https://catalog.data.gov/dataset/current-population-survey-basic-monthly-0bcd2
PubMed Central (PMC),"U.S. Department of Health & Human Services —PubMed Central (PMC) is a free, digital archive of full text biomedical and life sciences journal literature.",Unknown,https://catalog.data.gov/dataset/pubmed-central-pmc
CollectionFreight Analysis Framework,Department of Transportation —The Freight Analysis Framework (FAF) integrates data from a variety of sources to create a comprehensive picture of freight movement among states and major...,Unknown,https://catalog.data.gov/dataset/freight-analysis-framework
Aquifers,"Earth Data Analysis Center, University of New Mexico —This map layer contains the shallowest principal aquifers of the conterminous United States, Hawaii, Puerto Rico, and the U.S. Virgin Islands, portrayed as polygons....",Unknown,https://catalog.data.gov/dataset/aquifers1
Registration Intake and Individuals Household Program (RI-IHP),"Department of Homeland Security —This dataset is a summary of the OpenFEMA Individuals and Households Program - Valid Registrations (NEMIS) dataset and contains aggregated, non-PII data from Housing...",Unknown,https://catalog.data.gov/dataset/registration-intake-and-individuals-household-program-ri-ihp-nemis
Traffic Collision Data from 2010 to Present,City of Los Angeles —***The Los Angeles Police Department (LAPD) has transitioned traffic collision reporting to our new Records Management System (RMS) as part of our ongoing efforts to...,Unknown,https://catalog.data.gov/dataset/traffic-collision-data-from-2010-to-present
Methicillin-resistant Staphylococcus aureus (MRSA) bloodstream infections (BSI) in California Hospitals,State of California —California Health and Safety Code section 1288.55(a)(1) requires general acute care hospitals to report all cases of methicillin-resistant Staphylococcus aureus...,Unknown,https://catalog.data.gov/dataset/methicillin-resistant-staphylococcus-aureus-mrsa-bloodstream-infections-bsi-in-california--78efe
Heat Vulnerability Index Rankings,City of New York —The Heat Vulnerability Index (HVI) shows neighborhoods whose residents are more at risk for dying during and immediately following extreme heat. It uses a...,Unknown,https://catalog.data.gov/dataset/heat-vulnerability-index-rankings
ARPA-E Grid Optimization (GO) Competition Challenge 3,"Department of Energy —Synthetic Input Data and Team Results for the GO Competition Challenge 3 for Events 1 - 4 and the Sandbox, along with problem and format descriptions and code to...",Unknown,https://catalog.data.gov/dataset/arpa-e-grid-optimization-go-competition-challenge-3
North American Rail Network LinesNGDA,"Department of Transportation —The North American Rail Network (NARN) Rail Lines dataset was created in 2016 and was updated on July 18, 2025 from the Federal Railroad Administration (FRA) and is...",Unknown,https://catalog.data.gov/dataset/north-american-rail-network-lines3
CBP Port Codes,Department of Homeland Security —This dataset provides a Complete Listing Of valid District/Port Codes in the U.S.,Unknown,https://catalog.data.gov/dataset/cbp-port-codes
2024 Child and Adult Health Care Quality Measures Quality,"U.S. Department of Health & Human Services —Performance rates on publicly reported health care quality measures in the CMS Medicaid/CHIP Child and Adult Core Sets, for 2024 reporting. Sources: Mathematica...",Unknown,https://catalog.data.gov/dataset/2024-child-and-adult-health-care-quality-measures-quality
Climate Change Impacts on Air Quality and Human Health,"U.S. Environmental Protection Agency —This dataset contains modeled temperature, ozone, and PM2.5 data for the United States over the 21st century, using two global climate model scenarios and two...",Unknown,https://catalog.data.gov/dataset/climate-change-impacts-on-air-quality-and-human-health
NYSERDA New York Offshore Wind Supply Chain Dataset,"State of New York —The dataset contains contact and description information for local supply chain organizations, offshore wind developers, and original equipment manufacturers that...",Unknown,https://catalog.data.gov/dataset/nyserda-new-york-offshore-wind-supply-chain-dataset
"Individuals, State and County Migration data",Department of the Treasury —This annual study provides migration pattern data for the United States by State or by county and are available for inflows (the number of new residents who moved to...,Unknown,https://catalog.data.gov/dataset/migration-flow-data
Trips by Distance,Department of Transportation —Updates are delayed due to technical difficulties. How many people are staying at home? How far are people traveling when they don’t stay home? Which states and...,Unknown,https://catalog.data.gov/dataset/trips-by-distance
"Job Patterns For Minorities And Women In Private Industry, 2014 EEO-1 National Aggregate Report","US Equal Employment Opportunity Commission —As part of its mandate under Title VII of the Civil Rights Act of 1964, as amended, the Equal Employment Opportunity Commission requires periodic reports from public...",Unknown,https://catalog.data.gov/dataset/job-patterns-for-minorities-and-women-in-private-industry-2014-eeo-1-national-aggregate-re
Daily Treasury Bill Rates Data,"Department of the Treasury —These rates are the daily secondary market quotation on the most recently auctioned Treasury Bills for each maturity tranche (4-week, 13-week, 26-week, and 52-week)...",Unknown,https://catalog.data.gov/dataset/daily-treasury-bill-rates-data
2021-2022 School Meal Count - TDA F&N Dashboard,City of Austin —Help us provide the most useful data by completing our ODP User Feedback Survey for School Nutrition Data About the Dataset This dataset serves as source data for...,Unknown,https://catalog.data.gov/dataset/2021-2022-school-meal-count-tda-fn-dashboard
Emsi dataset,"Department of Labor —Data used for the Meta-Analysis of 46 Career Pathways Impact and data from four large nationally representative longitudinal surveys, as well as licensed data on...",Unknown,https://catalog.data.gov/dataset/emsi-dataset
HSR Merger Filings by Month,Federal Trade Commission —This data set includes information on merger filings received on a monthly basis under the Hart-Scott-Rodino Antitrust Improvements Act for the period from fiscal...,Unknown,https://catalog.data.gov/dataset/hsr-merger-filings-by-month
Occupational Employment and Wage Statistics,State of New York —The Occupational Employment and Wage Statistics (OEWS) survey is a semiannual mail survey of employers that measures occupational employment and occupational wage...,Unknown,https://catalog.data.gov/dataset/occupational-employment-statistics
EnviroAtlas -- Cyanobacteria Index for the Continental United States,"U.S. Environmental Protection Agency —This dataset shows the temporal frequency and spatial extent of cyanobacteria cells in large, freshwater lakes and reservoirs across the continental United States...",Unknown,https://catalog.data.gov/dataset/enviroatlas-cyanobacteria-index-for-the-continental-united-states3
Harmonized Tariff Schedule of the United States (2020),US International Trade Commission —This dataset is the current 2020 Harmonized Tariff Schedule plus all revisions for the current year. It provides the applicable tariff rates and statistical...,Unknown,https://catalog.data.gov/dataset/harmonized-tariff-schedule-of-the-united-states-2020
"TIGER/Line Shapefile, Current, State, Texas, County Subdivision","U.S. Census Bureau, Department of Commerce —This resource is a member of a series. The TIGER/Line shapefiles and related database files (.dbf) are an extract of selected geographic and cartographic information...",Unknown,https://catalog.data.gov/dataset/tiger-line-shapefile-current-state-texas-county-subdivision
Taxi Trips,"City of San Francisco —A. SUMMARY This dataset contains information on taxi trips including pickup location, destination, and fare. Additional fields have been integrated to the raw data...",Unknown,https://catalog.data.gov/dataset/taxi-trips-8c270
Prisoner Recidivism,"Department of Justice —recidivism rates for persons released from state prisons with specific demographic, criminal history, and sentence attributes.",Unknown,https://catalog.data.gov/dataset/prisoner-recidivism
GNIS,State of Oregon —The Geographic Names Information System (GNIS) is the Federal standard for geographic nomenclature. The U.S. Geological Survey developed the GNIS for the U.S. Board...,Unknown,https://catalog.data.gov/dataset/gnis
Historical Debt Outstanding,Department of the Treasury —Historical Debt Outstanding is a dataset that provides a summary of the U.S. government's total outstanding debt at the end of each fiscal year from 1789 to the...,Unknown,https://catalog.data.gov/dataset/historical-debt-outstanding-annual
Mental Health and Wellness Resources,"U.S. Department of Health & Human Services —As our country responds to and recovers from the pandemic, mental health and wellness have emerged as ongoing concerns. Parents and child care providers alike must be...",Unknown,https://catalog.data.gov/dataset/mental-health-and-wellness-resources
California Mule Deer Pacific Migration Routes,"Department of the Interior —The Pacific mule deer herd inhabits 353 square miles (mi2; 914 square kilometers [km2]) of public and private lands in Placer and El Dorado counties in California,...",Unknown,https://catalog.data.gov/dataset/california-mule-deer-pacific-migration-routes
NYC Taxi Zones,City of New York —TLC trip records contain a field corresponding to the location of the pickup or drop-off of the trip called a taxi zone. Taxi Zones are roughly based on NYC...,Unknown,https://catalog.data.gov/dataset/nyc-taxi-zones-131e4
"2020 Cartographic Boundary File (SHP), 2020 ZIP Code Tabulation Areas for United States, 1:500,000","U.S. Census Bureau, Department of Commerce —The 2020 cartographic boundary shapefiles are simplified representations of selected geographic areas from the U.S. Census Bureau's Master Address File /...",Unknown,https://catalog.data.gov/dataset/2020-cartographic-boundary-file-shp-2020-zip-code-tabulation-areas-for-united-states-1-500000
Apprenticeship Data and Statistics,Department of Labor —The Registered Apprenticeship data displayed in this resource is derived from several different sources with differing abilities to provide disaggregated data. The 25...,Unknown,https://catalog.data.gov/dataset/apprenticeship-data-and-statistics
California Hospital Inpatient Mortality Rates and Quality Ratings,"State of California —The dataset contains risk-adjusted mortality rates, quality ratings, and number of deaths and cases for 6 medical conditions treated (Acute Stroke, Acute Myocardial...",Unknown,https://catalog.data.gov/dataset/california-hospital-inpatient-mortality-rates-and-quality-ratings-8e21f
"Nutrition, Physical Activity, and Obesity - American Community Survey",U.S. Department of Health & Human Services —This dataset includes select data from the U.S. Census Bureau's American Community Survey (ACS) on the percent of adults who bike or walk to work. This data is used...,Unknown,https://catalog.data.gov/dataset/nutrition-physical-activity-and-obesity-american-community-survey
National Obesity By State,"Lake County, Illinois —Layers in this service includes: Birth, Cancer, Hospitalization Discharge, Mortality and STI Rates, as well as Demographics.",Unknown,https://catalog.data.gov/dataset/national-obesity-by-state-2094c
NIST Reference Fluid Thermodynamic and Transport Properties Database (REFPROP) Version 10 - SRD 23,"National Institute of Standards and Technology —REFPROP is an acronym for REFerence fluid PROPerties. This program, developed by the National Institute of Standards and Technology (NIST), calculates the...",Unknown,https://catalog.data.gov/dataset/nist-reference-fluid-thermodynamic-and-transport-properties-database-refprop-version-10-sr-bf7e2
E-Scooter Trips,City of Chicago —Electric scooter trips taken under the City of Chicago ongoing program. Similar datasets from the 2019 and 2020 pilot programs are at:...,Unknown,https://catalog.data.gov/dataset/e-scooter-trips
Books All,Library of Congress —http://www.loc.gov/cds/products/MDSConnect-books_all.html,Unknown,https://catalog.data.gov/dataset/books-all
DSNY Monthly Tonnage Data,City of New York —DSNY Monthly Tonnage Data provides monthly collection tonnages that the Department of Sanitation collects from NYC residences and institutions. For more information...,Unknown,https://catalog.data.gov/dataset/dsny-monthly-tonnage-data
Bias Crime,"District of Columbia —It is important for the community to understand what is – and is not – a hate crime. First and foremost, the incident must be a crime. Although that may seem obvious,...",Unknown,https://catalog.data.gov/dataset/bias-crime
California's National Electric Vehicle Infrastructure Funding Program Map,State of California —The California Department of Transportation (Caltrans) and the California Energy Commission (CEC) are partnering to implement the federal National Electric Vehicle...,Unknown,https://catalog.data.gov/dataset/californias-national-electric-vehicle-infrastructure-funding-program-map
CDC Behavioral Risk Factor Surveillance System (BRFSS),"U.S. Department of Health & Human Services —The Behavioral Risk Factor Surveillance System (BRFSS) is a state-based system of health surveys that collects information on health risk behaviors, preventive health...",Unknown,https://catalog.data.gov/dataset/cdc-behavioral-risk-factor-surveillance-system-brfss
"Biodiversity by County - Distribution of Animals, Plants and Natural Communities","State of New York —The NYS Department of Environmental Conservation (DEC) collects and maintains several datasets on the locations, distribution and status of species of plants and...",Unknown,https://catalog.data.gov/dataset/biodiversity-by-county-distribution-of-animals-plants-and-natural-communities
EPA Facility Registry Service (FRS): Wastewater Treatment Plants,"U.S. Environmental Protection Agency —This GIS dataset contains data on wastewater treatment plants, based on EPA's Facility Registry Service (FRS) and NPDES, along with Clean Watersheds Needs Survey...",Unknown,https://catalog.data.gov/dataset/epa-facility-registry-service-frs-wastewater-treatment-plants19
Leadership Analysis,State of Maryland —Leadership Analysis Page. (updated description 2/6/2023).,Unknown,https://catalog.data.gov/dataset/leadership-analysis
Intermodal Passenger Connectivity Database (IPCD),"Department of Transportation —The Intermodal Passenger Connectivity Database (IPCD) dataset was compiled on August 10, 2021 and was updated October 19, 2022 from the Bureau of Transportation...",Unknown,https://catalog.data.gov/dataset/intermodal-passenger-connectivity-database-ipcd3
OPM Leadership 360,Office of Personnel Management —The OPM Leadership 360Ã¢â€žÂ¢ is a survey that helps Federal leaders identify their leadership strengths and developmental needs. The assessment provides feedback on...,Unknown,https://catalog.data.gov/dataset/opm-leadership-360-bb38f
Allegheny County 911 Dispatches - EMS and Fire,Allegheny County / City of Pittsburgh / Western PA Regional Data Center —The Allegheny County 911 center answers and dispatches 911 calls for 111 out of 130 municipalities in Allegheny County. Agencies are dispatched via a computer aided...,Unknown,https://catalog.data.gov/dataset/allegheny-county-911-dispatches-ems-and-fire
Migration Routes of Elk in South Bighorn Herd in Wyoming,"Department of the Interior —Elk (Cervus elpahus canadensis) within the southern section of the Bighorn Mountains display altitudinal migration. In the spring, most individuals migrate from the...",Unknown,https://catalog.data.gov/dataset/migration-routes-of-elk-in-south-bighorn-herd-in-wyoming
Calls for Service 2025,City of New Orleans —This dataset reflects incidents that have been reported to the New Orleans Police Department in 2025. Data is provided by Orleans Parish Communication District...,Unknown,https://catalog.data.gov/dataset/calls-for-service-2025
"National Assessment of Educational Progress, 2005 High School Transcript Study","Department of Education —The National Assessment of Educational Progress, 2005 High School Transcript Study (HSTS 2005), is a study that is part of the National Assessment of Educational...",Unknown,https://catalog.data.gov/dataset/national-assessment-of-educational-progress-2005-high-school-transcript-study-4baf5
EPA Facility Registry Service (FRS): Facility Interests Dataset Download,U.S. Environmental Protection Agency —This downloadable data package consists of location and facility identification information from EPA's Facility Registry Service (FRS) for all sites that are...,Unknown,https://catalog.data.gov/dataset/epa-facility-registry-service-frs-facility-interests-dataset-download9
Vaccination Coverage among Adolescents (13-17 Years),"U.S. Department of Health & Human Services —Vaccination Coverage among Adolescents (13-17 Years) • Data on adolescent vaccination coverage and selected sociodemographic characteristics by State, HHS Region, and...",Unknown,https://catalog.data.gov/dataset/vaccination-coverage-among-adolescents-13-17-years-acc00
NHANES Select Oral Health Prevalence Estimates,U.S. Department of Health & Human Services —These data represent prevalence estimates of select oral health topics from the National Health and Nutrition Examination Survey (NHANES).,Unknown,https://catalog.data.gov/dataset/nhanes-select-oral-health-prevalence-estimates
"TIGER/Line Shapefile, 2019,  nation, U.S., Rails National Shapefile","U.S. Census Bureau, Department of Commerce —The TIGER/Line shapefiles and related database files (.dbf) are an extract of selected geographic and cartographic information from the U.S. Census Bureau's Master...",Unknown,https://catalog.data.gov/dataset/tiger-line-shapefile-2019-nation-u-s-rails-national-shapefile
Bedbug Reporting,City of New York —Property owners are required to obtain bedbug infestation history from tenants or a dwelling unit owner. This dataset captures the bedbug infestation history as...,Unknown,https://catalog.data.gov/dataset/bedbug-reporting
BIA Cases - By Involved Officer,City of Chicago —Complaints received by the Chicago Police Department Bureau of Internal Affairs (BIA). BIA investigates complaints of police misconduct that do not fall under the...,Unknown,https://catalog.data.gov/dataset/bia-cases-by-involved-officer
Child and Adult Care Food Program (CACFP) - Child Centers - Meal Reimbursement - Program Year 2021-2022,City of Austin —Help us provide the most useful data by completing our ODP User Feedback Survey for Child and Adult Care Food Program (CACFP) Data About the Dataset This data set...,Unknown,https://catalog.data.gov/dataset/child-and-adult-care-food-program-cacfp-child-centers-meal-reimbursement-program-year-2021
Taxonomy,U.S. Department of Health & Human Services —The Taxonomy Database is a curated classification and nomenclature for all of the organisms in the public sequence databases. This currently represents about 10% of...,Unknown,https://catalog.data.gov/dataset/taxonomy
"NIST Stopping-Power & Range Tables for Electrons, Protons, and Helium Ions - SRD 124","National Institute of Standards and Technology —The databases ESTAR, PSTAR, and ASTAR calculate stopping-power and range tables for electrons, protons, or helium ions. Stopping-power and range tables can be...",Unknown,https://catalog.data.gov/dataset/nist-stopping-power-range-tables-for-electrons-protons-and-helium-ions-srd-124-b3661
ORMAP The Oregon Property Tax Map,"State of Oregon —To access the tax lot layer you will need to contact the county Assessor's office. ORMAP is a statewide digital cadastral base map that is publicly accessible,...",Unknown,https://catalog.data.gov/dataset/ormap-the-oregon-property-tax-map
Food Waste Management Life Cycle Inventory Tool v1.0.0,"U.S. Environmental Protection Agency —This Excel-based life cycle inventory (LCI) model develops LCI data for management of wasted food via anaerobic digestion (AD), windrow and aerated static pile (ASP)...",Unknown,https://catalog.data.gov/dataset/food-waste-management-life-cycle-inventory-tool-v1-0-0
"Cardiovascular Disease Death Rates, Trends, and Excess Death Rates Among US Adults (35+) by County and Age Group – 2010-2020","U.S. Department of Health & Human Services —This dataset documents cardiovascular disease (CVD) death rates, relative and absolute excess death rates, and trends. Specifically, this report presents county (or...",Unknown,https://catalog.data.gov/dataset/cardiovascular-disease-death-rates-trends-and-excess-death-rates-among-us-adults-35-b-2010
2024 Survey of Income and Program Participation (SIPP),Department of Commerce —SIPP is a nationally representative longitudinal survey that provides comprehensive data about the income and government program participation of individuals and...,Unknown,https://catalog.data.gov/dataset/2024-survey-of-income-and-program-participation-sipp
CDC WONDER: Mortality - Multiple Cause of Death,U.S. Department of Health & Human Services —The Mortality - Multiple Cause of Death data on CDC WONDER are county-level national mortality and population data spanning the...,Unknown,https://catalog.data.gov/dataset/cdc-wonder-mortality-multiple-cause-of-death-cfe55
Atlas of Rural and Small-Town America,"Department of Agriculture —View the diversity of challenges and opportunities across America's counties within different types of rural regions and communities. Get statistics on people, jobs,...",Unknown,https://catalog.data.gov/dataset/atlas-of-rural-and-small-town-america
Total tonnage (foreign and domestic) of commodites carried on commercial waterways,"Department of Defense —Total tonnage, total foreign tonnage, and total domestic tonnage (in short tons of 2000 pounds) of commodites carried on commercial waterways for forty years.",Unknown,https://catalog.data.gov/dataset/total-tonnage-foreign-and-domestic-of-commodites-carried-on-commercial-waterways
Quarterly Retail Sales Tax Data by County and City,State of Iowa —Retail Sales Tax Data by County and City,Unknown,https://catalog.data.gov/dataset/quarterly-retail-sales-tax-data-by-county-and-city
"National watershed boundary (HUC12) dataset for the conterminous United States, retrieved 10/26/2020","Department of the Interior —This child item provides a snapshot of the watershed boundary dataset which consists of a shapefile with 87,020 12-digit hydrologic unit codes (HUC12) for the...",Unknown,https://catalog.data.gov/dataset/national-watershed-boundary-huc12-dataset-for-the-conterminous-united-states-retrieved-26-
USDA NFC GovTa Time & Attendance System,"Department of Homeland Security —GovTa is a Time & Attendance system from USDA NFC. GovTA is the next iteration of the USDA NFC’s time and attendance system, replacing webTA. GovTA is a web-based...",Unknown,https://catalog.data.gov/dataset/usda-nfc-govta-time-attendance-system
2020 Census Block Groups Top 50 American Community Survey Data with Seattle Neighborhoods,City of Seattle —U.S. Census Bureau 2020 block groups within the City of Seattle with American Community Survey (ACS) 5-year series data of frequently requested topics. Data is pulled...,Unknown,https://catalog.data.gov/dataset/2020-census-block-groups-top-50-american-community-survey-data-with-seattle-neighborhoods
Hospital Encounters for Homeless Patients,State of California —This dataset contains counts of inpatient hospitalizations and emergency department visits for persons experiencing homelessness.,Unknown,https://catalog.data.gov/dataset/hospital-encounters-for-homeless-patients-438dd
"Temperature, ozone, and PM2.5 data for ""Associations Between Simulated Future Changes in Climate, Air Quality, and Human Health"" by Fann et al., 2021.","U.S. Environmental Protection Agency —This dataset contains modeled temperature, ozone, and PM2.5 data for the United States over the 21st century, using two global climate model scenarios and two...",Unknown,https://catalog.data.gov/dataset/temperature-ozone-and-pm2-5-data-for-associations-between-simulated-future-changes-in-clim
Fatality Analysis Reporting System (FARS) 2023 - Accidents,"Department of Transportation —The Fatality Analysis Reporting System (FARS) 2023 Initial Release - Fatal Motor Vehicle Accidents dataset was compiled from January 1, 2023 to December 31, 2023 by...",Unknown,https://catalog.data.gov/dataset/fatality-analysis-reporting-system-fars-2023-accidents
COVID-19 State Profile Report - Massachusetts,"U.S. Department of Health & Human Services —After over two years of public reporting, the State Profile Report will no longer be produced and distributed after February 2023. The final release was on February...",Unknown,https://catalog.data.gov/dataset/covid-19-state-profile-report-massachusetts
IHS Facility Locator,"U.S. Department of Health & Human Services —This map can be used to find an Indian Health Service, Tribal or Urban Indian Health Program facility. This map can be used to: Zoom in to a general location to see...",Unknown,https://catalog.data.gov/dataset/ihs-facility-locator
Feb 2013 Current Population Survey: Arts Benchmarking Survey Supplement,Department of Commerce —ABS collects information about individual attendance and involvement in the arts and cultural activity.,Unknown,https://catalog.data.gov/dataset/feb-2013-current-population-survey-arts-benchmarking-survey-supplement
Current and Resolved Drug Shortages and Discontinuations Reported to FDA,"U.S. Department of Health & Human Services —Information provided to FDA by manufacturers about current drugs in shortage, resolved shortages, and discontinuations of specific drug products.",Unknown,https://catalog.data.gov/dataset/current-and-resolved-drug-shortages-and-discontinuations-reported-to-fda
Buildings 3D Scene - 2024,District of Columbia —3D buildings. This dataset is a 3D building multipatch created using lidar point cloud bare earth points and building points to create a normalized data surface. Some...,Unknown,https://catalog.data.gov/dataset/buildings-3d-scene-2024
ETOPO 2022 15 Arc-Second Global Relief Model,"National Oceanic and Atmospheric Administration, Department of Commerce —ETOPO 2022, a global relief model with 15 arc-second resolution seamlessly integrating topographic and bathymetric data. The ETOPO 2022 model uses a combination of...",Unknown,https://catalog.data.gov/dataset/etopo-2022-15-arc-second-global-relief-model2
Streetlights,"Town of Cary, North Carolina —This dataset contains information on Cary's 13,000+ streetlights. Streetlight field verified as of June 2016.This dataset is an archive - it is not being updated.",Unknown,https://catalog.data.gov/dataset/streetlights
Individuals and Households Program - Valid Registrations,Department of Homeland Security —This dataset contains FEMA applicant-level data for the Individuals and Households Program (IHP). All PII information has been removed. The location is represented by...,Unknown,https://catalog.data.gov/dataset/individuals-and-households-program-valid-registrations-nemis
Registered Farm Labor Contractor Listing,Department of Labor —List of eligible farm labor contractors certified under the Migrant and Seasonal Agricultural Worker Protection Act,Unknown,https://catalog.data.gov/dataset/registered-farm-labor-contractor-listing-5cd50
Office-based Health Care Providers Database,"U.S. Department of Health & Human Services —ONC uses the SK&A Office-based Provider Database to calculate the counts of medical doctors, doctors of osteopathy, nurse practitioners, and physician assistants...",Unknown,https://catalog.data.gov/dataset/office-based-health-care-providers-database
Intermodal Freight Facilities,"Department of Transportation —The Intermodal Freight Facilities dataset was compiled on February 02, 2021 and was updated on September 08, 2023 from the Bureau of Transportation Statistics (BTS)...",Unknown,https://catalog.data.gov/dataset/intermodal-freight-facilities
NIST Chemical Kinetics Database,National Institute of Standards and Technology —The NIST Chemical Kinetics Database includes essentially all reported kinetics results for thermal gas-phase chemical reactions. The database is designed to be...,Unknown,https://catalog.data.gov/dataset/nist-chemical-kinetics-database-bee86
MTA Subway Stations and Complexes,"State of New York —A dataset listing all subway and Staten Island Railway stations, with data aggregated by station complex. This dataset includes information on station names, their...",Unknown,https://catalog.data.gov/dataset/mta-subway-stations-and-complexes
Average Salary by Job Classification,"Montgomery County of Maryland —This Dataset indicates average salary by position title and grade for full-time regular employees. Data excludes elected, appointed, non-merit and temporary...",Unknown,https://catalog.data.gov/dataset/average-salary-by-job-classification
Iowa Liquor Sales,"State of Iowa —This dataset contains the spirits purchase information of Iowa Class “E” liquor licensees by product and date of purchase from January 1, 2012 to current. The...",Unknown,https://catalog.data.gov/dataset/iowa-liquor-sales
State Drug Utilization Data 2024,U.S. Department of Health & Human Services —Drug utilization data are reported by states for covered outpatient drugs that are paid for by state Medicaid agencies since the start of the Medicaid Drug Rebate...,Unknown,https://catalog.data.gov/dataset/state-drug-utilization-data-2024
Violence Reduction - Victim Demographics - Aggregated,"City of Chicago —This dataset contains aggregate data on violent index victimizations at the quarter level of each year (i.e., January – March, April – June, July – September, October...",Unknown,https://catalog.data.gov/dataset/violence-reduction-victim-demographics-aggregated
World Agricultural Production,"Department of Agriculture —Monthly report on crop acreage, yield and production in major countries worldwide. Sources include reporting from FAS’s worldwide offices, official statistics of...",Unknown,https://catalog.data.gov/dataset/world-agricultural-production
NIST Chemistry WebBook - SRD 69,National Institute of Standards and Technology —The NIST Chemistry WebBook provides users with easy access to chemical and physical property data for chemical species through the internet. The data provided in the...,Unknown,https://catalog.data.gov/dataset/nist-chemistry-webbook-srd-69-de237
Establishment Registration & Device Listing,"U.S. Department of Health & Human Services —This searchable database contains establishments (engaged in the manufacture, preparation, propagation, compounding, assembly, or processing of medical devices...",Unknown,https://catalog.data.gov/dataset/establishment-registration-device-listing
NYPD Officer Profile - Members of Service,City of New York —This is the main table of the Officer Profile dataset. It contains the current list of active uniform members of service (UMOS). Each row in the table is an...,Unknown,https://catalog.data.gov/dataset/nypd-officer-profile-members-of-service
Traffic Volume Counts,City of New York —New York City Department of Transportation (NYC DOT) uses Automated Traffic Recorders (ATR) to collect traffic sample volume counts at bridge crossings and roadways....,Unknown,https://catalog.data.gov/dataset/traffic-volume-counts
Truck Size and Weight Enforcement Data,"Department of Transportation —This dataset consists of truck size and weight enforcement data including number of trucks weighed, number of violations, and number of oversize/overweight permits,...",Unknown,https://catalog.data.gov/dataset/truck-size-and-weight-enforcement-data
Commercial Permits,"Montgomery County of Maryland —Data for all Commercial Building Permits issued since 2000, including status and work performed. Update Frequency: Daily",Unknown,https://catalog.data.gov/dataset/commercial-permits
Treasury Account Symbols,Department of the Treasury —A list of values for Treasury Account Symbols (TAS) and Business Event Type Codes (BETC).,Unknown,https://catalog.data.gov/dataset/treasury-account-symbols
Annual Economic Surveys: Business Patterns: County Business Patterns,"Department of Commerce —County Business Patterns (CBP) is an annual series that provides sub-national economic data by industry. This series includes the number of establishments, employment...",Unknown,https://catalog.data.gov/dataset/annual-economic-surveys-business-patterns-county-business-patterns-25d73
Declaration Denials,Department of Homeland Security —This dataset lists all requests for major disaster declarations and emergency declarations that have been denied. For more information on the FEMA disaster...,Unknown,https://catalog.data.gov/dataset/declaration-denials-nemis
"Early Childhood Longitudinal Study, Kindergarten Class of 2010-11","Department of Education —The Early Childhood Longitudinal Study, Kindergarten Class of 2010-11 (ECLS-K:2011), is part of the Early Childhood Longitudinal Study (ECLS) program; program data is...",Unknown,https://catalog.data.gov/dataset/early-childhood-longitudinal-study-kindergarten-class-of-2010-11-3fa4e
Horizons,National Aeronautics and Space Administration —The JPL HORIZONS on-line solar system data and ephemeris computation service provides access to key solar system data and flexible production of highly accurate...,Unknown,https://catalog.data.gov/dataset/horizons
Crime Incidents in 2023,District of Columbia —The dataset contains a subset of locations and attributes of incidents reported in the ASAP (Analytical Services Application) crime report database by the District of...,Unknown,https://catalog.data.gov/dataset/crime-incidents-in-2023
Supplier Contracts,"City of San Francisco —The San Francisco Controller's Office maintains a database of contracts and payments made to Suppliers (vendors, contractors and grantees). The Supplier Contracts...",Unknown,https://catalog.data.gov/dataset/supplier-contracts
Spill Incidents,"State of New York —This dataset contains records of spills of petroleum and other hazardous materials. Under State law and regulations, spills that could pollute the lands or waters of...",Unknown,https://catalog.data.gov/dataset/spill-incidents
Preterm and Very Preterm Live Births,State of California —This dataset contains percent preterm and very preterm live births by race/ethnic group of mother. Preterm births are all live births less than 37 weeks of gestation....,Unknown,https://catalog.data.gov/dataset/preterm-and-very-preterm-live-births-0f8c7
Time Series International Trade: Monthly U.S. Imports by End-use Code,Department of Commerce —The Census data API provides access to the most comprehensive set of data on current month and cumulative year-to-date imports using the End-use classification...,Unknown,https://catalog.data.gov/dataset/time-series-international-trade-monthly-u-s-imports-by-end-use-code
Personnel Trends by Gender/Race,"Department of Defense —Number of Service members by Gender, Race, Branch",Unknown,https://catalog.data.gov/dataset/personnel-trends-by-gender-race
NOAA Electronic Navigational Charts (ENC)NGDA,"National Oceanic and Atmospheric Administration, Department of Commerce —The Office of Coast Survey (OCS) has been involved in the development of a NOAA Electronic Navigational Chart (NOAA ENC) suite to support the marine transportation...",Unknown,https://catalog.data.gov/dataset/noaa-electronic-navigational-charts-enc1
FEC API,Federal Election Commission —The FEC is A RESTful web service supporting full-text and field-specific searches on federal campaign finance data.,Unknown,https://catalog.data.gov/dataset/fec-api
2020-21 Washington State CRDC Data - Pre-K Enrollment,"State of Washington —The Civil Rights Data Collection (CRDC) is a biennial (i.e., every other school year) survey required by the U.S. Department of Education’s (Department) Office for...",Unknown,https://catalog.data.gov/dataset/2020-21-washington-state-crdc-data-pre-k-enrollment
SNAP Retail Locator,Department of Agriculture —The Supplemental Nutrition Assistance Program (SNAP) Retailer Locator is designed to help recipients find SNAP local stores that welcome SNAP benefits. The tool is...,Unknown,https://catalog.data.gov/dataset/snap-retail-locator
CORR-DATA,"National Institute of Standards and Technology —Corrosion is defined as the deterioration of a material due to chemical reactions with its environment. Understanding corrosion, and corrosion rates, is necessary to...",Unknown,https://catalog.data.gov/dataset/corr-data-f703c
LADOT Traffic Counts Summary,"City of Los Angeles —LADOT automated and manual traffic count summary data for intersections throughout Los Angeles. Manual counts (""MAN"" under the ""Type"" column) are generally 6-hr...",Unknown,https://catalog.data.gov/dataset/ladot-traffic-counts-summary
Health Plan Prior Authorization Data,"State of Washington —In 2020, the Washington State Legislature enacted Engrossed Substitute Senate Bill (ESSB) 6404 (Chapter 316, Laws of 2020, codified at RCW 48.43.0161), which requires...",Unknown,https://catalog.data.gov/dataset/health-plan-prior-authorization-data
Death Profiles by ZIP Code,State of California —This dataset contains counts of deaths for California residents by ZIP Code based on information entered on death certificates. Final counts are derived from static...,Unknown,https://catalog.data.gov/dataset/death-profiles-by-zip-code-44504
"TIGER/Line Shapefile, 2015,  nation, U.S., Rails National Shapefile","U.S. Census Bureau, Department of Commerce —The TIGER/Line shapefiles and related database files (.dbf) are an extract of selected geographic and cartographic information from the U.S. Census Bureau's Master...",Unknown,https://catalog.data.gov/dataset/tiger-line-shapefile-2015-nation-u-s-rails-national-shapefile
2018 Central Park Squirrel Census - Squirrel Data,"City of New York —The Squirrel Census (https://www.thesquirrelcensus.com/) is a multimedia science, design, and storytelling project focusing on the Eastern gray (Sciurus...",Unknown,https://catalog.data.gov/dataset/2018-central-park-squirrel-census-squirrel-data
Chicago Microlending Institute (CMI) Microloans,"City of Chicago —To improve access to capital, the City of Chicago seeded a $2MM revolving loan fund and partnered with Accion to create the Chicago Microlending Institute (CMI). CMI...",Unknown,https://catalog.data.gov/dataset/chicago-microlending-institute-cmi-microloans
Education Longitudinal Study of 2002,Department of Education —The Education Longitudinal Study of 2002 (ELS:2002;https://nces.ed.gov/surveys/els2002/) is a study that is a part of the Education Longitudinal Study program. It is...,Unknown,https://catalog.data.gov/dataset/education-longitudinal-study-of-2002-b88d0
NIST Computational Chemistry Comparison and Benchmark Database - SRD 101,National Institute of Standards and Technology —The NIST Computational Chemistry Comparison and Benchmark Database is a collection of experimental and ab initio thermochemical properties for a selected set of gas-...,Unknown,https://catalog.data.gov/dataset/nist-computational-chemistry-comparison-and-benchmark-database-srd-101-e19c1
Certified Health IT Product List (CHPL) Open API,U.S. Department of Health & Human Services —The Certified Health IT Product List (CHPL) is a comprehensive and authoritative listing of all certified Health Information Technology which has been successfully...,Unknown,https://catalog.data.gov/dataset/certified-health-it-product-list-chpl-open-api
Austin Animal Center Intakes (10/01/2013 to 05/05/2025),"City of Austin —Animal Center Intakes from Oct, 1st 2013 to May, 5th 2025. Intakes represent the status of animals as they arrive at the Animal Center. All animals receive a unique...",Unknown,https://catalog.data.gov/dataset/austin-animal-center-intakes
Crash Injury Research and Engineering Network (CIREN) - CIREN data files,Department of Transportation —The CIREN process combines prospective data collection with professional multidisciplinary analysis of medical and engineering evidence to determine injury causation...,Unknown,https://catalog.data.gov/dataset/crash-injury-research-and-engineering-network-ciren-ciren-data-files
Louisville Metro KY - Animal Service Intake and Outcome,"Louisville Metro Government —Animal Services Provides for the care and control of animals in the Louisville Metro area, including pet licensing and pet adoption.Data Dictionary:kennel- Location...",Unknown,https://catalog.data.gov/dataset/louisville-metro-ky-animal-service-intake-and-outcome
2020 National Mental Health Services Survey (N-MHSS) State Profiles,"U.S. Department of Health & Human Services —These state profiles include data from facilities that reported to N-MHSS for the survey reference date April 30, 2020. The N-MHSS collects data on the location,...",Unknown,https://catalog.data.gov/dataset/2020-national-mental-health-services-survey-n-mhss-state-profiles
U.S. Electric Utility Companies and Rates: Look-up by Zipcode (2022),"Department of Energy —This dataset, compiled by NREL using data from ABB, the Velocity Suite (http://energymarketintel.com/) and the U.S. Energy Information Administration dataset 861...",Unknown,https://catalog.data.gov/dataset/u-s-electric-utility-companies-and-rates-look-up-by-zipcode-2022
Access to Archival Databases (AAD),National Archives and Records Administration —AAD provides web access to accessioned electronic Records that are in database format.,Unknown,https://catalog.data.gov/dataset/access-to-archival-databases-aad
Capital Area Food Bank Hunger Estimates,"District of Columbia —Polygons in this layer represent Census Tracts in the DMV (DC, Maryland, and Virginia). Data are included for each tract which estimate hunger and food insecurity....",Unknown,https://catalog.data.gov/dataset/capital-area-food-bank-hunger-estimates
CollectionMonthly Traffic Volume Trends,Department of Transportation —The Traffic Volume Trends montly report is a natinal data report that provides quality controlled vehicle miles traveled data for each State for all roadways,Unknown,https://catalog.data.gov/dataset/monthly-traffic-volume-trends
"Chronic Wasting Disease distribution in the United States by state and county (ver. 3.0, June 2025)","Department of the Interior —Chronic Wasting Disease (CWD) is a fatal, contagious, neuro-degenerative disease affecting multiple members of the Family Cervidae. First detected in 1967, the...",Unknown,https://catalog.data.gov/dataset/chronic-wasting-disease-distribution-in-the-united-states-by-state-and-county-ver-3-0-june
The NBS Tables of Chemical Thermodynamic Properties: Selected Values for Inorganic and C1 and C2 Organic Substances in SI Units,National Institute of Standards and Technology —Recommended values are provided for chemical thermodynamic properties of inorganic substances and for organic substances usually containing only one or two carbon...,Unknown,https://catalog.data.gov/dataset/the-nbs-tables-of-chemical-thermodynamic-properties-selected-values-for-inorganic-and-c1-a-8162e
NBER-CES Manufacturing Industry Database,"Board of Governors of the Federal Reserve System —This database is a joint effort between the National Bureau of Economic Research (NBER) and U.S. Census Bureau's Center for Economic Studies (CES), containing annual...",Unknown,https://catalog.data.gov/dataset/nber-ces-manufacturing-industry-database
Postsecondary Education Participants System,Department of Education —The Postsecondary Education Participants System (PEPS) is the Office of Federal Student Aid (FSA) management information system of all organizations that have a role...,Unknown,https://catalog.data.gov/dataset/postsecondary-education-participants-system-a9084
Property Sale History,"Arlington County, VA —For every real estate property in Arlington which has been sold, this dataset includes property sales information and can be associated with other Real Estate...",Unknown,https://catalog.data.gov/dataset/property-sale-history
2013 FEMA Cross Sections,"Earth Data Analysis Center, University of New Mexico —The National Flood Hazard Layer (NFHL) data incorporates all Digital Flood Insurance Rate Map(DFIRM) databases published by FEMA, and any Letters Of Map Revision...",Unknown,https://catalog.data.gov/dataset/2013-fema-cross-sections
Monthly Statement of the Public Debt (MSPD),Department of the Treasury —The Monthly Statement of the Public Debt (MSPD) details the Treasury's outstanding debts and the statutory debt limit. Debt is categorized by whether it is marketable...,Unknown,https://catalog.data.gov/dataset/monthly-statement-of-the-public-debt
"PLACES: Local Data for Better Health, ZCTA Data 2024 release",U.S. Department of Health & Human Services —This dataset contains model-based ZIP Code Tabulation Area (ZCTA) level estimates. PLACES covers the entire United States—50 states and the District of Columbia—at...,Unknown,https://catalog.data.gov/dataset/places-local-data-for-better-health-zcta-data-2020-release-ea5f2
US EPA Nonattainment Areas and Designations,"U.S. Environmental Protection Agency —This web service contains the following state level layers:Ozone 8-hr (1997 standard), Ozone 8-hr (2008 standard), Lead (2008 standard), SO2 1-hr (2010 standard),...",Unknown,https://catalog.data.gov/dataset/us-epa-nonattainment-areas-and-designations8
State Cancer Profiles Web site,U.S. Department of Health & Human Services —The State Cancer Profiles (SCP) web site provides statistics to help guide and prioritize cancer control activities at the state and local levels. SCP is a...,Unknown,https://catalog.data.gov/dataset/state-cancer-profiles-web-site
DOHMH MenuStat (Historical),City of New York —MenuStat.orgis an interactive online database of nutrition and menu information from top national restaurant chains. Each item is coded a mutually exclusive food...,Unknown,https://catalog.data.gov/dataset/dohmh-menustat
PPP Loans to Connecticut Businesses,"State of Connecticut —The Paycheck Protection Program (PPP) loans provide small businesses with the resources they need to maintain their payroll, hire back employees who may have been...",Unknown,https://catalog.data.gov/dataset/ppp-loans-to-connecticut-businesses
"TIGER/Line Shapefile, Current, State, California, 2020 Census Block","U.S. Census Bureau, Department of Commerce —This resource is a member of a series. The TIGER/Line shapefiles and related database files (.dbf) are an extract of selected geographic and cartographic information...",Unknown,https://catalog.data.gov/dataset/tiger-line-shapefile-current-state-california-2020-census-block
National USFS Fire Occurrence Point (Feature Layer),"Department of Agriculture —The FireOccurrence point layer represents ignition points, or points of origin, from which individual USFS wildland fires started. Data are maintained at the...",Unknown,https://catalog.data.gov/dataset/national-usfs-fire-occurrence-point-feature-layer-d3233
Data Breach Notifications Affecting Washington Residents (Personal Information Breakdown),State of Washington —Washington law requires entities impacted by a data breach to notify the Attorney General’s Office (AGO) when more than 500 Washingtonians personal information was...,Unknown,https://catalog.data.gov/dataset/data-breach-notifications-affecting-washington-residents-personal-information-breakdown
MTA Subway and Bus Lost Time Accidents: Beginning 2021,State of New York —The number of reportable job-related incidents that result in the inability of an employee to perform full job duties for at least one working day beyond the day of...,Unknown,https://catalog.data.gov/dataset/mta-subway-and-bus-lost-time-accidents-beginning-2021
Liquids pipeline projects database,"Department of Energy —EIA launched a new liquids pipeline projects database that tracks more than 200 pipeline projects for crude oil, hydrocarbon gas liquids (HGL), and other petroleum...",Unknown,https://catalog.data.gov/dataset/liquids-pipeline-projects-database
FAIN,U.S. Environmental Protection Agency —The Federal Award Identification Number (FAIN) is the unique ID within the Federal agency for each (non-aggregate) financial assistance award.,Unknown,https://catalog.data.gov/dataset/fain
Public Library Survey (PLS) 2014,Institute of Museum and Library Services —Data Files – CSV and SAS; Documentation; Annual Report; Supplementary Tables; and Data Element Definitions.,Unknown,https://catalog.data.gov/dataset/public-library-survey-pls-2014
Report Card Teacher Qualification by Grade Level School Years 2017-18 to 2023-24,"State of Washington —This file includes Report Card teacher qualification data for the 2017-18 through 2023-24 school years. Data is disaggregated by state, ESD, LEA, and school level....",Unknown,https://catalog.data.gov/dataset/report-card-teacher-qualification-by-grade-level-school-years-2017-18-to-2023-24
Numident,Social Security Administration —Database System of Record for SSA Enumeration data.,Unknown,https://catalog.data.gov/dataset/numident
Austin Crash Report Data - Crash Level Records,"City of Austin —This dataset contains traffic crash records for crashes which have occurred within current City of Austin Full Purpose boundaries, inclusive of all public safety...",Unknown,https://catalog.data.gov/dataset/vision-zero-crash-report-data
Federal Item Name Directory (H6) Search Tool,Department of Defense —The Federal Item Name Directory Search Tool is a logistics web tool developed to search for items of supply by name. Federal Item Name Directory provides item name...,Unknown,https://catalog.data.gov/dataset/federal-item-name-directory-h6-search-tool
Allegheny County Mortgage Foreclosure Records,Allegheny County / City of Pittsburgh / Western PA Regional Data Center —This data includes filings related to mortgage foreclosure in Allegheny County. The foreclosure process enables a lender to take possession of a property due to an...,Unknown,https://catalog.data.gov/dataset/allegheny-county-mortgage-foreclosure-records
Pharmacy Locations,District of Columbia —The pharmacy license dataset is pulled from the Health Regulation and Licensing Administration's Pharmacy Control Division within DC Health. RX licenses are updated...,Unknown,https://catalog.data.gov/dataset/pharmacy-locations
Shuttle Radar Topography Mission DTED Level 1 (3-arc second) Data (DTED-1),National Aeronautics and Space Administration —The Shuttle Radar Topography Mission (SRTM) successfully collected Interferometric Synthetic Aperture Radar (IFSAR) data over 80 percent of the landmass of the Earth...,Unknown,https://catalog.data.gov/dataset/shuttle-radar-topography-mission-dted-level-1-3-arc-second-data-dted-1
Public customer service operations records,Department of Homeland Security —Records from operating a customer call center or service center providing services to the public. Services may address a wide variety of topics such as understanding...,Unknown,https://catalog.data.gov/dataset/public-customer-service-operations-records-6f74b
"Motor Vehicle Registrations, 2000 - 2023 (MV-1)","Department of Transportation —Annual state-reported motor vehicle registration data for the 50 states, DC, and Puerto Rico (2000 - 2010) reported in Highway Statistics table MV-1.",Unknown,https://catalog.data.gov/dataset/motor-vehicle-registrations-2000-2023-mv-1
State Verification & Exchange System (SVES),Social Security Administration —SVES is a batch query system utilizing the File Transfer Management System that provides States and some federal agencies with a standardized method of SSN...,Unknown,https://catalog.data.gov/dataset/state-verification-exchange-system-sves
CollectionOSTI.GOV,"Department of Energy —OSTI.GOVis the primary search tool for DOE science, technology, and engineering research and development results and the organizational hub for information about the...",Unknown,https://catalog.data.gov/dataset/osti-gov
Unified Medical Language System (UMLS),"U.S. Department of Health & Human Services —The UMLS integrates and distributes key terminology, classification and coding standards, and associated resources to promote creation of more effective and...",Unknown,https://catalog.data.gov/dataset/unified-medical-language-system-umls-a4a04
PhilaDox - Property Documents,"City of Philadelphia —PhilaDox is an online database of documents filed with the City of Philadelphia Department of Records. It stores contemporary land records, including deeds, sheriff...",Unknown,https://catalog.data.gov/dataset/philadox-property-documents
Foreign Agricultural Trade of the United States (FATUS),"Department of Agriculture —The Foreign Agricultural Trade of the United States (FATUS) data page provides U.S. agricultural exports and imports, volume and value, by country and by commodity.",Unknown,https://catalog.data.gov/dataset/foreign-agricultural-trade-of-the-united-states-fatus
Black Hole-Black Hole Waveform Catalog,National Aeronautics and Space Administration —Numerically-generated gravitational waveforms for binary black holes.,Unknown,https://catalog.data.gov/dataset/black-hole-black-hole-waveform-catalog
Sex Offender Registry,"District of Columbia —Sex Offender work and home locations, created as part of the DC Geographic Information System (DC GIS) for the D.C. Office of the Chief Technology Officer (OCTO) and...",Unknown,https://catalog.data.gov/dataset/sex-offender-registry
New York City Population By Neighborhood Tabulation Areas,City of New York —Population Numbers By New York City Neighborhood Tabulation Areas The data was collected from Census Bureaus' Decennial data dissemination (SF1). Neighborhood...,Unknown,https://catalog.data.gov/dataset/new-york-city-population-by-neighborhood-tabulation-areas
Significant NRC Enforcement Actions,"Nuclear Regulatory Commission —This dataset provides a list of Nuclear Regulartory Commission (NRC) issued significant enforcement actions. These actions, referred to as ""escalated"", are issued by...",Unknown,https://catalog.data.gov/dataset/significant-nrc-enforcement-actions
DOHMH Dog Bite Data,City of New York —NYC Reported Dog Bites. Section 11.03 of NYC Health Code requires all animals bites to be reported within 24 hours of the event. Information reported assists the...,Unknown,https://catalog.data.gov/dataset/dohmh-dog-bite-data
SBA Economic Injury Disaster Loan (EIDL) Loan,Small Business Administration —SBA Coronavirus (COVID-19) Relief Options: Economic Injury Disaster Loan (EIDL) Loans Report,Unknown,https://catalog.data.gov/dataset/sba-economic-injury-disaster-loan-eidl-loan-2ca3d
California Power Plants,State of California —The power plant locations and characteristics are part of the California Energy Commission’s (CEC) California Energy Infrastructure geospatial data sets. The data is...,Unknown,https://catalog.data.gov/dataset/california-power-plants-469d0
Monthly Casino Slot Revenue for Current Year,State of Connecticut —Mohegan Sun Footnotes: (1) Monthly contributions are due to the State by the 15th of the following month. (2) Mohegan Sun did not include the value of eBonus credits...,Unknown,https://catalog.data.gov/dataset/monthly-casino-slot-revenue-for-current-year
Data on CDFI Program Awardees,Department of the Treasury —This data set contains eleven years of data provided by Community Development Financial Institutions (CDFIs) through the CDFI Fund data collection system known as the...,Unknown,https://catalog.data.gov/dataset/data-on-cdfi-program-awardees
EdSight (State education data repository),State of Connecticut —EdSight is an education data portal that integrates information from over 30 different sources – some reported by districts and others from external sources. The...,Unknown,https://catalog.data.gov/dataset/edsight-state-education-data-repository
NYC 3D Model by Community District,City of New York —The NYC 3D Model by Community District is a publicly available model consisting of every building in New York City present in 2014. The model is based on DOITT’s...,Unknown,https://catalog.data.gov/dataset/nyc-3d-model-by-community-district
"Licensed Drivers by State, 1949 - 2023 (DL-201)",Department of Transportation —Annual number of licensed drivers for the 50 states and DC from FHWA Highway Statistics table DL-201.,Unknown,https://catalog.data.gov/dataset/licensed-drivers-by-state-1949-2023
Public Housing AuthoritiesNGDA,"Department of Housing and Urban Development —This dataset denotes Public Housing Authority (PHA) office locations, contact information, and program availability. Public Housing was established to provide decent...",Unknown,https://catalog.data.gov/dataset/public-housing-authorities
"U.S. Crude Oil, Natural Gas, and Natural Gas Liquids Reserves","Department of Energy —Annual data on proved reserves of crude oil, natural gas, and natural gas liquids in the U.S. Based on EIA Form-23L data. Proved reserves are estimated volumes of...",Unknown,https://catalog.data.gov/dataset/u-s-crude-oil-natural-gas-and-natural-gas-liquids-reserves
Crime Data from 2010 to 2019,City of Los Angeles —This dataset reflects incidents of crime in the City of Los Angeles from 2010 - 2019. This data is transcribed from original crime reports that are typed on paper and...,Unknown,https://catalog.data.gov/dataset/crime-data-from-2010-to-2019
Places,"Department of Transportation —The Places dataset was published on January 01, 2024 from the U.S. Department of Commerce, U.S. Census Bureau, Geography Division and is part of the U.S. Department...",Unknown,https://catalog.data.gov/dataset/places2
Food Affordability,"State of California —This table contains data on the average cost of a market basket of nutritious food items relative to income for female-headed households with children, for...",Unknown,https://catalog.data.gov/dataset/food-affordability-fc448
Public Library Survey (PLS) 2012,Institute of Museum and Library Services —Data Files – CSV and SAS; Documentation; Annual Report; Supplementary Tables; State Profiles; Fact Sheet; Data Element Definitions; and News Release.,Unknown,https://catalog.data.gov/dataset/public-library-survey-pls-2012
AIS Vessel Tracks 2021,"National Oceanic and Atmospheric Administration, Department of Commerce —A vessel track shows the location and characteristics of commercial and recreational boats as a sequence of positions transmitted by an Automatic Identification...",Unknown,https://catalog.data.gov/dataset/ais-vessel-tracks-20211
"Texas Lottery® Sales by Fiscal Month/Year, Game and Retailer","City of Austin —Texas Lottery® sales by fiscal month/year, game and retailer with identifying information. DISCLOSURE: This information is not audited sales and reflects unadjusted...",Unknown,https://catalog.data.gov/dataset/texas-lottery-sales-by-fiscal-month-year-game-and-retailer
VetPop2023 Urban/Rural FY2023-2025,Department of Veterans Affairs —The Department of Veterans Affairs provides official estimates and projections of the Veteran population using the Veteran Population Projection Model (VetPop). Based...,Unknown,https://catalog.data.gov/dataset/vetpop2023-urban-rural-fy2023-2025
"Trade Codes Related to the Lithium-Ion Battery Supply Chain for the United States, the European Union, and the People's Republic of China",Department of the Interior —This dataset presents information concerning 8- and 10-digit trade codes related to the rechargeable lithium-ion battery (LIB) supply chain for the People's Republic...,Unknown,https://catalog.data.gov/dataset/trade-codes-related-to-the-lithium-ion-battery-supply-chain-for-the-united-states-the-euro
Surficial geology of Iran (geo2cg),"Department of the Interior —The geology data set for this map includes arcs, polygons, and labels that outline and describe the general geologic age and type of bedrock of Iran. The geologic...",Unknown,https://catalog.data.gov/dataset/surficial-geology-of-iran-geo2cg
Pregnancy Risk Assessment Monitoring System (PRAMS),"City of New York —The Pregnancy Risk Assessment Monitoring System (PRAMS) is an ongoing, population-based risk factor surveillance system designed to identify and monitor selected...",Unknown,https://catalog.data.gov/dataset/pregnancy-risk-assessment-monitoring-system-prams
Daily Corporation and Other Entity Filing Data,State of New York —This data contains Corporations and other Entities filing information that were processed in the previous thirty days. Each line contains the Department of State ID...,Unknown,https://catalog.data.gov/dataset/daily-corporation-and-other-entity-filing-data
CTA - Ridership - Daily Boarding Totals,"City of Chicago —This dataset shows systemwide boardings for both bus and rail services provided by CTA, dating back to 2001. Daytypes are as follows: W = Weekday, A = Saturday, U =...",Unknown,https://catalog.data.gov/dataset/cta-ridership-daily-boarding-totals
DHS Daily Report,City of New York —This dataset includes the daily number of families and individuals residing in the Department of Homeless Services (DHS) shelter system and the daily number of...,Unknown,https://catalog.data.gov/dataset/dhs-daily-report
Immigration Court Operational Status Map,"Department of Justice —List of immigration courts and operational statuses, with a map view and searchable by ZIP code.",Unknown,https://catalog.data.gov/dataset/immigration-court-operational-status-map
Terms of Credit Card Plans (TCCP) Survey,"Consumer Financial Protection Bureau —The TCCP is a semi-annual survey on the terms of credit card plans offered by over 150 financial institutions. Twice per year, the Bureau is required by law to...",Unknown,https://catalog.data.gov/dataset/terms-of-credit-card-plans-tccp-survey
Public Library Survey (PLS) 2016,"Institute of Museum and Library Services —Data Files – CSV, SAS, and SPSS; Documentation; Annual Report; Supplementary Tables with User Notes; State Profiles; and Data Element Definitions.",Unknown,https://catalog.data.gov/dataset/public-library-survey-pls-2016
IPAWS Archived Alerts,Department of Homeland Security —The Integrated Public Alert and Warning System (IPAWS) is a modernization of the nation's alert and warning infrastructure that unifies the United States' Emergency...,Unknown,https://catalog.data.gov/dataset/ipaws-archived-alerts
Dataset for Evaluation of Extreme Weather Impacts on Utility-Scale Photovoltaic Plant Performance in the United States,"Department of Energy —This dataset is a fusion of three data types (operations and maintenance tickets, weather data, and production data) that was used to support machine learning...",Unknown,https://catalog.data.gov/dataset/dataset-for-evaluation-of-extreme-weather-impacts-on-utility-scale-photovoltaic-plant-perf
MTA Subway Customer Journey-Focused Metrics: 2020-2024,"State of New York —Additional Platform Time (APT) is the estimated average extra time that customers spend waiting on the platform for a train, compared with their scheduled wait time....",Unknown,https://catalog.data.gov/dataset/mta-subway-customer-journey-focused-metrics-beginning-2020
NIST Synthetic Polymer MALDI Methods Database,National Institute of Standards and Technology —This resource consists of methods for matrix-assisted laser desorption ionization (MALDI) mass spectrometry on a wide variety of synthetic polymers. The methods are...,Unknown,https://catalog.data.gov/dataset/nist-synthetic-polymer-maldi-methods-database-b1631
Alternative Fuels Data Center,"Department of Energy —The Alternative Fuels Data Center (AFDC) provides information, data, and tools to help fleets and other transportation decision makers find ways to reduce petroleum...",Unknown,https://catalog.data.gov/dataset/alternative-fuels-data-center-884ca
Hazard Mitigation Grant Program - Disaster Summaries,Department of Homeland Security —The dataset contains disaster level financial information for FEMA's Hazard Mitigation Grant Program (HMGP). The purpose of HMGP is to help communities implement...,Unknown,https://catalog.data.gov/dataset/hazard-mitigation-grant-program-disaster-summaries-nemis
"Meteorology, physical oceanography, transport of water, biogeochemistry, and other parameters collected at fixed locations in the open ocean from the OceanSITES network","National Oceanic and Atmospheric Administration, Department of Commerce —This collection comprises data covering meteorology, physical oceanography, transport of water, biogeochemistry, and parameters relevant to the carbon cycle, ocean...",Unknown,https://catalog.data.gov/dataset/meteorology-physical-oceanography-transport-of-water-biogeochemistry-and-other-parameters-colle
Population Estimates: Population Estimates,"Department of Commerce —Annual Population Estimates for the United States, States, Metropolitan Statistical Areas, Micropolitan Statistical Areas, Counties, Incorporated Places, and Minor...",Unknown,https://catalog.data.gov/dataset/population-estimates-population-estimates-a5305
Mineral Commodity Summaries 2022 - COPPER Data Release,Department of the Interior —This data release contains the U.S. salient statistics and world production data extracted from the COPPER data sheet of the USGS Mineral Commodity Summaries 2022.,Unknown,https://catalog.data.gov/dataset/mineral-commodity-summaries-2022-copper-data-release
Amtrak Stations,"Department of Transportation —The Amtrak Stations dataset is as of September 03, 2025 from Amtrak and is part of the U.S. Department of Transportation (USDOT)/Bureau of Transportation Statistics...",Unknown,https://catalog.data.gov/dataset/amtrak-stations2
5-Minute Surface Weather Observations from the Automated Surface Observing Systems (ASOS) Network,"National Oceanic and Atmospheric Administration, Department of Commerce —This dataset includes five-minute reports with elements for wind speed and direction, visibility, present weather, temperature, dew point temperature, station...",Unknown,https://catalog.data.gov/dataset/5-minute-surface-weather-observations-from-the-automated-surface-observing-systems-asos-network
Microplastic and Microparticle Data from Surface Water: San Francisco Bay and Adjacent Sanctuaries,State of California —The San Francisco Estuary Institute and 5 Gyres completed a comprehensive regional study of microplastic pollution of a major urban estuary and adjacent ocean...,Unknown,https://catalog.data.gov/dataset/microplastic-and-microparticle-data-from-surface-water-san-francisco-bay-and-adjacent-sanc
System for Award Management (SAM) API,"General Services Administration —The SAM API is a RESTful method of retrieving public information about the businesses, organizations, or individuals (referred to as entities) within the SAM entity...",Unknown,https://catalog.data.gov/dataset/system-for-award-management-sam-api
Crimes - One year prior to present,City of Chicago —This dataset reflects reported incidents of crime (with the exception of murders where data exists for each victim) that have occurred in the City of Chicago over the...,Unknown,https://catalog.data.gov/dataset/crimes-one-year-prior-to-present
National Animal Health Monitoring System,"Department of Agriculture —The National Animal Health Monitoring System (NAHMS) Program Unit conducts national studies on the health, management, and productivity of United States domestic...",Unknown,https://catalog.data.gov/dataset/national-animal-health-monitoring-system
2024 Annual Technology Baseline (ATB) Cost and Performance Data for Electricity Generation Technologies,"Department of Energy —These data provide the 2024 update of the Electricity Annual Technology Baseline (ATB). Starting in 2015 NREL has presented the ATB, consisting of detailed cost and...",Unknown,https://catalog.data.gov/dataset/2024-annual-technology-baseline-atb-cost-and-performance-data-for-electricity-generation-t
2024 Buildings Technology Baseline,"Department of Energy —The Buildings Technology Baseline is a curated and regularly updated dataset of current and projected performance, retail, and installed price data for all major...",Unknown,https://catalog.data.gov/dataset/2024-buildings-technology-baseline
2015-16 Gifted and Talented Enrollment Estimations,"Department of Education —This Excel file contains data on students enrolled in gifted and talented programs for all states. The file contains three spreadsheets: total students, male...",Unknown,https://catalog.data.gov/dataset/2015-16-gifted-and-talented-enrollment-estimations-6b706
Actuarial Information Browser,Department of Agriculture —The Actuarial Information Browser is a web based tool that allows users to view actuarial data and other information regarding commodities insured under the Federal...,Unknown,https://catalog.data.gov/dataset/actuarial-information-browser
Freight Facts and Figures,"Department of Transportation —Freight Facts and Figures, developed by the Bureau of Transportation Statistics, is a collection of charts and statistical tables about freight transportation in the...",Unknown,https://catalog.data.gov/dataset/freight-facts-and-figures
Low-Income Housing Tax Credit (LIHTC) PropertiesNGDA,Department of Housing and Urban Development —The Low-Income Housing Tax Credit (LIHTC) property locations depicted in this map service represent the general location of the property. The locations of individual...,Unknown,https://catalog.data.gov/dataset/low-income-housing-tax-credit-lihtc-properties
Cohort Default Rates,Department of Education —A cohort default rate is the percentage of a school's borrowers who enter repayment on certain Federal Family Education Loan (FFEL) Program or William D. Ford Federal...,Unknown,https://catalog.data.gov/dataset/cohort-default-rates-c4719
"Current Employee Names, Salaries, and Position Titles","City of Chicago —This dataset is a listing of all active City of Chicago employees, complete with full names, departments, positions, employment status (part-time or full-time),...",Unknown,https://catalog.data.gov/dataset/current-employee-names-salaries-and-position-titles
Quarterly Census Employment and Wage (QCEW),U.S. Department of Labor Bureau of Labor Statistics —The Quarterly Census of Employment and Wages (QCEW) program publishes a quarterly count of employment and wages reported by employers covering 98 percent of U.S....,Unknown,https://catalog.data.gov/dataset/quarterly-census-employment-and-wage-qcew-f4418
Provisional COVID-19 Deaths by Sex and Age,"U.S. Department of Health & Human Services —Effective September 27, 2023, this dataset will no longer be updated. Similar data are accessible fromwonder.cdc.gov. Deaths involving COVID-19, pneumonia, and...",Unknown,https://catalog.data.gov/dataset/provisional-covid-19-death-counts-by-sex-age-and-state
NASA 3D Models: Terra,"National Aeronautics and Space Administration —NASA launched the Earth Observing System's flagship satellite Terra, named for Earth, on December 18, 1999. Terra has been collecting data about Earth's changing...",Unknown,https://catalog.data.gov/dataset/nasa-3d-models-terra
Commercial Landing System,"National Oceanic and Atmospheric Administration, Department of Commerce —The Fisheries Statistics Division of the NOAA Fisheries has automated data summary programs that anyone can use to rapidly and easily summarize U.S. commercial...",Unknown,https://catalog.data.gov/dataset/commercial-landing-system1
Building and Safety - Building Permits Issued from 2020 to Present (N),"City of Los Angeles —The Department of Building and Safety issues permits for the construction, remodeling, and repair of buildings and structures in the City of Los Angeles. Permits are...",Unknown,https://catalog.data.gov/dataset/building-and-safety-building-permits-issued-from-2020-to-present-n
Affordable Housing 10-year Expiration Forecast,"State of Oregon —OHCS must maintain an online database on its website with key details about publicly supported housing properties. If you have questions regarding this data, please...",Unknown,https://catalog.data.gov/dataset/affordable-housing-10-year-expiration-forecast
"TIGER/Line Shapefile, 2021, Nation, U.S., Counties and Equivalent Entities","U.S. Census Bureau, Department of Commerce —The TIGER/Line shapefiles and related database files (.dbf) are an extract of selected geographic and cartographic information from the U.S. Census Bureau's Master...",Unknown,https://catalog.data.gov/dataset/tiger-line-shapefile-2021-nation-u-s-counties-and-equivalent-entities
Evictions,"City of New York —This dataset lists executed evictions within the five boroughs for the years 2017-Present (data prior to January 1, 2017, is not available). The data fields may be...",Unknown,https://catalog.data.gov/dataset/evictions
VSRR Provisional Drug Overdose Death Counts,U.S. Department of Health & Human Services —This data presents provisional counts for drug overdose deaths based on a current flow of mortality data in the National Vital Statistics System. Counts for the most...,Unknown,https://catalog.data.gov/dataset/vsrr-provisional-drug-overdose-death-counts
NETL's Carbon Capture and Storage Database,"Department of Energy —NETL's Carbon Capture and Storage Database includes active, proposed, canceled, and terminated CCS projects worldwide. Information in the database regarding...",Unknown,https://catalog.data.gov/dataset/netls-carbon-capture-and-storage-database
Telemedicine Use in the Last 4 Weeks,"U.S. Department of Health & Human Services —To rapidly monitor recent changes in the use of telemedicine, the National Center for Health Statistics (NCHS) and the Health Resources and Services Administration’s...",Unknown,https://catalog.data.gov/dataset/telemedicine-use-in-the-last-4-weeks-5229c
"Early Childhood Longitudinal Study, Birth Cohort","Department of Education —The Early Childhood Longitudinal Study, Birth Cohort (ECLS-B), is a study that is part of the Early Childhood Longitudinal Study program; program data is available...",Unknown,https://catalog.data.gov/dataset/early-childhood-longitudinal-study-birth-cohort-90978
Air Quality History,District of Columbia —This dataset contains quality assured and DOEE-certified air quality data collected from the District’s five air monitoring network sites. The dataset covers a three-...,Unknown,https://catalog.data.gov/dataset/air-quality-history
Utah FORGE: Well 56-32 Drilling Data and Logs,"Department of Energy —This dataset consists of drilling data (Pason data spreadsheets, daily reports, days v. depth, mud logs), Schlumberger logs (FMI, shear anisotropy analysis, memory,...",Unknown,https://catalog.data.gov/dataset/utah-forge-well-56-32-drilling-data-and-logs-886e0
Dynamically Downscaled Hourly Future Weather Data with 12-km Resolution Covering Most of North America,"Department of Energy —This is an hourly future weather dataset for energy modeling applications. The dataset is primarily based on the output of a regional climate model (RCM), i.e., the...",Unknown,https://catalog.data.gov/dataset/dynamically-downscaled-hourly-future-weather-data-with-12-km-resolution-covering-most-of-n
311 Customer Satisfaction Survey,City of New York —NYC311 Customer Satisfaction (CSAT) surveys provide 311 customers with an opportunity to provide feedback on the performance of 311 call takers in providing timely...,Unknown,https://catalog.data.gov/dataset/311-customer-satisfaction-survey
"USDA Database for the Flavonoid Content of Selected Foods, Release 3.3 (March 2018)","Department of Agriculture —The database contains values for 506 food items for five subclasses of flavonoids: FLAVONOLS:Quercetin, Kaempferol, Myricetin, Isorhamnetin FLAVONES: Luteolin,...",Unknown,https://catalog.data.gov/dataset/usda-database-for-the-flavonoid-content-of-selected-foods-release-3-3-march-2018-7be7a
Gasoline Retail Prices Weekly Average by Region: Beginning January 2017,State of New York —Gasoline retail prices weekly average by region dataset provides the weekly average retail gasoline prices for New York State and sixteen New York metropolitan...,Unknown,https://catalog.data.gov/dataset/gasoline-retail-prices-weekly-average-by-region-beginning-2007
Census Tracts in 2020,District of Columbia —Census Tracts from 2020. The TIGER/Line shapefiles are an extract of selected geographic and cartographic information from the U.S. Census Bureau's Master Address File...,Unknown,https://catalog.data.gov/dataset/census-tracts-in-2020
"Baccalaureate and Beyond Longitudinal Study, 2016",Department of Education —The 2016 Baccalaureate and Beyond Longitudinal Study (B&B:16) is a study that is part of the Baccalaureate and Beyond Longitudinal Study (B&B) program;...,Unknown,https://catalog.data.gov/dataset/baccalaureate-and-beyond-longitudinal-study-2016-73460
World Ocean Atlas 2023,"National Oceanic and Atmospheric Administration, Department of Commerce —World Ocean Atlas 2023 (WOA23) is a set of objectively analyzed (one degree grid and quarter degree grid) climatological fields of in situ temperature, salinity,...",Unknown,https://catalog.data.gov/dataset/world-ocean-atlas-2023
NCEP/NCAR Reanalysis (1948-present),"National Oceanic and Atmospheric Administration, Department of Commerce —The NCEP/NCAR Reanalysis 1 project is using a state-of-the-art analysis/forecast system to perform data assimilation using past data from 1948 to the present. Data is...",Unknown,https://catalog.data.gov/dataset/ncep-ncar-reanalysis-1948-present
Aviation Safety Reporting System: Maintenance Reports,National Aeronautics and Space Administration —A sampling of reports from aircraft maintenance personnel.,Unknown,https://catalog.data.gov/dataset/aviation-safety-reporting-system-maintenance-reports
Dams,"Department of Transportation —The Dams dataset is a representation of the National Inventory of Dams (NID), maintained and published by the U.S. Army Corps of Engineers, in cooperation with the...",Unknown,https://catalog.data.gov/dataset/dams2
Postsecondary School Locations 2022-23,Department of Education —The National Center for Education Statistics’ (NCES) Education Demographic and Geographic Estimates (EDGE) program develops annually updated point locations (latitude...,Unknown,https://catalog.data.gov/dataset/postsecondary-school-locations-2022-23
"2007 Census of Agriculture Race, Ethnicity and Gender Profile Data","Department of Agriculture —This file contains data on race, ethnicity, and gender of U.S. farm and ranch operators collected by the 2007 Census of Agriculture.",Unknown,https://catalog.data.gov/dataset/2007-census-of-agriculture-race-ethnicity-and-gender-profile-data
Connecticut Business Registry - Business Filing History,"State of Connecticut —This is the business filing table from the Connecticut Business Registry, maintained by the Secretary of the State, Business Services Division. It contains all of the...",Unknown,https://catalog.data.gov/dataset/connecticut-business-registry-business-filing-history
Oregon ZIP Codes,State of Oregon —US Postal Service Zone Improvement Plan (ZIP) Codes are used throughout the United States to improve mail delivery. There are 479 unique 5-digit ZIP Codes in Oregon...,Unknown,https://catalog.data.gov/dataset/oregon-zip-codes
"TIGER/Line Shapefile, Current, State, Florida, County Subdivision","U.S. Census Bureau, Department of Commerce —This resource is a member of a series. The TIGER/Line shapefiles and related database files (.dbf) are an extract of selected geographic and cartographic information...",Unknown,https://catalog.data.gov/dataset/tiger-line-shapefile-current-state-florida-county-subdivision
AMS Market News Historical Annual  Summaries,"Department of Agriculture —The primary function of the AMS Market News Program is to compile and disseminate information that will aid producers, consumers, and distributors in the sale and...",Unknown,https://catalog.data.gov/dataset/ams-market-news-historical-annual-summaries
"Open Data Portal (ODP) Bulk Datasets API (Search, Product Data, and Download)",Department of Commerce —Search - Conduct a search of the repository of raw public bulk data. It contains research datasets from the Office of the Chief Economist. The files are updated on a...,Unknown,https://catalog.data.gov/dataset/open-data-portal-odp-bulk-datasets-api-search-product-data-and-download
Current Population Survey Annual Social and Economic Supplement,Department of Commerce —The Annual Social and Economic Supplement or March CPS supplement is the primary source of detailed information on income and work experience in the United States....,Unknown,https://catalog.data.gov/dataset/current-population-surveyannual-social-and-economicsupplement-980f9
Waiting List Applications for Midtown Core Zone Vending License,"City of New York —A General Vendor license is required to sell, lease, or offer to sell or lease goods or services in a public place that is not a store. There is no limit on the...",Unknown,https://catalog.data.gov/dataset/waiting-list-applications-for-midtown-core-zone-vending-license
Report Card Teacher Qualification by Content Area School Years 2021-22 to 2023-24,"State of Washington —This file includes Report Card teacher qualification by content area data for the 2021-22 through 2023-24 school years. Data is disaggregated by state, ESD, LEA, and...",Unknown,https://catalog.data.gov/dataset/report-card-teacher-qualification-by-content-area-school-years-2021-22-to-2023-24
Cao et al 20xx Data Set (Version 1),U.S. Environmental Protection Agency —HF183/BacR287 qPCR data from standard curves and coastal water samples used to seed simulations in study. This dataset is associated with the following publication:...,Unknown,https://catalog.data.gov/dataset/cao-et-al-20xx-data-set-version-1
NCHS - Drug Poisoning Mortality by State: United States,"U.S. Department of Health & Human Services —This dataset describes drug poisoning deaths at the U.S. and state level by selected demographic characteristics, and includes age-adjusted death rates for drug...",Unknown,https://catalog.data.gov/dataset/nchs-drug-poisoning-mortality-by-state-united-states
ASTER Global Digital Elevation Model V003,National Aeronautics and Space Administration —The Terra Advanced Spaceborne Thermal Emission and Reflection Radiometer (ASTER) Global Digital Elevation Model (GDEM) Version 3 (ASTGTM) provides a global digital...,Unknown,https://catalog.data.gov/dataset/aster-global-digital-elevation-model-v003-da807
"Report on U.S. Methane Emissions 1990-2020: Inventories, Projections, and Opportunities for Reductions: 2001 Updated emission and cost estimates","U.S. Environmental Protection Agency —This dataset contains relative and absolute forecasts of emissions through 2020 for landfills, natural gas and oil systems, coal mines, manure management and enteric...",Unknown,https://catalog.data.gov/dataset/report-on-u-s-methane-emissions-1990-2020-inventories-projections-and-opportunities-for-re
"Conditions Contributing to COVID-19 Deaths, by State and Age, Provisional 2020-2023","U.S. Department of Health & Human Services —Effective September 27, 2023, this dataset will no longer be updated. Similar data are accessible fromwonder.cdc.gov. This dataset shows health conditions and...",Unknown,https://catalog.data.gov/dataset/conditions-contributing-to-deaths-involving-coronavirus-disease-2019-covid-19-by-age-group
2008-2010 NSDUH Substate Region Estimates - Excel and CSV Tables,U.S. Department of Health & Human Services —This page presents the excel tables summarizing the 2008-2010 NSDUH State and substate regions.,Unknown,https://catalog.data.gov/dataset/2008-2010-nsduh-substate-region-estimates-excel-and-csv-tables
Airport Runway and Taxiway,"District of Columbia —Taxiway, Apron: Delineate footprint of the following features. A taxiway connects aircraft to other areas and facilities of an airport. The apron is an area of an...",Unknown,https://catalog.data.gov/dataset/airport-runway-and-taxiway
HUD-Insured Multifamily Mortgages Database,Department of Housing and Urban Development —This file includes all active HUD Multifamily insured mortgages. The data is updated monthly.,Unknown,https://catalog.data.gov/dataset/insured-multifamily-mortgages-database
USGS Water Use Data for the Nation - National Water Information System (NWIS),Department of the Interior —The U.S. Geological Survey's National Water-Use Information Program is responsible for compiling and disseminating the nation's water-use data. The USGS works in...,Unknown,https://catalog.data.gov/dataset/usgs-water-use-data-for-the-nation-national-water-information-system-nwis
Veterans Equitable Resource Allocation (VERA),"Department of Veterans Affairs —The Veterans Equitable Resource Allocation (VERA) database, is operated by the Allocation Resource Center (ARC) in Braintree, MA. The ARC is part of the Resource...",Unknown,https://catalog.data.gov/dataset/veterans-equitable-resource-allocation-vera
SBA Paycheck Protection Program (PPP) Loan,Small Business Administration —SBA Coronavirus (COVID-19) Relief Options: Paycheck Protection Program (PPP) Report and Data,Unknown,https://catalog.data.gov/dataset/sba-paycheck-protection-program-ppp-loan-843c1
Report Card Graduation 2023-24,"State of Washington —This file includes Report Card Graduation data for the 2023-24 school year. This data is disaggregated by school, district, county, ESD, and state levels and includes...",Unknown,https://catalog.data.gov/dataset/report-card-graduation-2023-24-054a5
CDC Wastewater Data for SARS-CoV-2,U.S. Department of Health & Human Services —This dataset provides a complete time history of SARS-CoV-2 wastewater sample data and calculated metrics from US sampling locations. Learn more at:...,Unknown,https://catalog.data.gov/dataset/cdc-wastewater-data-for-sars-cov-2
Truck Stop Parking,"Department of Transportation —The Truck Stop Parking dataset was compiled on April 09, 2019 from the Federal Highway Administration (FHWA) and is part of the U.S. Department of Transportation...",Unknown,https://catalog.data.gov/dataset/truck-stop-parking1
CGB - Consumer Complaints Data,"Federal Communications Commission —Individual informal consumer complaint data detailing complaints filed with the Consumer Help Center beginning October 31, 2014. This data represents information...",Unknown,https://catalog.data.gov/dataset/cgb-consumer-complaints-data
City of Austin Employee attrition rate,City of Austin —This dataset provides employee attrition or turnover rate. This data is reported to provide city leaders with a measure that enables them make decisions about their...,Unknown,https://catalog.data.gov/dataset/gtw-d-4-employee-attrition-rate-553c5
[Extramural Research] Emission & Generation Resource Integrated Database (eGRID),U.S. Environmental Protection Agency —The Emissions & Generation Resource Integrated Database (eGRID) is a comprehensive source of data on characteristics of almost all electric power generated in the...,Unknown,https://catalog.data.gov/dataset/extramural-research-emission-generation-resource-integrated-database-egrid
Rail Equipment Accident/Incident Data (Form 54) Subset – Unique Train Accidents (Not at Grade Crossings),Department of Transportation —October 2025 - Dataset View and OData/API Connection Change Notice - Please Read:https://data.transportation.gov/stories/s/6kdh-gsgxRail equipment...,Unknown,https://catalog.data.gov/dataset/rail-equipment-accident-incident-data-form-54-subset-unique-train-accidents-not-at-grade-c
Fair Market Rents lookup tool,"Department of Housing and Urban Development —Fair Market Rents (FMRs) are used to determine payment standard amounts for the Housing Choice Voucher program, to determine initial renewal rents for some expiring...",Unknown,https://catalog.data.gov/dataset/fair-market-rents-for-the-section-8-housing-assistance-payments-program
"School Neighborhood Poverty Estimates, 2020-21",Department of Education —The 2020-2021 School Neighborhood Poverty Estimates are based on school locations from the 2020-2021 Common Core of Data (CCD) school file and income data from...,Unknown,https://catalog.data.gov/dataset/school-neighborhood-poverty-estimates-2020-21
MTA Monthly Ridership / Traffic Data: Beginning January 2008,"State of New York —This dataset provides systemwide ridership and traffic estimates for subways (including the Staten Island Railway), NYCT bus, MTA Bus, Long Island Rail Road, Metro-...",Unknown,https://catalog.data.gov/dataset/mta-monthly-ridership-traffic-data-beginning-january-2008
Type 2 Diabetes,State of Oklahoma —Decrease the percentage of people with Type 2 diabetes from 11.2% in 2014 to 10.1% by 2019.,Unknown,https://catalog.data.gov/dataset/type-2-diabetes
National Database of Childcare Prices,Department of Labor —This database provides county-level childcare prices for most states in the United States over 14 years. The childcare price data are combined with county-level data...,Unknown,https://catalog.data.gov/dataset/national-database-of-childcare-costs-054fe
"TIGER/Line Shapefile, 2022, State, California, CA, Census Tract","U.S. Census Bureau, Department of Commerce —The TIGER/Line shapefiles and related database files (.dbf) are an extract of selected geographic and cartographic information from the U.S. Census Bureau's Master...",Unknown,https://catalog.data.gov/dataset/tiger-line-shapefile-2022-state-california-ca-census-tract
California Public Schools 2024-25,State of California —This layer serves as the authoritative geographic data source for California's K-12 public school locations during the 2024-25 academic year. Schools are mapped as...,Unknown,https://catalog.data.gov/dataset/california-public-schools-2024-25
Electric Vehicle Title and Registration Activity,State of Washington —This shows records of title activity (transactions recording changes of ownership) and registration activity (transactions authorizing vehicles to be used on...,Unknown,https://catalog.data.gov/dataset/electric-vehicle-title-and-registration-activity
Crash Data,"Town of Cary, North Carolina —This dataset contains crash information from the last five years to the current date. The data is based on the National Incident Based Reporting System (NIBRS). The...",Unknown,https://catalog.data.gov/dataset/crash-data
ChemIDplus,"U.S. Department of Health & Human Services —ChemIDplus, the Chemical Identification Plus Database, is no longer updated. These are the final files from February 22, 2023. All ChemIDplus data have been...",Unknown,https://catalog.data.gov/dataset/chemidplus-subset-33c85
Numident Online Verification Utility (NOVU),Social Security Administration —NOVU is a mainframe application that accesses the NUMIDENT to perform real-time SSN verifications. This program is called by other SSA online programs that serve as...,Unknown,https://catalog.data.gov/dataset/numident-online-verification-utility-novu
Job Applicants by Gender and Ethnicity,City of Los Angeles —City of LA job applicants by the job they applied for and demographic information. We are currently undergoing a data inventory to improve usability on the site....,Unknown,https://catalog.data.gov/dataset/job-applicants-by-gender-and-ethnicity
"DPSCS Releasees Returned to Corrections within One, Two, and Three Years of Release: 1999 - 2012",State of Maryland —The key metric of recidivism for Maryland and for the Department of Public Safety and Correctional Services (DPSCS) is the cumulative percentage of releasees who...,Unknown,https://catalog.data.gov/dataset/dpscs-releasees-returned-to-corrections-within-one-two-and-three-years-of-release-1999-201
"Health, United States","U.S. Department of Health & Human Services —Health, United States is the report on the health status of the country. Every year, the report presents an overview of national health trends organized around four...",Unknown,https://catalog.data.gov/dataset/health-united-states-e04e6
Subcontracting Directory for Small Businesses,"General Services Administration —The GSA Subcontracting Directory list large Prime Contractors who, by law, are required to establish plans and goals for subcontracting with Small Business Firms.",Unknown,https://catalog.data.gov/dataset/subcontracting-directory-for-small-businesses
NIST CAD Models and STEP Files with PMI,National Institute of Standards and Technology —NIST has created a Test System to measure conformance of Computer-Aided Design (CAD) software to American Society of Mechanical Engineers (ASME) standards for Product...,Unknown,https://catalog.data.gov/dataset/nist-cad-models-and-step-files-with-pmi-3bb54
"National Coral Reef Monitoring Program: Stratified Random Surveys (StRS) of Reef Fish, including Benthic Estimate Data of the Hawaiian Archipelago since 2013","National Oceanic and Atmospheric Administration, Department of Commerce —The stationary point count (SPC) method is used to conduct reef fish surveys in the Hawaiian and Mariana Archipelagos, American Samoa, and the Pacific Remote Island...",Unknown,https://catalog.data.gov/dataset/national-coral-reef-monitoring-program-stratified-random-surveys-strs-of-reef-fish-includi-20133
Financial Fraud,Department of Homeland Security —This dataset includes infomration about how HSI willl continue to leverage its unique investigative authorities to investigate financial fraud schemes.,Unknown,https://catalog.data.gov/dataset/financial-fraud
Work Stoppages,"U.S. Department of Labor Bureau of Labor Statistics —The Work Stoppages program provides monthly and annual data and analysis of major work stoppages involving 1,000 or more workers lasting one full shift or longer. The...",Unknown,https://catalog.data.gov/dataset/work-stoppages-9caf4
Standard Occupational Classification,U.S. Department of Labor Bureau of Labor Statistics —The 2018 Standard Occupational Classification (SOC) system is a federal statistical standard used by federal agencies to classify workers into occupational categories...,Unknown,https://catalog.data.gov/dataset/standard-occupational-classification-da7d9
EnviroAtlas - Public outdoor recreational area (per capita) within walking distance for the conterminous United States,"U.S. Environmental Protection Agency —This EnviroAtlas dataset measures accessibility (i.e., proximity or nearness) of public outdoor recreational areas within an 800 meter walk (approximately 1/2 mile or...",Unknown,https://catalog.data.gov/dataset/enviroatlas-public-outdoor-recreational-area-per-capita-within-walking-distance-for-the-co
Lottery Daily Numbers/Win-4 Winning Numbers: Beginning 1980,State of New York —Go tohttp://on.ny.gov/1Cx6zvsorhttp://on.ny.gov/1KYjE6Xon the New York Lottery website for past Daily Numbers/Win-4 results and payouts.,Unknown,https://catalog.data.gov/dataset/lottery-daily-numbers-win-4-winning-numbers-beginning-1980
Apartment Market Rent Prices by Census Tract,City of Seattle —Displacement risk indicator classifying census tracts according to apartment rent prices in census tracts. We classify apartment rent along two dimensions: The...,Unknown,https://catalog.data.gov/dataset/apartment-market-rent-prices-by-census-tract
MTA Bridges & Tunnels Safety Indicators: Beginning 2018,"State of New York —This dataset provides information on various indicators of safety measured by MTA Bridges & Tunnels, along with targets for some indicators. The indicators are a...",Unknown,https://catalog.data.gov/dataset/mta-bridges-tunnels-safety-indicators-beginning-2018
Occupational Information Network (O*NET) Production Database data,"Department of Labor —Comprehensive profile of occupational descriptors and characteristics for 923 O*NET-SOC occupations. Includes, knowledge, skills, abilities, tasks, work activities...",Unknown,https://catalog.data.gov/dataset/occupational-information-network-onet-production-database-data-87f52
BLM National PLSS Public Land Survey System PolygonsNGDA,Department of the Interior —This dataset represents the GIS Version of the Public Land Survey System including both rectangular and non-rectangular surveys. The primary source for the data is...,Unknown,https://catalog.data.gov/dataset/blm-national-plss-public-land-survey-system-polygons-b9948
Commissioned NYS Notaries Public,State of New York —This data contains active Commissioned Notaries Public from New York State Department of State (DOS). Each line will be either an individual or business licensee...,Unknown,https://catalog.data.gov/dataset/commissioned-nys-notaries-public
Annual Personal Income for State of Iowa,State of Iowa —This dataset provides annual personal income estimates for State of Iowa produced by the U.S. Bureau of Economic Analysis beginning in 1997. Data includes the...,Unknown,https://catalog.data.gov/dataset/annual-personal-income-for-state-of-iowa
"NCHS - Birth Rates for Unmarried Women by Age, Race, and Hispanic Origin: United States","U.S. Department of Health & Human Services —This dataset includes birth rates for unmarried women by age group, race, and Hispanic origin in the United States since 1970. Methods for collecting information on...",Unknown,https://catalog.data.gov/dataset/nchs-birth-rates-for-unmarried-women-by-age-race-and-hispanic-origin-united-states
Insider Transactions Data Sets,"Securities and Exchange Commission —Under Section 16 of the Securities Exchange Act of 1934, senior executives, directors, and large-block shareholders are required to make ongoing filings about their...",Unknown,https://catalog.data.gov/dataset/insider-transactions-data-sets
Police Department Investigated Hate Crimes,City of San Francisco —A. SUMMARY These data represent hate crimes reported by the SFPD to the California Department of Justice. Read the detailed overview of this dataset here. What is a...,Unknown,https://catalog.data.gov/dataset/police-department-investigated-hate-crimes
ASTEROID NAMES AND DISCOVERY V7.0,"National Aeronautics and Space Administration —This data set lists name, designation(s), and discovery circumstances for all asteroids numbered as of the given stop date. It is compiled and maintain by David...",Unknown,https://catalog.data.gov/dataset/asteroid-names-and-discovery-v7-0-d78bb
Principal Ports,Department of Transportation —The Principal Ports dataset is periodically updated by the United States Army Corp of Engineers (USACE) and is part of the U.S. Department of Transportation...,Unknown,https://catalog.data.gov/dataset/principal-ports5
National Survey of Child and Adolescent Well-Being (NSCAW),"U.S. Department of Health & Human Services —The National Survey of Child and Adolescent Well-Being (NSCAW) is a nationally representative, longitudinal survey of children and families who have been the subjects...",Unknown,https://catalog.data.gov/dataset/national-survey-of-child-and-adolescent-well-being-nscaw
Healthcare Payments Data (HPD) Healthcare Measures,"State of California —This dataset contains data for the Healthcare Payments Data (HPD) Healthcare Measures report. The data cover three measurement categories: Health conditions,...",Unknown,https://catalog.data.gov/dataset/healthcare-payments-data-hpd-healthcare-measures-9f673
Time Series International Trade: Monthly U.S. Exports by North American Industry Classification System (NAICS) Code,Department of Commerce —The Census data API provides access to the most comprehensive set of data on current month and cumulative year-to-date exports using the North American Industry...,Unknown,https://catalog.data.gov/dataset/time-series-international-trade-monthly-u-s-exports-by-north-american-industry-classificat
WaveWatch III (WW3) Global Wave Model,"National Oceanic and Atmospheric Administration, Department of Commerce —Through a collaborative effort with NOAA/NCEP and NWS Honolulu, the University of Hawaii has implemented a global-scale WaveWatch III (WW3) 7-day model with a 5-day...",Unknown,https://catalog.data.gov/dataset/wavewatch-iii-ww3-global-wave-model1
Road Traffic Injuries,"State of California —This table contains data on the annual number of fatal and severe road traffic injuries per population and per miles traveled by transport mode, for California, its...",Unknown,https://catalog.data.gov/dataset/road-traffic-injuries-0935b
New York City Bike Routes,"City of New York —The New York City Department of Transportation (NYC DOT) builds and manages bicycle facilities across the five boroughs, alongside other City agencies, New York...",Unknown,https://catalog.data.gov/dataset/new-york-city-bike-routes
Report Card Assessment Data 2024-25 School Year,"State of Washington —This file includes Report Card assessment data from the 2024-2025 school year. Data is disaggregated by school, district, and the state level and includes counts of...",Unknown,https://catalog.data.gov/dataset/report-card-assessment-data-2024-25-school-year
Daily Treasury Real Yield Curve Rates,"Department of the Treasury —These rates are commonly referred to as ""Real Constant Maturity Treasury"" rates, or R-CMTs. Real yields on Treasury Inflation Protected Securities (TIPS) at ""constant...",Unknown,https://catalog.data.gov/dataset/daily-treasury-real-yield-curve-rates
"Shifts in U.S. Merchandise Trade, 2023",US International Trade Commission —Companion dataset for the Trade Shifts 2023 report.,Unknown,https://catalog.data.gov/dataset/shifts-in-u-s-merchandise-trade-2023
"School Attendance by Student Group and District, 2021-2022",State of Connecticut —This dataset includes the attendance rate for public school students PK-12 by student group and by district during the 2021-2022 school year. Student groups include:...,Unknown,https://catalog.data.gov/dataset/school-attendance-by-student-group-and-district-2021-2022
"Historical Map & Chart Collection of NOAA's Nautical Charts, Hydrographic Surveys, Topographic Surveys, Geodetic Surveys, City Plans, and Civil War Battle Maps Starting from the mid 1700's","National Oceanic and Atmospheric Administration, Department of Commerce —The Historical Map and Chart Collection of the Office of Coast Survey contains over 35000 historical maps and charts from the mid 1700s up through the 2020s,...",Unknown,https://catalog.data.gov/dataset/historical-map-chart-collection-of-noaas-nautical-charts-hydrographic-surveys-topographic-surve1
Climate Forecast System Version 2 (CFSv2) Operational Forecasts,"National Oceanic and Atmospheric Administration, Department of Commerce —The Climate Forecast System Version 2 (CFSv2) produced by the NOAA National Centers for Environmental Prediction (NCEP) is a fully coupled model representing the...",Unknown,https://catalog.data.gov/dataset/climate-forecast-system-version-2-cfsv2-operational-forecasts1
"TIGER/Line Shapefile, 2016,  nation, U.S., Primary Roads National Shapefile","U.S. Census Bureau, Department of Commerce —The TIGER/Line shapefiles and related database files (.dbf) are an extract of selected geographic and cartographic information from the U.S. Census Bureau's Master...",Unknown,https://catalog.data.gov/dataset/tiger-line-shapefile-2016-nation-u-s-primary-roads-national-shapefile
"Weekly Provisional Counts of Deaths by State and Select Causes, 2020-2023","U.S. Department of Health & Human Services —Effective September 27, 2023, this dataset will no longer be updated. Similar data are accessible fromwonder.cdc.gov. Provisional counts of deaths by the week the...",Unknown,https://catalog.data.gov/dataset/weekly-counts-of-deaths-by-state-and-select-causes-2019-2020
"2022 Cartographic Boundary File (SHP), Current Census Tract for United States, 1:500,000","U.S. Census Bureau, Department of Commerce —The 2022 cartographic boundary shapefiles are simplified representations of selected geographic areas from the U.S. Census Bureau's Master Address File /...",Unknown,https://catalog.data.gov/dataset/2022-cartographic-boundary-file-shp-current-census-tract-for-united-states-1-500000
National Archives Catalog and API,"National Archives and Records Administration —The National Archives Catalog is the online catalog of NARA's nationwide holdings in the Washington, DC area, Regional Archives, and Presidential Libraries.",Unknown,https://catalog.data.gov/dataset/national-archives-catalog-and-api
NYC Open Data Plan: Future Releases,"City of New York —NOTE: To review the latest plan, make sure to filter the ""Report Year"" column to the latest year. This dataset lists all datasets reported by agencies in their...",Unknown,https://catalog.data.gov/dataset/nyc-open-data-plan-future-releases-f6a4e
Citi Bike System Data,City of New York —Data to solve Citi Bike's Big Idea. Citi Bike Live Station Feed (JSON) -https://gbfs.citibikenyc.com/gbfs/en/station_status.jsonPlease note: Files not prefixed...,Unknown,https://catalog.data.gov/dataset/citi-bike-system-data
"CollectionTIGERweb, 2017, Series Information for the TIGERweb, Web Mapping Service and REST files","U.S. Census Bureau, Department of Commerce —TIGERweb allows the viewing of TIGER spatial data online and for TIGER data to be streamed to your mapping application. TIGERweb consists of a web mapping service and...",Unknown,https://catalog.data.gov/dataset/tigerweb-2017-series-information-for-the-tigerweb-web-mapping-service-and-rest-files
Aviation Facilities,Federal Geographic Data Committee —The Aviation Facilities dataset is updated every 28 days from the Federal Aviation Administration (FAA) and is part of the U.S. Department of Transportation...,Unknown,https://catalog.data.gov/dataset/aviation-facilities-fcf79
HCUPnet,U.S. Department of Health & Human Services —HCUPnet is an online data tool based on data from the Healthcare Cost and Utilization Project (HCUP). The data tool provides healthcare statistics and information for...,Unknown,https://catalog.data.gov/dataset/hcupnet
"International Best Track Archive for Climate Stewardship (IBTrACS) Project, Version 4.01","National Oceanic and Atmospheric Administration, Department of Commerce —The International Best Track Archive for Climate Stewardship (IBTrACS) provides location and intensity for global tropical cyclones. The data span from the 1840s to...",Unknown,https://catalog.data.gov/dataset/international-best-track-archive-for-climate-stewardship-ibtracs-project-version-4-01
EPA Enforcement and Compliance History Online,U.S. Environmental Protection Agency —The Environmental Protection Agency's Enforcement and Compliance History Online (ECHO) website provides customizable and downloadable information about environmental...,Unknown,https://catalog.data.gov/dataset/epa-enforcement-and-compliance-history-online
Structure Change Events,Federal Deposit Insurance Corporation —This dataset provides a listing of Structure Change Events.,Unknown,https://catalog.data.gov/dataset/financial-institutions-83c25
"Light intensity data (October 1 2015 through September 2019) for upper sensors: in the control treatment, Moneystump Marsh, Blackwater National Wildlife Refuge, Maryland",Department of the Interior —Light intensity levels in lux from upper sensors in Moneystump marsh at Blackwater National Wildlife Refuge MD. There are 25 light sensors all located in the control...,Unknown,https://catalog.data.gov/dataset/light-intensity-data-october-1-2015-through-september-2019-for-upper-sensors-in-the-contro
Metrics by Individual Security and Exchange,Securities and Exchange Commission —These datasets provide metrics for each individual security partitioned by exchange.,Unknown,https://catalog.data.gov/dataset/metrics-by-individual-security-and-exchange
Annual U. S. Electric Power Industry Estimated Emissions by State From 1990 - Latest Year Available,"Department of Energy —Data on annual emissions of Carbon Dioxide (CO2), Sulfur Dioxide (SO2), and Nitrogen Oxides (NOx). Data organized by type of electric power producer, by energy...",Unknown,https://catalog.data.gov/dataset/annual-u-s-electric-power-industry-estimated-emissions-by-state-from-1990-latest-year-avai
Public Budget Database - Outlays and offsetting receipts 1962-Current,"Office of Management and Budget —This file contains historical outlays and offsetting receipts for 1962 through the current budget year, as well as four years of projections. It can be used to...",Unknown,https://catalog.data.gov/dataset/public-budget-database-outlays-and-offsetting-receipts-1962-current
Football Fields,City of Seattle —Football Fields maintained by Seattle Parks and Recreation.This hosted feature layer is published with the following definition query on the DPR.AthleticsFields...,Unknown,https://catalog.data.gov/dataset/football-fields
GSA eLibrary Schedules and Contracts,General Services Administration —GSA eLibrary (formerly Schedules e-Library) is the online source for the latest contract award information for: GSA Schedules; Department of Veterans Affairs (VA)...,Unknown,https://catalog.data.gov/dataset/gsa-elibrary-schedules-and-contracts
Sea Level Rise Maps (2100 100-year Floodplain),City of New York —This is the 100-Year Floodplain for 2100 based on FEMA's Preliminary Work Map data and the New York Panel on Climate Change's 90th Percentile Projects for Sea-Level...,Unknown,https://catalog.data.gov/dataset/sea-level-rise-maps-2100-100-year-floodplain
USA Structures,"Department of Homeland Security —DHS, FIMA, FEMA’s Response Geospatial Office, Oak Ridge National Laboratory, and the U.S. Geological Survey collaborated to build and maintain the nation’s first...",Unknown,https://catalog.data.gov/dataset/usa-structures-4749e
Website Analytics,"City of Baton Rouge —Web traffic statistics for the several City-Parish websites,brla.gov,city.brla.gov, Red Stick Ready, GIS, Open Data etc. Information provided by Google Analytics.",Unknown,https://catalog.data.gov/dataset/website-analytics-89ba5
GenBank,"U.S. Department of Health & Human Services —GenBank is the NIH genetic sequence database, an annotated collection of all publicly available DNA sequences. GenBank is designed to provide and encourage access...",Unknown,https://catalog.data.gov/dataset/genbank
"Migration routes of mule deer in the Pequop Mountains, Nevada","Department of the Interior —The Area 7 mule deer population is one of the state’s largest deer herds with an estimated population of about 11,000 in 2019. This deer herd is highly important to...",Unknown,https://catalog.data.gov/dataset/migration-routes-of-mule-deer-in-the-pequop-mountains-nevada
STLIGHT,City of Los Angeles —Streetlight locations within the City of Los Angeles,Unknown,https://catalog.data.gov/dataset/stlight
Sex Offenders,"City of Chicago —Description: Pursuant to the Sex Offender and Child Murderer Community Notification Law, 730 ILCS 152/101,et seq., the Chicago Police Department maintains a list of...",Unknown,https://catalog.data.gov/dataset/sex-offenders
Weigh-in-Motion (WIM) Stations,"Department of Transportation —The Weigh-in-Motion (WIM) Stations dataset was updated on December 31, 2024 from the Federal Highway Administration (FHWA), with attribute data from the end of...",Unknown,https://catalog.data.gov/dataset/weigh-in-motion-wim-stations
North American Bird Banding Program Dataset 1960-2023 retrieved 2023-07-12,"Department of the Interior —The North American Bird Banding Program is administered through the U.S. Geological Survey (USGS) Bird Banding Laboratory (BBL), Eastern Ecological Science Center at...",Unknown,https://catalog.data.gov/dataset/north-american-bird-banding-program-dataset-1960-2023-retrieved-2023-07-12
GSA Library of Buildings,"General Services Administration —A set of GSA building data used to estimate embodied carbon by using C.Scale, an embodied carbon estimating tool, on GSA existing buildings in 2025. This data is...",Unknown,https://catalog.data.gov/dataset/gsa-library-of-buildings
Water Quality Sampling Data,"City of Austin —Data collected to assess water quality conditions in the natural creeks, aquifers and lakes in the Austin area. This is raw data, provided directly from our Water...",Unknown,https://catalog.data.gov/dataset/water-quality-sampling-data
Police Sentiment Scores,City of Chicago —This dataset was used by Chicago Police Department analysts to create the publicly available “Chicago Police Sentiment Dashboard”...,Unknown,https://catalog.data.gov/dataset/police-sentiment-scores
Film Permits,"City of New York —Permits are generally required when asserting the exclusive use of city property, like a sidewalk, a street, or a park. See...",Unknown,https://catalog.data.gov/dataset/film-permits
Restaurant Inspections,State of Washington —Local county health departments inspect restaurants and other retail food service establishments to make sure that employees follow safe food handling practices and...,Unknown,https://catalog.data.gov/dataset/restaurant-inspections
National Intimate Partner and Sexual Violence Survey (NISVS),"U.S. Department of Health & Human Services —The National Intimate Partner and Sexual Violence Survey (NISVS) is an ongoing, nationally representative survey to assess experiences of intimate partner violence,...",Unknown,https://catalog.data.gov/dataset/national-intimate-partner-and-sexual-violence-survey-nisvs
Toxicology Information Online (TOXLINE) (RETIRED),"U.S. Department of Health & Human Services —TOXLINE was the National Library of Medicine (NLM) bibliographic database for toxicology, a varied science encompassing many disciplines. TOXLINE records provide...",Unknown,https://catalog.data.gov/dataset/toxicology-information-online-toxline-6bec8
MD iMAP: Maryland Property Data - Tax Map Grids,State of Maryland —This is a MD iMAP hosted service layer. Find more information athttp://imap.maryland.gov. This layer contains the boundaries and IDs of the Maryland tax maps...,Unknown,https://catalog.data.gov/dataset/md-imap-maryland-property-data-tax-map-grids
Lunar Map Catalog,"National Aeronautics and Space Administration —The Lunar Map Catalog includes various maps of the moon's surface, including Apollo landing sites; earthside, farside, and polar charts; photography index maps; zone...",Unknown,https://catalog.data.gov/dataset/lunar-map-catalog
Census Block Groups in 2020,"District of Columbia —Standard block groups are clusters of blocks within the same census tract that have the same first digit of their 4-character census block number (e.g., Blocks 3001,...",Unknown,https://catalog.data.gov/dataset/census-block-groups-in-2020
Stop and Search (Field Interviews),City of New Orleans —A subset of data collected when individuals are interviewed by NOPD Officers (including individuals stopped for questioning and complainants).Disclaimer: The New...,Unknown,https://catalog.data.gov/dataset/stop-and-search-field-interviews
2019 NYC School Survey - Student,"City of New York —Every year, all parents, all teachers, and students in grades 6 - 12 take the NYC School Survey. The survey ranks among the largest surveys of any kind ever...",Unknown,https://catalog.data.gov/dataset/2019-nyc-school-survey-student
Youth Risk Behavior Surveillance System (YRBSS),U.S. Department of Health & Human Services —The Youth Risk Behavior Surveillance System (YRBSS) monitors 6 types of health-risk behaviors that contribute to the leading causes of death and disability among...,Unknown,https://catalog.data.gov/dataset/youth-risk-behavior-surveillance-system-yrbss
National Health and Nutrition Examination Survey (NHANES) – Vision and Eye Health Surveillance,"U.S. Department of Health & Human Services —1999-2008; 2005-2008. This dataset is a de-identified summary table of vision and eye health data indicators from NHANES, stratified by all available combinations of...",Unknown,https://catalog.data.gov/dataset/national-health-and-nutrition-examination-survey-nhanes-vision-and-eye-health-surveillance-0d18f
Current Invasive Plants (Feature Layer),Department of Agriculture —The Current Invasive Plants (InvasivePlantCurrent) feature class contains only the most recent or latest invasive Plant Infestation polygons collected by the National...,Unknown,https://catalog.data.gov/dataset/current-invasive-plants-feature-layer-9c83e
Adoption and Foster Care Analysis and Reporting System (AFCARS),U.S. Department of Health & Human Services —The Adoption and Foster Care Analysis and Reporting System (AFCARS) is a federally mandated data collection system intended to provide case specific information on...,Unknown,https://catalog.data.gov/dataset/adoption-and-foster-care-analysis-and-reporting-system-afcars
"2023 Cartographic Boundary File (SHP), Core Based Statistical Areas (CBSA) for United States, 1:500,000","U.S. Census Bureau, Department of Commerce —The 2023 cartographic boundary shapefiles are simplified representations of selected geographic areas from the U.S. Census Bureau's Master Address File /...",Unknown,https://catalog.data.gov/dataset/2023-cartographic-boundary-file-shp-core-based-statistical-areas-cbsa-for-united-states-1-50000
Vaccination Coverage among Young Children (0-35 Months),"U.S. Department of Health & Human Services —Vaccination Coverage among Young Children (0-35 Months) • National, regional, state, and selected local area vaccination coverage estimates for 2-year-old children by...",Unknown,https://catalog.data.gov/dataset/vaccination-coverage-among-young-children-0-35-months-f9411
CollectionCode of Federal Regulations in XML,National Archives and Records Administration —The Code of Federal Regulations (CFR) is the codification of the general and permanent rules published in the Federal Register by the executive departments and...,Unknown,https://catalog.data.gov/dataset/code-of-federal-regulations-in-xml
Metro Stations Regional,"District of Columbia —Metro Stations (regional). The dataset contains points representing locations and attributes of Metro stations, created as part of the DC Geographic Information System...",Unknown,https://catalog.data.gov/dataset/metro-stations-regional
"Consolidated Financial Statements for Bank Holding Companies, Parent Company Only Financial Statements for Large Holding Companies, Parent Company Only Financial Statements for Small Holding Companies, Financial Statements Employee Stock Ownership Plan Holding Companies, Supplement to the Consolidated Financial Statements for Bank Holding Companies",Board of Governors of the Federal Reserve System —The Financial Statements of Holding Companies (FR Y-9 Reports) collects standardized financial statements from domestic holding companies (HCs). This is pursuant to...,Unknown,https://catalog.data.gov/dataset/consolidated-financial-statements-for-bank-holding-companies-parent-company-only-financial
Protected Areas Database of the United States (PAD-US) 4.0,"Department of the Interior —The USGS Protected Areas Database of the United States (PAD-US) is the nation's inventory of protected areas, including public land and voluntarily provided private...",Unknown,https://catalog.data.gov/dataset/protected-areas-database-of-the-united-states-pad-us-4-0
DOF Parking Violation Codes,City of New York —This dataset defines the parking violation codes in New York City and lists the fines. Each fine amount includes a $15 New York State Criminal Justice surcharge.,Unknown,https://catalog.data.gov/dataset/dof-parking-violation-codes
Massachusetts Eelgrass Blue Carbon Data,U.S. Environmental Protection Agency —Sediment cores taken from 5 eelgrass meadows in Massachusetts. Cores analyzed for carbon content. Citation information for this dataset can be found in Data.gov's...,Unknown,https://catalog.data.gov/dataset/massachusetts-eelgrass-blue-carbon-data
SSA DATA Act - File B - Object Class and Program Activity,Social Security Administration —The US Treasury Department has modified the way they publish the DATA Act files on their website by allowing users to request information by Agency. The DATA Act...,Unknown,https://catalog.data.gov/dataset/ssa-data-act-file-b-object-class-and-program-activity-fy-2017-quarter-2
TRACIv2.1 for FEDEFLv1,"U.S. Environmental Protection Agency —TRACIv2.1 (Bare 2012) is a life cycle impact assessment (LCIA) method. LCIA methods are collections of characterization factors, which are measures of relative...",Unknown,https://catalog.data.gov/dataset/traciv2-1-for-fedeflv1
NYC Dog Licensing Dataset,City of New York —Active Dog Licenses. All dog owners residing in NYC are required by law to license their dogs. The data is sourced from the DOHMH Dog Licensing System...,Unknown,https://catalog.data.gov/dataset/nyc-dog-licensing-dataset
Street Lights,District of Columbia —Street Light Assets. The dataset contains locations and attributes of street lights provided by the District Department of Transportation (DDOT).,Unknown,https://catalog.data.gov/dataset/street-lights-3d42d
Port of Los Angeles - TEU Counts Monthly And Calendar YTD,City of Los Angeles —Monthly and cumulative calendar year to date (CYTD) figures for total TEU counts. TEU (Twenty-foot Equivalent Unit) is a unit of measure commonly used in the...,Unknown,https://catalog.data.gov/dataset/port-of-los-angeles-teu-counts-monthly-and-calendar-ytd
Continuum of Care (CoC) Dashboard Reports,"Department of Housing and Urban Development —Continuum of Care (CoC) Homeless Assistance Programs Dashboard Reports are available for each CoC and include information on each CoC’s awards by award amount,...",Unknown,https://catalog.data.gov/dataset/coc-dashboard-reports
Department of Agriculture Inventory of Artificial Intelligence Use Cases,"Department of Agriculture —This dataset is an inventory of the uses of artificial intelligence (AI) at USDA. The inventory was developed and published as required by OMB M-24-10, ""Advancing...",Unknown,https://catalog.data.gov/dataset/department-of-agriculture-inventory-of-artificial-intelligence-use-cases
Bikeshare,"Department of Transportation —The Bikeshare dataset was compiled on June 30, 2025 and was updated September 17, 2025 from the Bureau of Transportation Statistics (BTS) and is part of the U.S....",Unknown,https://catalog.data.gov/dataset/bikeshare2
"Denali Wolf Population Data, 1986-2024","Department of the Interior —Since 1986, surveys in spring and fall each year count the number of wolves found in Denali National Park and Preserve, north of the Alaska Range.",Unknown,https://catalog.data.gov/dataset/denali-wolf-population-data-1986-2024
High Value Dataset: August 2025,"City of Austin —Currently incarcerated inmate population with relevant demographic, offense, and parole information.",Unknown,https://catalog.data.gov/dataset/high-value-dataset-august-2025
"TIGER/Line Shapefile, 2021, State, Arizona, Places","U.S. Census Bureau, Department of Commerce —The TIGER/Line shapefiles and related database files (.dbf) are an extract of selected geographic and cartographic information from the U.S. Census Bureau's Master...",Unknown,https://catalog.data.gov/dataset/tiger-line-shapefile-2021-state-arizona-places
Ghana Compact - Ghana Living Standards Survey (GLSS),Millennium Challenge Corporation —Ghana Compact - Ghana Living Standards Survey (GLSS),Unknown,https://catalog.data.gov/dataset/ghana-compact-ghana-living-standards-survey-glss
ThermoData Engine free public version,National Institute of Standards and Technology —A computer program for accessing and visualization of thermodynamic and transport property data for chemical compounds and mixtures available at the TRC/NIST ThermoML...,Unknown,https://catalog.data.gov/dataset/thermodata-engine-free-public-version
Metro Bus Stops 2023 - 2025,"District of Columbia —Archived WMATA Regional Bus Stops. The dataset includes bus stop identification, location, and inventory information last updated in December 2023 and now retired. On...",Unknown,https://catalog.data.gov/dataset/metro-bus-stops-2023-2025
NIST/SEMATECH e-Handbook of Statistical Methods (NIST Handbook 151),National Institute of Standards and Technology —The NIST/SEMATECH e-Handbook of Statistical Methods is a Web-based book written to help scientists and engineers incorporate statistical methods into their work as...,Unknown,https://catalog.data.gov/dataset/nist-sematech-e-handbook-of-statistical-methods-nist-handbook-151-d8b6f
Building Permits,"City of Chicago —This dataset includes information about building permits issued by the City of Chicago from 2006 to the present, excluding permits that have been voided or revoked...",Unknown,https://catalog.data.gov/dataset/building-permits
Campaign Finance - Local Non-Primarily Formed Comittees,City of San Francisco —A. SUMMARY This dataset contains data from financial statements of campaign committees that file with the San Francisco Ethics Commission and (1) contribute to or (2)...,Unknown,https://catalog.data.gov/dataset/campaign-finance-local-non-primarily-formed-comittees
C-MAPSS Aircraft Engine Simulator Data,National Aeronautics and Space Administration —SPECIAL NOTE: C-MAPSS and C-MAPSS40K ARE CURRENTLY UNAVAILABLE FOR DOWNLOAD. Glenn Research Center management is reviewing the availability requirements for these...,Unknown,https://catalog.data.gov/dataset/c-mapss-aircraft-engine-simulator-data
Consolidated (non-SDN) Sanctions List,"Department of the Treasury —To make it easier to comply with OFAC's sanctions regulations, OFAC offers all of its non-SDN sanctions lists in a consolidated set of data files ""the Consolidated...",Unknown,https://catalog.data.gov/dataset/consolidated-non-sdn-sanctions-list
Inactive ingredient Search for Approved Drug Products,"U.S. Department of Health & Human Services —According to 21 CFR 210.3(b)(8), an inactive ingredient is any component of a drug product other than the active ingredient. Only inactive ingredients in the final...",Unknown,https://catalog.data.gov/dataset/inactive-ingredient-search-for-approved-drug-products
National Solar Radiation Database (NSRDB) Station Data Output for 1991 to 2010,"National Oceanic and Atmospheric Administration, Department of Commerce —The National Solar Radiation Database (NSRDB) was produced by the National Renewable Energy Laboratory under the U.S. Department of Energy's Office of Energy...",Unknown,https://catalog.data.gov/dataset/national-solar-radiation-database-nsrdb-station-data-output-for-1991-to-20102
"Total Sediment Thickness of the World's Oceans & Marginal Seas, Version 2","National Oceanic and Atmospheric Administration, Department of Commerce —NGDC's global ocean sediment thickness grid (Divins, 2003) has been updated for the Australian-Antarctic region (60Â° -155Â° E, 30Â° -70Â° S). New seismic reflection...",Unknown,https://catalog.data.gov/dataset/total-sediment-thickness-of-the-worlds-oceans-marginal-seas-version-21
NCHS - Potentially Excess Deaths from the Five Leading Causes of Death,U.S. Department of Health & Human Services —MMWR Surveillance Summary 66 (No. SS-1):1-8 found that nonmetropolitan areas have significant numbers of potentially excess deaths from the five leading causes of...,Unknown,https://catalog.data.gov/dataset/nchs-potentially-excess-deaths-from-the-five-leading-causes-of-death
New York City CV Pilot EVENT Data One Month Sample,Department of Transportation —This dataset contains a one-month sample of flattened EVENT data records from the New York City (NYC) Connected Vehicle (CV) Pilot that have undergone obfuscation of...,Unknown,https://catalog.data.gov/dataset/new-york-city-cv-pilot-event-data-one-month-sample
Sectional VFR Charts,Department of Transportation —The Federal Aviation Administration (FAA) digital-Visual Chart series is designed to meet the needs of users who require georeferenced raster images of FAA Visual...,Unknown,https://catalog.data.gov/dataset/sectional-vfr-charts-e7f7f
LTE and Wi-Fi coexistence measurement data,"National Institute of Standards and Technology —This dataset provides RF data from software defined ratio (SDR) measurement results of a few cases: A. one 4G LTE link, B. two LTE links, C. one LTE link and one Wi-...",Unknown,https://catalog.data.gov/dataset/lte-and-wi-fi-coexistence-measurement-data
"TIGER/Line Shapefile, 2019,  nation, U.S., Military Installation National Shapefile","U.S. Census Bureau, Department of Commerce —The TIGER/Line shapefiles and related database files (.dbf) are an extract of selected geographic and cartographic information from the U.S. Census Bureau's Master...",Unknown,https://catalog.data.gov/dataset/tiger-line-shapefile-2019-nation-u-s-military-installation-national-shapefile
"National Teacher and Principal Survey, 2015-16",Department of Education —The 2015-16 National Teacher and Principal Survey (NTPS) is a redesign of the Schools and Staffing Survey (SASS); SASS program data is available since 1987-88 at ....,Unknown,https://catalog.data.gov/dataset/national-teacher-and-principal-survey-2015-16-983fc
2024 County-Level Hourly Renewable Capacity Factor Dataset for the ReEDS Model,"Department of Energy —This dataset contains hourly capacity factors for each renewable resource class and region (in this case, county). Technologies like large-scale utility PV (UPV),...",Unknown,https://catalog.data.gov/dataset/2024-county-level-hourly-renewable-capacity-factor-dataset-for-the-reeds-model
"TIGER/Line Shapefile, Current, State, Georgia, County Subdivision","U.S. Census Bureau, Department of Commerce —This resource is a member of a series. The TIGER/Line shapefiles and related database files (.dbf) are an extract of selected geographic and cartographic information...",Unknown,https://catalog.data.gov/dataset/tiger-line-shapefile-current-state-georgia-county-subdivision
Dynamic compressive stress-strain curves of aluminum alloy 6061-T6 with rapid heating,"National Institute of Standards and Technology —This dataset contains raw mechanical data (strain, stress and strain rate curvesand initial temperatures) for compression experiments performed on aluminum alloy...",Unknown,https://catalog.data.gov/dataset/dynamic-compressive-stress-strain-curves-of-aluminum-alloy-6061-t6-with-rapid-heating-8db5b
"Rates and Trends in Hypertension-related Cardiovascular Disease Mortality Among US Adults (35+) by County, Age Group, Race/Ethnicity, and Sex – 2000-2019","U.S. Department of Health & Human Services —This dataset documents rates and trends in local hypertension-related cardiovascular disease (CVD) death rates. Specifically, this report presents county (or county...",Unknown,https://catalog.data.gov/dataset/rates-and-trends-in-hypertension-related-cardiovascular-disease-mortality-among-us-ad-2000-2fdf2
"USEPA Environmental Quality Index (EQI) - Air, Water, Land, Built, and Sociodemographic Domains Non-Transformed Variables Dataset as Input for the 2000-2005 USEPA EQI, by County for the United States",U.S. Environmental Protection Agency —The US Environmental Protection Agency's (EPA) National Health and Environmental Effects Research Laboratory (NHEERL) in the Environmental Public Health Division...,Unknown,https://catalog.data.gov/dataset/usepa-environmental-quality-index-eqi-air-water-land-built-and-sociodemographic-domains-non-tra20
NCSS Soil Characterization DatabaseNGDA,"Department of Agriculture —The National Cooperative Soil Survey - Soil Characterization Database (NCSS-SCD) contains laboratory data for more than 65,000 locations (i.e. xy coordinates)...",Unknown,https://catalog.data.gov/dataset/ncss-soil-characterization-database-d2772
"Percent Household Income $50,000 to $74,999","City of Ferndale, Michigan —These Socioeconomic Indicators are from the American Community Survey, 2014 5-year estimates. They are at Zip Code level for Oakland, Macomb and Wayne Counties.",Unknown,https://catalog.data.gov/dataset/percent-household-income-50000-to-74999-8a963
AirNow Real Time Air Quality REST API,U.S. Environmental Protection Agency —A REST web service API allowing the retrieval of real time air quality index data from AirNow.,Unknown,https://catalog.data.gov/dataset/airnow-real-time-air-quality-rest-api
Local Law 51 - DL Final,"City of New York —Local Law 51- Reporting on student-to-student bullying, harassment, intimidation and discrimination for spring semester.",Unknown,https://catalog.data.gov/dataset/local-law-51-dl-final
Administrative Boundaries Centroids of National Park System UnitsNGDA,Department of the Interior —National Park Service unit points.,Unknown,https://catalog.data.gov/dataset/administrative-boundaries-centroids-of-national-park-system-units
"Table 14. Tobacco Product Use in the Past Month among Persons Aged 12 or Older, by State and Substate Regions: Percentages, Annual Averages Based on 2008, 2009, and 2010 NSDUHs",U.S. Department of Health & Human Services —This table presents the 2008 to 2010 National Survey on Drug Use and Health (NSDUH) estimates of past month tobacco use by those aged 12 or older by State and...,Unknown,https://catalog.data.gov/dataset/table-14-tobacco-product-use-in-the-past-month-among-persons-aged-12-or-older-by-state-and
Key Economic Indicators,"City of Austin —An economic indicator is a statistic about an economic activity, and they allow analysis of economic performance and predictions of current and future economic...",Unknown,https://catalog.data.gov/dataset/key-economic-indicators
LBNL Fault Detection and Diagnostics Datasets,Department of Energy —These datasets can be used to evaluate and benchmark the performance accuracy of Fault Detection and Diagnostics (FDD) algorithms or tools. It contains operational...,Unknown,https://catalog.data.gov/dataset/lbnl-fault-detection-and-diagnostics-datasets
Organic Prices,"Department of Agriculture —Note: Updates to this data product are discontinued. This data set provides farmgate and wholesale prices for select organic and conventional fruits and vegetables,...",Unknown,https://catalog.data.gov/dataset/organic-prices
National School Lunch Assistance Program Participation and Meals Served Data,Department of Agriculture —The National School Lunch Program (NSLP) is a federally assisted meal program operating in public and nonprofit private schools and residential child care...,Unknown,https://catalog.data.gov/dataset/national-school-lunch-assistance-program-participation-and-meals-served-data
"TIGER/Line Shapefile, 2020, Nation, U.S., Core Based Statistical Areas (CBSA)","U.S. Census Bureau, Department of Commerce —The TIGER/Line shapefiles and related database files (.dbf) are an extract of selected geographic and cartographic information from the U.S. Census Bureau's Master...",Unknown,https://catalog.data.gov/dataset/tiger-line-shapefile-2020-nation-u-s-core-based-statistical-areas-cbsa
Current Liquor Authority Active Licenses,"State of New York —Liquor Authority current list of all active licenses, includes Temporary Operating Permits and Additional Bar licenses.",Unknown,https://catalog.data.gov/dataset/current-liquor-authority-active-licenses
All-Transactions House Price Index for Connecticut,"State of Connecticut —The FHFA House Price Index (FHFA HPI®) is the nation’s only collection of public, freely available house price indexes that measure changes in single-family home...",Unknown,https://catalog.data.gov/dataset/all-transactions-house-price-index-for-connecticut
FAFSA® Completion by High School and Public School District,Department of Education —The number of submitted and completed FAFSAs among first-time filing applicants no older than 19 at the cutoff date who will have received their high school diploma...,Unknown,https://catalog.data.gov/dataset/fafsa-completion-by-high-school-and-public-school-district-c40a3
Generalized Geology of Southeast Asia (geo3bl),"Department of the Interior —This coverage includes arcs, polygons, and polygon labels that describe the generalized geologic age and type of surface outcrops of bedrock of Southeast Asia...",Unknown,https://catalog.data.gov/dataset/generalized-geology-of-southeast-asia-geo3bl
NYC Civil Service Titles,City of New York —This is a list of NYC civil service title codes and descriptions used by City of New York agencies as well as if the title requires investigation before appointment.,Unknown,https://catalog.data.gov/dataset/nyc-civil-service-titles
Louisville Metro KY County Boundaries,"Louisville Metro Government —It includes the following counties: Bullitt County, Hardin County, Jefferson County, Clark County, Oldham County, Henry County, Meade County, Harrison County, Shelby...",Unknown,https://catalog.data.gov/dataset/louisville-metro-ky-county-boundaries
"21st Century Corporate Financial Fraud, United States, 2005-2010",Department of Justice —The Corporate Financial Fraud project is a study of company and top-executive characteristics of firms that ultimately violated Securities and Exchange Commission...,Unknown,https://catalog.data.gov/dataset/21st-century-corporate-financial-fraud-united-states-2005-2010-22a9e
National Survey of Family Growth,"U.S. Department of Health & Human Services —The National Survey of Family Growth (NSFG) gathers information on family life, marriage and divorce, pregnancy, infertility, use of contraception, and men's and...",Unknown,https://catalog.data.gov/dataset/national-survey-of-family-growth
Report Card WaKids 2021-22 School Year,"State of Washington —WaKIDS, the Washington Kindergarten Inventory of Developing Skills, includes an assessment that is administered during the first two months of kindergarten. Teachers...",Unknown,https://catalog.data.gov/dataset/report-card-wakids-2021-22-school-year
Hyperlocal Temperature Monitoring,"City of New York —As a part of the Cool Neighborhoods Initiative, the NYC Parks Department, Mayor’s Office of Resilience and NYC Department of Health and Mental Hygiene monitored...",Unknown,https://catalog.data.gov/dataset/hyperlocal-temperature-monitoring
USEEIO v1.1 - Matrices,U.S. Environmental Protection Agency —This dataset provides the basic building blocks for the USEEIO v1.1 model and life cycle results per $1 (2013 USD) demand for all goods and services in the model in...,Unknown,https://catalog.data.gov/dataset/useeio-v1-1-matrices
"School Survey on Crime and Safety, 2010","Department of Education —The School Survey on Crime and Safety, 2010 (SSOCS:2010), is a study that is part of the School Survey on Crime and Safety program. SSOCS:2010...",Unknown,https://catalog.data.gov/dataset/school-survey-on-crime-and-safety-2010-fd92c
"Minority Business Enterprise: Statewide Directory - MBE, DBE (Disadvantaged Business Enterprise), SBE (Small Business Enterprise), and ACDBE (Airport Concession Disadvantaged Enterprise) Certified Businesses Link",State of Maryland —This is a Maryland Department of Transportation (MDOT) hosted service. Find more information athttp://www.mdot.maryland.gov/newMDOT/MBE/Index.html. Last Updated:...,Unknown,https://catalog.data.gov/dataset/minority-business-enterprise-statewide-directory-mbe-dbe-disadvantaged-business-enterprise
Effects of COVID-19 on Hospital Utilization Trends,"State of California —With the onset of COVID-19, hospitals statewide saw a sharp drop in inpatient discharges, emergency department utilization, and ambulatory surgeries. These datasets...",Unknown,https://catalog.data.gov/dataset/effects-of-covid-19-on-hospital-utilization-trends-636d2
"NNDSS - TABLE 1V. Malaria to Measles, Indigenous","U.S. Department of Health & Human Services —NNDSS - TABLE 1V. Malaria to Measles, Indigenous - 2021. In this Table, provisional cases* of notifiable diseases are displayed for United States, U.S. territories,...",Unknown,https://catalog.data.gov/dataset/nndss-table-1v-malaria-to-measles-indigenous-8dffb
Artificial Intelligence,Department of Homeland Security —This dataset details how ICE recognizes the transformative potential of artificial intelligence (AI) to the mission space. the agency continued to establish the...,Unknown,https://catalog.data.gov/dataset/artificial-intelligence
US / Mexico Land Boundary Monuments,International Boundary & Water Commission —This dataset represents the international land boundary monuments between the United States of America and the United States of Mexico.This feature class is a digital...,Unknown,https://catalog.data.gov/dataset/us-mexico-land-boundary-monuments_6594c292c4a24f18a82beb41d1d9c4da
HTML files,National Aeronautics and Space Administration —This is a resource where HTML files will be stored for the website,Unknown,https://catalog.data.gov/dataset/html-files
CollectionWork Schedules and Sleep Patterns of Railroad Employees,Department of Transportation —The Federal Railroad Administration (FRA) sponsored a study of the work schedules and sleep patterns of railroad employees. The purpose of the study was to understand...,Unknown,https://catalog.data.gov/dataset/work-schedules-and-sleep-patterns-of-railroad-employees
"TIGER/Line Shapefile, 2023, County, Philadelphia County, PA, Topological Faces (Polygons With All Geocodes)","U.S. Census Bureau, Department of Commerce —The TIGER/Line shapefiles and related database files (.dbf) are an extract of selected geographic and cartographic information from the U.S. Census Bureau's Master...",Unknown,https://catalog.data.gov/dataset/tiger-line-shapefile-2023-county-philadelphia-county-pa-topological-faces-polygons-with-all-geo
Adoption of Genetically Engineered Crops in the U.S.,"Department of Agriculture —This data product summarizes the extent of adoption of herbicide-tolerant (HT), insect-resistant (Bt), and those with both traits (""stacked"") genetically engineered...",Unknown,https://catalog.data.gov/dataset/adoption-of-genetically-engineered-crops-in-the-u-s
EHR Products Used for Meaningful Use Attestation,U.S. Department of Health & Human Services —The Medicare Electronic Health Record (EHR) Incentive Program provides incentives to eligible clinicians and hospitals to adopt electronic health records. This...,Unknown,https://catalog.data.gov/dataset/ehr-products-used-for-meaningful-use-attestation
"NCEI/WDS Global Significant Volcanic Eruptions Database, 4360 BC to Present","National Oceanic and Atmospheric Administration, Department of Commerce —The Significant Volcanic Eruptions Database is a global listing of over 600 eruptions from 4360 BC to the present. A significant eruption is classified as one that...",Unknown,https://catalog.data.gov/dataset/ncei-wds-global-significant-volcanic-eruptions-database-4360-bc-to-present1
FedScope Employment Cubes,"Office of Personnel Management —This set of quarterly cubes provides employee population data. The numbers reflect the actual number of employees at the end of a quarter but, for many agencies, may...",Unknown,https://catalog.data.gov/dataset/fedscope-employment-cubes-ffdfd
Turbidity and Suspended Sediment Concentration Data from a Laboratory Mixing Tank Experiment 2023,"Department of the Interior —Four dams on the Klamath River that created Iron Gate Reservoir and Copco Lake in Siskiyou County, California, and John C. Boyle Reservoir, in Klamath County, Oregon,...",Unknown,https://catalog.data.gov/dataset/turbidity-and-suspended-sediment-concentration-data-from-a-laboratory-mixing-tank-experime
Carcinogenic Potency Database (CPDB),"U.S. Department of Health & Human Services —Carcinogenic Potency Database (CPDB) is a single standardized resource of the results of 45 years of chronic, long-term carcinogenesis bioassays. The experiments vary...",Unknown,https://catalog.data.gov/dataset/carcinogenic-potency-database-cpdb-71e86
"PLACES: Census Tract Data (GIS Friendly Format), 2024 release",U.S. Department of Health & Human Services —This dataset contains model-based census tract level estimates in GIS-friendly format. PLACES covers the entire United States—50 states and the District of...,Unknown,https://catalog.data.gov/dataset/places-census-tract-data-gis-friendly-format-2020-release-fb1ec
The National Institute on Aging Genetics of Alzheimer’s Disease Data Storage Site (NIAGADS),U.S. Department of Health & Human Services —The National Institute on Aging Genetics of Alzheimer's Disease Data Storage Site (NIAGADS) is a national genetics data repository facilitating access to genotypic...,Unknown,https://catalog.data.gov/dataset/the-national-institute-on-aging-genetics-of-alzheimers-disease-data-storage-site-niagads
Pregnancy-Associated Mortality,City of New York —Maternal mortality is widely considered an indicator of overall population health and the status of women in the population. DOHMH uses multiple methods including...,Unknown,https://catalog.data.gov/dataset/pregnancy-associated-mortality
"TIGER/Line Shapefile, Current, State, Alaska, Place","U.S. Census Bureau, Department of Commerce —This resource is a member of a series. The TIGER/Line shapefiles and related database files (.dbf) are an extract of selected geographic and cartographic information...",Unknown,https://catalog.data.gov/dataset/tiger-line-shapefile-current-state-alaska-place
"TIGER/Line Shapefile, 2022, State, South Carolina, SC, County Subdivision","U.S. Census Bureau, Department of Commerce —The TIGER/Line shapefiles and related database files (.dbf) are an extract of selected geographic and cartographic information from the U.S. Census Bureau's Master...",Unknown,https://catalog.data.gov/dataset/tiger-line-shapefile-2022-state-south-carolina-sc-county-subdivision
Medicare Part D Spending by Drug,U.S. Department of Health & Human Services —The Medicare Part D by Drug dataset presents information on spending for drugs prescribed to Medicare beneficiaries enrolled in Part D by physicians and other...,Unknown,https://catalog.data.gov/dataset/medicare-part-d-spending-by-drug-d660a
"FERC Form 1 Electric Utility Cost, Energy Sales, Peak Demand, and Customer Count Data 1994-2019",Department of Energy —This spreadsheet contains information reported by over 200 investor-owned utilities to the Federal Energy Regulatory Commission in the annual filing FERC Form 1 for...,Unknown,https://catalog.data.gov/dataset/ferc-form-1-electric-utility-cost-energy-sales-peak-demand-and-customer-count-data-1994-20
USGS 10-m Digital Elevation Model (DEM): Hawaii: Big Island: Hillshade,"National Oceanic and Atmospheric Administration, Department of Commerce —A 10-meter resolution land surface digital elevation model (DEM) grayscale hillshade for Big Island in Hawaii derived from United States Geological Survey (USGS) 1/3...",Unknown,https://catalog.data.gov/dataset/usgs-10-m-digital-elevation-model-dem-hawaii-big-island-hillshade
"Composite Scores For Private, Non-Profit and Proprietary Institutions","Department of Education —Provides a list of composite scores for private, non-profit and proprietary institutions participating in the Title IV programs.",Unknown,https://catalog.data.gov/dataset/composite-scores-for-private-non-profit-and-proprietary-institutions-e4137
Business Owners,"City of Chicago —This dataset contains the owner information for all the accounts listed in the Business License Dataset, and is sorted by Account Number. To identify the owner of a...",Unknown,https://catalog.data.gov/dataset/business-owners
"All-Cause Unplanned 30-Day Hospital Readmission Rate, California (LGHC Indicator)","State of California —This dataset contains the statewide number and (unadjusted) rate for all-cause, unplanned, 30-day inpatient readmissions in California hospitals. Data are categorized...",Unknown,https://catalog.data.gov/dataset/all-cause-unplanned-30-day-hospital-readmission-rate-california-lghc-indicator-a686b
Randomized and Recommissioned Battery Dataset,National Aeronautics and Space Administration —An accelerated Life Testing Dataset for Lithium-Ion Batteries with Constant and Variable Loading Conditions We present an accelerated Li-ion battery life cycle...,Unknown,https://catalog.data.gov/dataset/randomized-and-recommissioned-battery-dataset
Public-Use Linked Mortality Files,U.S. Department of Health & Human Services —NCHS has linked data from various surveys with death certificate records from the National Death Index (NDI). Linkage of the NCHS survey participant data with the NDI...,Unknown,https://catalog.data.gov/dataset/public-use-linked-mortality-files
"TIGER/Line Shapefile, 2023, Nation, U.S., 2020 Census 5-Digit ZIP Code Tabulation Area (ZCTA5)","U.S. Census Bureau, Department of Commerce —The TIGER/Line shapefiles and related database files (.dbf) are an extract of selected geographic and cartographic information from the U.S. Census Bureau's Master...",Unknown,https://catalog.data.gov/dataset/tiger-line-shapefile-2023-nation-u-s-2020-census-5-digit-zip-code-tabulation-area-zcta5
Tourism Information Centers,"State of New York —Staffed Tourism Information Centers (TIC) are located at several travel plazas and interchanges along the Thruway system. At these centers, travelers may obtain...",Unknown,https://catalog.data.gov/dataset/tourism-information-centers
Great Smoky Mountains National Park Trout Distribution,Department of the Interior —The brook trout (Salvelinus fontinalis) is the only trout native to the southern Appalachian Mountains. It was once widespread in Great Smoky Mountains National Park...,Unknown,https://catalog.data.gov/dataset/great-smoky-mountains-national-park-trout-distribution-42ead
Childhood Asthma Healthcare Utilization,Allegheny County / City of Pittsburgh / Western PA Regional Data Center —This data shows healthcare utilization for asthma by Allegheny County residents 18 years of age and younger. It counts asthma-related visits to the Emergency...,Unknown,https://catalog.data.gov/dataset/childhood-asthma-healthcare-utilization
Soil Type,District of Columbia —This data set is a digital soil survey and generally is the most detailed level of soil geographic data developed by the National Cooperative Soil Survey. The...,Unknown,https://catalog.data.gov/dataset/soil-type
Standard Administrative Code (SAC) Index,Social Security Administration —The Standard Administrative Code (SAC) is an alphanumeric set of characters assigned to every formal organizational component of the Social Security Administration.,Unknown,https://catalog.data.gov/dataset/standard-administrative-code-sac-index
"Non-Point Source Water-Use Data for Selected Counties in and near the Permian Basin, Texas. 2000 to 2018.","Department of the Interior —This part of the data release contains the water-use withdrawal data in the Permian Basin in Texas aggregated by county for the categories of irrigation, livestock,...",Unknown,https://catalog.data.gov/dataset/non-point-source-water-use-data-for-selected-counties-in-and-near-the-permian-basin-texas-
Mobile Home Parks,Department of Homeland Security —Homeland Infrastructure Foundation-Level Data (HIFLD) geospatial data sets containing information on Mobile Home Parks.,Unknown,https://catalog.data.gov/dataset/mobile-home-parks
Civilian Unemployment Rate for US and California,State of California —This dataset contains unemployment rates for the U.S. (1948 - Present) and California (1976 - Present). The unemployment rate represents the number of unemployed as a...,Unknown,https://catalog.data.gov/dataset/civilian-unemployment-rate-for-us-and-california
"TIGER/Line Shapefile, 2022, State, Washington, WA, Place","U.S. Census Bureau, Department of Commerce —The TIGER/Line shapefiles and related database files (.dbf) are an extract of selected geographic and cartographic information from the U.S. Census Bureau's Master...",Unknown,https://catalog.data.gov/dataset/tiger-line-shapefile-2022-state-washington-wa-place
Parking Violations Issued - Fiscal Year 2023,"City of New York —This dataset provides data on Parking Violations Issued between July 1, 2022 to June 30, 2023. In New York City, the fiscal year begins on July 1st of one calendar...",Unknown,https://catalog.data.gov/dataset/parking-violations-issued-fiscal-year-2023
"Job Patterns For Minorities And Women In Private Industry, 2010 EEO-1 National Aggregate Report","US Equal Employment Opportunity Commission —As part of its mandate under Title VII of the Civil Rights Act of 1964, as amended, the Equal Employment Opportunity Commission requires periodic reports from public...",Unknown,https://catalog.data.gov/dataset/job-patterns-for-minorities-and-women-in-private-industry-2010-eeo-1-national-aggregate-re
Meteorological Data (including visibility),"National Oceanic and Atmospheric Administration, Department of Commerce —The National Ocean Service (NOS) maintains a long-term database containing data from active and historic stations installed all over the United States and U.S....",Unknown,https://catalog.data.gov/dataset/meteorological-data-including-visibility1
Air quality data,"U.S. Environmental Protection Agency —AQS data is a publicly available dataset, which is part of this study. This data can be found on EPA websitehttps://aqs.epa.gov/aqsweb/airdata/download_files.html...",Unknown,https://catalog.data.gov/dataset/air-quality-data
CollectionTravel Monitoring Analysis System (TMAS),"Department of Transportation —Internal FHWA data program that assists in the collection and analysis of data on traffic volumes, vehicle classification, truck weights for traffic statistics,...",Unknown,https://catalog.data.gov/dataset/travel-monitoring-analysis-system-tmas
Federal School Code List for Free Application for Federal Student Aid (FAFSA),Department of Education —The Federal School Code List contains the unique codes assigned by the Department of Education for schools participating in the Title IV federal student aid programs....,Unknown,https://catalog.data.gov/dataset/federal-school-code-list-for-free-application-for-federal-student-aid-fafsa-6cefe
CDC WONDER: Births,"U.S. Department of Health & Human Services —The Births (Natality) online databases in CDC WONDER report birth rates, fertility rates and counts of live births occurring within the United States to U.S....",Unknown,https://catalog.data.gov/dataset/cdc-wonder-births
Motor Vehicle Repair and Towing,Montgomery County of Maryland —Names of Business Repairing and towing vehicles in the County,Unknown,https://catalog.data.gov/dataset/motor-vehicle-repair-and-towing
NIH Data and Specimen Hub (DASH),"U.S. Environmental Protection Agency —""The NICHD Data and Specimen Hub (DASH) is a centralized resource that allows researchers to share and access de-identified data from studies funded by NICHD. DASH...",Unknown,https://catalog.data.gov/dataset/nih-data-and-specimen-hub-dash
Financial Statement and Notes Data Sets,Securities and Exchange Commission —The data sets provide the text and detailed numeric information in all financial statements and their notes extracted from exhibits to corporate financial reports...,Unknown,https://catalog.data.gov/dataset/financial-statement-and-notes-data-sets
"U.S. State Life Expectancy by Sex, 2021",U.S. Department of Health & Human Services —The dataset presents life expectancy at birth estimates based on annual complete period life tables for each of the 50 states and the District of Columbia (D.C.) in...,Unknown,https://catalog.data.gov/dataset/u-s-state-life-expectancy-by-sex-2021
National Forest System Trails (Feature Layer),"Department of Agriculture —The Trails Layer is designed to provide information about National Forest System trail locations and characteristics to the public. When fully realized, it will...",Unknown,https://catalog.data.gov/dataset/national-forest-system-trails-feature-layer-f51e8
Solar Permit Applications,"Town of Cary, North Carolina —This dataset contains a subset of data from our Building Permit Application dataset. The data has been filtered to only include permit applications for solar (permit...",Unknown,https://catalog.data.gov/dataset/solar-permit-applications
Federal Item Identification Guide (FIIG),"Department of Defense —Federal Item Identification Guide (FIIG) Index is a search engine on the WWW listing all available FIIGs. You can search by using the Index by Name Code, Index by...",Unknown,https://catalog.data.gov/dataset/federal-item-identification-guide-fiig
National Parks,"District of Columbia —Digital version of the National Park Service Map A, indicating Park Service properties and other government-owned land.",Unknown,https://catalog.data.gov/dataset/national-parks-c0904
"TIGER/Line Shapefile, Current, State, Virginia, Place","U.S. Census Bureau, Department of Commerce —This resource is a member of a series. The TIGER/Line shapefiles and related database files (.dbf) are an extract of selected geographic and cartographic information...",Unknown,https://catalog.data.gov/dataset/tiger-line-shapefile-current-state-virginia-place
Time Series Economic Indicators Time Series -: Monthly Retail Trade and Food Services,"Department of Commerce —The U.S. Census Bureau.s economic indicator surveys provide monthly and quarterly data that are timely, reliable, and offer comprehensive measures of the U.S....",Unknown,https://catalog.data.gov/dataset/time-series-economic-indicators-time-series-monthly-retail-trade-and-food-services
Adults with Diabetes Per 100 (LGHC Indicator),"State of California —This is a source dataset for a Let's Get Healthy California indicator at ""https://letsgethealthy.ca.gov/. This table displays the prevalence of diabetes in...",Unknown,https://catalog.data.gov/dataset/adults-with-diabetes-per-100-lghc-indicator-f3583
San Francisco AI Use Inventory (Chapter 22J),City of San Francisco —A. SUMMARY This dataset contains a preliminary inventory of artificial intelligence (AI) systems declared by departments within the City and County of San Francisco...,Unknown,https://catalog.data.gov/dataset/san-francisco-ai-use-inventory-chapter-22j
"Data from: The pathogenicity and transmission of live bird market H2N2 avian influenza viruses in chickens, Pekin ducks, and guinea fowl","Department of Agriculture —Data are the individual group values for oral and cloacal virus shedding and antibody titers for reach treatment group from: Mo et al., The pathogenicity and...",Unknown,https://catalog.data.gov/dataset/data-from-the-pathogenicity-and-transmission-of-live-bird-market-h2n2-avian-influenza-viru-d2371
"TIGER/Line Shapefile, 2023, State, New York, Primary and Secondary Roads","U.S. Census Bureau, Department of Commerce —The TIGER/Line shapefiles and related database files (.dbf) are an extract of selected geographic and cartographic information from the U.S. Census Bureau's Master...",Unknown,https://catalog.data.gov/dataset/tiger-line-shapefile-2023-state-new-york-primary-and-secondary-roads
Influenza Vaccination Coverage for All Ages (6+ Months),U.S. Department of Health & Human Services —Influenza Vaccination Coverage for All Ages (6+ Months) • Data on influenza vaccination coverage from the National Immunization Survey-Flu (NIS-Flu) and the...,Unknown,https://catalog.data.gov/dataset/influenza-vaccination-coverage-for-all-ages-6-months-bbec0
Street Resurfacing Schedule,City of New York —DOT issues a list of streets where crews will be doing milling or resurfacing work each week. Schedules are subject to change due to inclement weather or equipment...,Unknown,https://catalog.data.gov/dataset/street-resurfacing-schedule
Time Series International Trade: Monthly U.S. Imports by State and Harmonized System (HS) Code,Department of Commerce —The Census data API provides access to the most comprehensive set of data on current month and cumulative year-to-date imports by state and Harmonized System (HS)...,Unknown,https://catalog.data.gov/dataset/time-series-international-trade-monthly-u-s-imports-by-state-and-harmonized-system-hs-code
Pedicab Registration Plate Lottery Applications,"City of New York —Pedicabs may not operate in New York City without a DCWP-issued pedicab registration plate. By law, the City can only issue new pedicab registration plates when the...",Unknown,https://catalog.data.gov/dataset/pedicab-registration-plate-lottery-applications
Obstructive sleep apnea and vascular disease,"U.S. Department of Health & Human Services —There is emerging evidence linking obstructive sleep apnea (OSA) to vascular disease, including hypertension. This relationship may be independent of co-morbidity,...",Unknown,https://catalog.data.gov/dataset/obstructive-sleep-apnea-and-vascular-disease
Harmonized Tariff Schedule of the United States (2023),US International Trade Commission —This dataset is the current 2023 Harmonized Tariff Schedule plus all revisions for the current year. It provides the applicable tariff rates and statistical...,Unknown,https://catalog.data.gov/dataset/harmonized-tariff-schedule-of-the-united-states-2023
BIE School Directory,"Department of the Interior —There are 187 Bureau-funded elementary and secondary schools on 64 reservations in 23 states, serving approximately 40,000 Indian students. Of these, 58 are BIE-...",Unknown,https://catalog.data.gov/dataset/bie-school-directory
Bikeshare Scooter Systems,"Department of Transportation —The Bikeshare Scooter Systems dataset was compiled on June 30, 2025 with data through June 2025 and updated September 17, 2025 to add additional systems prior to 2025...",Unknown,https://catalog.data.gov/dataset/bikeshare-scooter-systems2
Electricity Data: Average Retail Price of Electricity Application Programming Interface (API),"Department of Energy —This API provides data on average retail price of electricity by major end-use sectors, i.e., residential, commercial, industrial, and transportation. Based on Form...",Unknown,https://catalog.data.gov/dataset/electricity-data-average-retail-price-of-electricity-application-programming-interface-api
Automatic Identification System (AIS) in US Offshore Waters Vessel Traffic Data,"National Oceanic and Atmospheric Administration, Department of Commerce —Vessel traffic data or Automatic Identification Systems (AIS) are a navigation safety device that transmits and monitors the location and characteristics of many...",Unknown,https://catalog.data.gov/dataset/automatic-identification-system-ais-in-us-offshore-waters-vessel-traffic-data1
Life cycle inventory data of various unit processes in water and wastewater treatment trains and the life cycle impact assessments of different environmental performance categories.,"U.S. Environmental Protection Agency —LCI and LCIA for water and wastewater treatment plants. This dataset is associated with the following publications: Xue, X., S. Cashman, A. Gaglione, J. Mosley, L....",Unknown,https://catalog.data.gov/dataset/life-cycle-inventory-data-of-various-unit-processes-in-water-and-wastewater-treatment-trai
Gross and Real Gross Domestic Product for State of Iowa,"State of Iowa —This dataset provides both quarterly and annual estimates of the value of the goods and services produced in Iowa as provided by the U.S. Department of Commerce,...",Unknown,https://catalog.data.gov/dataset/gross-and-real-gross-domestic-product-for-state-of-iowa
Railroad Grade Crossings,"Department of Transportation —The Railroad Grade Crossings dataset was updated on July 13, 2025 and was created on July 15, 2025 by the Federal Railroad Administration (FRA), and is part of the...",Unknown,https://catalog.data.gov/dataset/railroad-grade-crossings1
Primary Land Use Tax Lot Output - Map (MapPLUTO),City of New York —Extensive land use and geographic data at the tax lot level in GIS format (ESRI Shapefile). Contains more than seventy fields derived from data maintained by city...,Unknown,https://catalog.data.gov/dataset/primary-land-use-tax-lot-output-map-mappluto
METEOROID ORBITS,"National Aeronautics and Space Administration —This data set contains meteoroid orbits from photographic, TV system, and radar meteoroid surveys collected from the International Astronomical Union Meteor Data...",Unknown,https://catalog.data.gov/dataset/meteoroid-orbits-88a4f
"TIGER/Line Shapefile, 2023, County, Los Angeles County, CA, Topological Faces (Polygons With All Geocodes)","U.S. Census Bureau, Department of Commerce —The TIGER/Line shapefiles and related database files (.dbf) are an extract of selected geographic and cartographic information from the U.S. Census Bureau's Master...",Unknown,https://catalog.data.gov/dataset/tiger-line-shapefile-2023-county-los-angeles-county-ca-topological-faces-polygons-with-all-geoc
Fisheries One Stop Shop Public Data 2009 - Present,"National Oceanic and Atmospheric Administration, Department of Commerce —The purpose of the Fisheries One-Stop-Shop (FOSS) is to make fisheries dependent information readily available to fisheries managers, scientists and the American...",Unknown,https://catalog.data.gov/dataset/fisheries-one-stop-shop-public-data-2009-present1
Divvy Bicycle Stations - Historical,"City of Chicago —Historical availability of bicycles and docks to return bicycles at the Divvy stations (http://divvybikes.com/). For the current list of stations, see...",Unknown,https://catalog.data.gov/dataset/divvy-bicycle-stations-historical
Point Time Count,"City of Austin —Point in Time Count Numbers for 2007 to 2018 from HUD, which counts the number of people experiencing homelessness at the federal, state, and local level....",Unknown,https://catalog.data.gov/dataset/point-time-count
National Community-Supported Agriculture Directory,Department of Agriculture —The CSA Directory lists farm or network/association of multiple farms that offer consumers regular (usually weekly) deliveries of locally-grown farm products during...,Unknown,https://catalog.data.gov/dataset/national-community-supported-agriculture-directory
"Pillbox (retired January 28, 2021)","U.S. Department of Health & Human Services —This resource was retired on January 28, 2021 and is no longer updated. These data remain available to support research and development efforts. Pillbox's final image...",Unknown,https://catalog.data.gov/dataset/pillbox-retired-2f7f9
Air Traffic Landings Statistics,City of San Francisco —A. SUMMARY This dataset consists of San Francisco International Airport (SFO) The aircraft landing dataset contains data about aircraft landings at SFO with monthly...,Unknown,https://catalog.data.gov/dataset/air-traffic-landings-statistics
NIST Atomic Spectra Database - SRD 78,"National Institute of Standards and Technology —This database provides access and search capability for NIST critically evaluated data on atomic energy levels, wavelengths, and transition probabilities that are...",Unknown,https://catalog.data.gov/dataset/nist-atomic-spectra-database-srd-78-df78f
"SODA - POP 2.2.4 Monthly Means, 1871-2010 (At Depths)","National Oceanic and Atmospheric Administration, Department of Commerce —Simple Ocean Data Assimilation (SODA) version 2.2.4 - A reanalysis of ocean climate. SODA uses the GFDL modular ocean model version 2.2. The model is forced by...",Unknown,https://catalog.data.gov/dataset/soda-pop-2-2-4-monthly-means-1871-2010-at-depths
National Agriculture Imagery Program (NAIP),National Aeronautics and Space Administration —The National Agriculture Imagery Program (NAIP) acquires aerial imagery during the agricultural growing seasons in the continental U.S. A primary goal of the NAIP...,Unknown,https://catalog.data.gov/dataset/national-agriculture-imagery-program-naip
Fish Inventory at Fort Pulaski National Monument in 2003 – Data Package,Department of the Interior —Fort Pulaski National Monument (FOPU) was surveyed in 2003 as park of a larger initiative to inventory fish at Southeast Coast Network parks. The purpose of the study...,Unknown,https://catalog.data.gov/dataset/fish-inventory-at-fort-pulaski-national-monument-in-2003-data-package
Submarine Cable Areas - U.S. and Affiliated Territories,"National Oceanic and Atmospheric Administration, Department of Commerce —These data show the general location of commercial and research submarine cables within U.S. waters. The majority of these cables are for telecommunications, and the...",Unknown,https://catalog.data.gov/dataset/submarine-cable-areas-u-s-and-affiliated-territories
"Annual Vehicle Distance Traveled in Miles and Related Data, 2000-2023 (VM-1)","Department of Transportation —Annual Vehicle Distance Traveled (VMT) in miles by Highway Category and Vehicle Type. Also provides person miles of travel, number of registered vehicles, VMT per...",Unknown,https://catalog.data.gov/dataset/annual-vehicle-distance-traveled-in-miles-and-related-data-2000-2023-vm-1
American Community Survey: 5-Year Estimates: Detailed Tables 5-Year,Department of Commerce —The American Community Survey (ACS) is an ongoing survey that provides data every year -- giving communities the current information they need to plan investments and...,Unknown,https://catalog.data.gov/dataset/american-community-survey-5-year-estimates-detailed-tables-5-year-155db
IMS Bearings,"National Aeronautics and Space Administration —Experiments on bearings. The data set was provided by the Center for Intelligent Maintenance Systems (IMS), University of Cincinnati.",Unknown,https://catalog.data.gov/dataset/ims-bearings
"TIGER/Line Shapefile, 2016, nation, U.S., Current County and Equivalent National Shapefile","U.S. Census Bureau, Department of Commerce —The TIGER/Line shapefiles and related database files (.dbf) are an extract of selected geographic and cartographic information from the U.S. Census Bureau's Master...",Unknown,https://catalog.data.gov/dataset/tiger-line-shapefile-2016-nation-u-s-current-county-and-equivalent-national-shapefile
Homeless Shelter Locations,"District of Columbia —The dataset contains locations and attributes of Homeless Shelters, created as part of the DC Geographic Information System (DC GIS) for the D.C. Office of the Chief...",Unknown,https://catalog.data.gov/dataset/homeless-shelter-locations
Military Bases,"District of Columbia —Military Facilities. The dataset contains locations and attributes of Military Facilities, created as part of the DC Geographic Information System (DC GIS) for the...",Unknown,https://catalog.data.gov/dataset/military-bases-4294e
UAV Flight Log,"City of Bloomington —Unmanned Aerial Vehicle (UAV) flight data for flights conducted by the City of Bloomington, Indiana. This dataset is updated bi-monthly. Last updated on July 24th,...",Unknown,https://catalog.data.gov/dataset/uav-flight-log-may-1st-2023
Most Popular Baby Names,State of California —This dataset contains ranks and counts for the top 25 baby names by sex for live births that occurred in California (by occurrence) based on information entered on...,Unknown,https://catalog.data.gov/dataset/most-popular-baby-names-810d5
Major faults in Iran (flt2cg),"Department of the Interior —The geology data set for this map includes arcs, polygons, and labels that outline and describe the general geologic age and type of bedrock of Iran. The geologic...",Unknown,https://catalog.data.gov/dataset/major-faults-in-iran-flt2cg
Air Traffic Cargo Statistics,"City of San Francisco —A. SUMMARY This dataset consists of San Francisco International Airport (SFO) air traffic cargo dataset contains data about cargo volume into and out of SFO, in both...",Unknown,https://catalog.data.gov/dataset/air-traffic-cargo-statistics
Superfund Site Information,"U.S. Environmental Protection Agency —This asset includes a number of individual data sets related to site-specific information for Superfund, which is governed under the Comprehensive Environmental...",Unknown,https://catalog.data.gov/dataset/superfund-site-information13
"Monthly COVID-19 Death Rates per 100,000 Population by Age Group, Race and Ethnicity, Sex, and Region with Double Stratification","U.S. Department of Health & Human Services —Monthly COVID-19 death rates per 100,000 population stratified by age group, race/ethnicity, sex, and region, with race/ethnicity by age group and age group by...",Unknown,https://catalog.data.gov/dataset/monthly-covid-19-death-rates-per-100000-population-by-age-group-race-and-ethnicity-sex-and-98960
NASA 3D Models: ISS (Hi-res),National Aeronautics and Space Administration —A very high resolution model of the International Space Station in many parts. The download includes an image of the final configuration. This model is provided in...,Unknown,https://catalog.data.gov/dataset/nasa-3d-models-iss-hi-res
Hypertension,Allegheny County / City of Pittsburgh / Western PA Regional Data Center —These datasets provide de-identified insurance data for hypertension hyperlipidemia. The data is provided by three managed care organizations in Allegheny County...,Unknown,https://catalog.data.gov/dataset/hypertension
SNAP EBT Third Party Processor (TPP) List and Guidance to Retailers,Department of Agriculture —The list below provides Third Party Processor options for SNAP ‐ authorized retailers who may not know where to obtain EBT equipment and services. All SNAP ‐...,Unknown,https://catalog.data.gov/dataset/snap-ebt-third-party-processor-tpplist-and-guidance-to-retailers
U.S. Bioenergy Statistics,Department of Agriculture —The U.S. Bioenergy Statistics are a source of information on biofuels intended to present a picture of the renewable energy industry and its relationship to...,Unknown,https://catalog.data.gov/dataset/u-s-bioenergy-statistics
MD COVID-19 - Cases by County,"State of Maryland —Note: Starting April 27, 2023 updates change from daily to weekly. Summary The cumulative number of positive COVID-19 cases among Maryland residents within a single...",Unknown,https://catalog.data.gov/dataset/md-covid-19-cases-by-county
Fair Market Rents (Geospatial)NGDA,Department of Housing and Urban Development —Fair Market Rents (FMRs) represent the estimated amount (base rent + essential utilities) that a property in a given area typically rents for. The data are primarily...,Unknown,https://catalog.data.gov/dataset/fair-market-rents-geospatial
Species Distribution: Tiger Shark - Hawaii,"National Oceanic and Atmospheric Administration, Department of Commerce —This dataset contains a collection of known point locations of tiger sharks identified via automated satellite tracking of tagged organisms. This can be useful for...",Unknown,https://catalog.data.gov/dataset/species-distribution-tiger-shark-hawaii
Coastal Counties,"National Oceanic and Atmospheric Administration, Department of Commerce —This dataset represents US counties and independent cities which have at least one coastal border and select non-coastal counties and independent cities based on...",Unknown,https://catalog.data.gov/dataset/coastal-counties4
Austin Animal Center Outcomes,"City of Austin —This dataset records each instance of an animal in the Austin Animal Center's database being updated to an outgoing status, starting from May 5, 2025 (the launch...",Unknown,https://catalog.data.gov/dataset/austin-animal-center-outcomes-b49ae
Los Angeles International Airport - Passenger Traffic By Terminal,City of Los Angeles —Los Angeles International Airport - Passenger Statistic By Terminal,Unknown,https://catalog.data.gov/dataset/los-angeles-international-airport-passenger-traffic-by-terminal
2023 CEV Data: Current Population Survey Civic Engagement and Volunteering Supplement,AmeriCorps —The Current Population Survey Civic Engagement and Volunteering (CEV) Supplement is the most robust longitudinal survey about volunteerism and other forms of civic...,Unknown,https://catalog.data.gov/dataset/2023-cev-data-current-population-survey-civic-engagement-and-volunteering-supplement
2015 Street Tree Census - Tree Data,"City of New York —Street tree data from the TreesCount! 2015 Street Tree Census, conducted by volunteers and staff organized by NYC Parks & Recreation and partner organizations....",Unknown,https://catalog.data.gov/dataset/2015-street-tree-census-tree-data-a16a1
Education Directory,"State of Connecticut —This dataset contains the official listing of all public educational organizations in Connecticut. Data elements include district name, school name, organization...",Unknown,https://catalog.data.gov/dataset/education-directory
ICLUS v2.1.1 population projections,U.S. Environmental Protection Agency —The methodology used to produce these projections differs from ICLUS v2.0 (https://cfpub.epa.gov/ncea/iclus/recordisplay.cfm?deid=322479). The demographic components...,Unknown,https://catalog.data.gov/dataset/iclus-v2-1-1-population-projections13
CollectionUnited States Supreme Court Judicial Database Terms Series,"Department of Justice —Investigator(s): Harold J. Spaeth, James L. Gibson, Michigan State University This data collection encompasses all aspects of United States Supreme Court decision-...",Unknown,https://catalog.data.gov/dataset/united-states-supreme-court-judicial-database-terms-series-aea2b
Jefferson County KY Parcels,Louisville Metro Government —The parcels boundaries are not legal survey accurate and should be used for general representation only. They are maintained by the Jefferson County Property...,Unknown,https://catalog.data.gov/dataset/jefferson-county-ky-parcels-c8c6c
Low Food Access Areas,District of Columbia —Polygons in this layer represent low food access areas: areas of the District of Columbia which are estimated to be more than a 10-minute walk from the nearest full-...,Unknown,https://catalog.data.gov/dataset/low-food-access-areas
CollectionHighway-Rail Crossings Inventory Data,Department of Transportation —The entire National Highway-Rail Crossing Inventory is available in three separate downloadble files. There is a file of all current Public-at-Grade crossings. There...,Unknown,https://catalog.data.gov/dataset/highway-rail-crossings-inventory-data
"National Assessment of Educational Progress, 2016","Department of Education —The National Assessment of Educational Progress, 2016 (NAEP 2016) is a data collection that is part of the National Assessment of Educational Progress (NAEP) program;...",Unknown,https://catalog.data.gov/dataset/national-assessment-of-educational-progress-2016-1fcb4
Pacific Island Network Focal Terrestrial Plant Communities Monitoring Dataset 2010-2022,Department of the Interior —The Pacific Island Network Inventory and Monitoring (PACN I&M) Program collected data of the status of plant communities of the parks in the PACN. The coastal...,Unknown,https://catalog.data.gov/dataset/pacific-island-network-focal-terrestrial-plant-communities-monitoring-dataset-2010-2022
Port of Los Angeles - Historical TEU Statistics,"City of Los Angeles —Port of Los Angeles - Historical TEU Statistics: A ""TEU"" is a ""twenty-foot equivalent unit,"" which is a standard measurement of shipping cargo based on a twenty-foot...",Unknown,https://catalog.data.gov/dataset/port-of-los-angeles-historical-teu-statistics
WARN,State of Oregon —The Worker Adjustment and Retraining Notification (WARN) act requires companies with 50 or more employees to notify affected workers 60 days prior to closures and...,Unknown,https://catalog.data.gov/dataset/warn
Elevation Map of Bangladesh (elev8bg),Department of the Interior —This coverage includes polygons and polygon labels that show areas with certain elevation levels of Bangladesh.,Unknown,https://catalog.data.gov/dataset/elevation-map-of-bangladesh-elev8bg
Medical Expenditure Panel Survey (MEPS) Household Component Public Use Files,U.S. Department of Health & Human Services —The Medical Expenditure Panel Survey (MEPS) Household Component (HC) collects data from a sample of families and individuals in selected communities across the United...,Unknown,https://catalog.data.gov/dataset/medical-expenditure-panel-survey-household-component
Arrest Data from 2020 to Present,"City of Los Angeles —***Starting on March 7th, 2024, the Los Angeles Police Department (LAPD) will adopt a new Records Management System for reporting crimes and arrests. This new system...",Unknown,https://catalog.data.gov/dataset/arrest-data-from-2020-to-present
Neighborhood-level COVID data,City of Los Angeles —COVID-19 data for LA County neighborhoods and communities. Updated daily. Source: LA County Public Health...,Unknown,https://catalog.data.gov/dataset/neighborhood-level-covid-data
Report Card Discipline for 2022-23,"State of Washington —This file includes Report Card discipline data for the 2022-23 school year. This data is disaggregated by the school, district, and state levels and includes counts...",Unknown,https://catalog.data.gov/dataset/report-card-discipline-for-2022-23
Energy Data and Statistics from U.S. States,"Department of Energy —State-level data on all energy sources. Data on production, consumption, reserves, stocks, prices, imports, and exports. Data are collated from state-specific data...",Unknown,https://catalog.data.gov/dataset/energy-data-and-statistics-from-u-s-states
Toxicity Reference Database,U.S. Environmental Protection Agency —The Toxicity Reference Database (ToxRefDB) contains approximately 30 years and $2 billion worth of animal studies. ToxRefDB allows scientists and the interested...,Unknown,https://catalog.data.gov/dataset/toxicity-reference-database
Bulk Download Facility,Department of Energy —The bulk download facility provides the entire contents of each major API data set in a single ZIP file. A small JSON formatted manifest file lists the bulk files and...,Unknown,https://catalog.data.gov/dataset/bulk-download-facility
"National Accounts - Fixed Assets, , Advanced Download Section","Department of Commerce —BEA's fixed assets accounts include a wide array of statistics on both fixed assets, which are used continuously in processes of production for an extended period of...",Unknown,https://catalog.data.gov/dataset/national-accounts-fixed-assets-advanced-download-section-0febf
2017 Uniform Reporting System (URS) Table for Louisiana,U.S. Department of Health & Human Services —This is the 2017 Uniform Reporting System (URS) Output Tables for Louisiana. The URS state reporting system is collected annually to support the Community Mental...,Unknown,https://catalog.data.gov/dataset/2017-uniform-reporting-system-urs-table-for-louisiana
Glacier Bay Cumulative Oceanographic Monitoring Database (OC_D),Department of the Interior —The NPS Southeast Alaska Inventory and Monitoring Network's oceanography vital sign is conducted in Glacier Bay National Park and Preserve. Vertical profiles of...,Unknown,https://catalog.data.gov/dataset/glacier-bay-cumulative-oceanographic-monitoring-database-oc-d
"Table 8. Nonmedical Use of Pain Relievers in the Past Year among Persons Aged 12 or Older, by State and Substate Regions: Percentages, Annual Averages Based on 2008, 2009, and 2010 NSDUHs",U.S. Department of Health & Human Services —This table presents the 2008 to 2010 National Survey on Drug Use and Health (NSDUH) estimates of past year nonmedical use of pain relievers by those aged 12 or older...,Unknown,https://catalog.data.gov/dataset/table-8-nonmedical-use-of-pain-relievers-in-the-past-year-among-persons-aged-12-or-older-b
"TIGER/Line Shapefile, 2020, Nation, U.S., Metropolitan Divisions","U.S. Census Bureau, Department of Commerce —The TIGER/Line shapefiles and related database files (.dbf) are an extract of selected geographic and cartographic information from the U.S. Census Bureau's Master...",Unknown,https://catalog.data.gov/dataset/tiger-line-shapefile-2020-nation-u-s-metropolitan-divisions
Underground Storage Tanks (USTs) - Facility and Tank Details,"State of Connecticut —This list provides Underground Storage Tank (UST) site, tank, contact and Enforcement information for the approximately 45,000 commercial underground storage tanks...",Unknown,https://catalog.data.gov/dataset/underground-storage-tanks-usts-facility-and-tank-details
County/Hospital Alert Tracking System (CHATS) - Maryland Institute for Emergency Medical Services Systems (MIEMSS),"State of Maryland —This is an external link to the CHATS system on the website of MIEMSS, Maryland Institute for Emergency Medical Services Systems. CHATS is updated every 60 seconds....",Unknown,https://catalog.data.gov/dataset/county-hospital-alert-tracking-system-chats-maryland-institute-for-emergency-medical-servi
Heavy Truck Sales,"Department of Transportation —Heavy trucks include trucks with more than 14,000 pounds gross vehicle weight. Prior to the 2003 Benchmark Revision heavy trucks were more than 10,000 pounds. The...",Unknown,https://catalog.data.gov/dataset/heavy-truck-sales
Chicago Park District: Movies in the Parks 2019,City of Chicago —List of all Movies in the Parks events. This list is a one-time upload and cancellations will not be updated. Please visit the Chicago Park District website or call...,Unknown,https://catalog.data.gov/dataset/chicago-park-district-movies-in-the-parks-2019
Electronic Police Report 2018,"City of New Orleans —All Police Reports filed by NOPD officers including incident and supplemental reports containing the item number, location, disposition, signal, charges, offender...",Unknown,https://catalog.data.gov/dataset/electronic-police-report-2018
"Worldwide Well Logs with Values of Conductivity, Bulk Density, Porosity, Grain Density, Resistivity, and Sonic Ratio Collected by the Ocean Drilling Program (ODP)","National Oceanic and Atmospheric Administration, Department of Commerce —World-wide digital well log data collected for the Ocean Drilling Program (ODP) by Schlumberger Offshore Services under contract to Texas A&M University. The data...",Unknown,https://catalog.data.gov/dataset/worldwide-well-logs-with-values-of-conductivity-bulk-density-porosity-grain-density-resistivity1
RECA Awards by Place of Residence (State/Country) as of [date],"Department of Justice —The report titled RECA Awards by Place of Residence (State/Country) as of [current date], reflects the number of claims filed, pending, denied, approved, and...",Unknown,https://catalog.data.gov/dataset/reca-awards-by-place-of-residence-state-country-as-of-date
"PLACES: Local Data for Better Health, Place Data 2023 release",U.S. Department of Health & Human Services —This dataset contains model-based place (incorporated and census-designated places) estimates. PLACES covers the entire United States—50 states and the District of...,Unknown,https://catalog.data.gov/dataset/places-local-data-for-better-health-place-data-2023-release
Active Multifamily Portfolio-Property Level Data,Department of Housing and Urban Development —Multifamily Portfolio datasets (section 8 contracts) - The information has been compiled from multiple data sources within FHA or its contractors. HUD oversees more...,Unknown,https://catalog.data.gov/dataset/active-multifamily-portfolio-property-level-data
Commitment of Traders (COT),Commodity Futures Trading Commission —COT reports provide a breakdown of each Tuesday's open interest for futures and options on futures market in which 20 or more traders hold positions equal to or above...,Unknown,https://catalog.data.gov/dataset/commitment-of-traders-cot
Metropolitan Export Series,"Department of Commerce —This tool provides data on exports of goods from major U.S. metropolitan areas, as defined by the Bureau of the Census. These data are based on an Origin of Movement...",Unknown,https://catalog.data.gov/dataset/metropolitan-export-series-096d5
TREC 2021 Health Misinformation Dataset,"National Institute of Standards and Technology —The Health Misinformation track aims to (1) provide a venue for research on retrieval methods that promote better decision making with search engines, and (2) develop...",Unknown,https://catalog.data.gov/dataset/2021-health-misinformation-dataset
North American Rail Network Lines - Class I Freight Railroads View,Department of Transportation —The North American Rail Network (NARN) Rail Lines: Class I Freight Railroads View dataset is from the Federal Railroad Administration (FRA) and is part of the U.S....,Unknown,https://catalog.data.gov/dataset/north-american-rail-network-lines-class-i-freight-railroads-view2
IUC Electronic Filing System,"State of Iowa —The electronic filing system provides search for documents filed with or issued by the Iowa Utilities Commission on or after January 2, 2009. Information is...",Unknown,https://catalog.data.gov/dataset/iub-electronic-filing-system
NASA Facilities,National Aeronautics and Space Administration —NASA Facilities,Unknown,https://catalog.data.gov/dataset/nasa-facilities
School Performance,"City of Philadelphia —School progress report, district scorecard, PSSA & Keystone, district graduation rate, school graduation rate, aimsweb-star, attendance, out-of-school...",Unknown,https://catalog.data.gov/dataset/school-performance
Federal Environmental Requirements for Construction,Department of Veterans Affairs —This guide provides information on federal environmental requirements for construction projects. It is written primarily for owners of construction projects and for...,Unknown,https://catalog.data.gov/dataset/federal-environmental-requirements-for-construction
Hawaii Clean Water Branch (CWB) Beach Water Quality Data,"National Oceanic and Atmospheric Administration, Department of Commerce —Exposure to sewage contaminated recreational waters may cause gastrointestinal illnesses in swimmers. The State of Hawaii Department of Health (HIDOH) Clean Water...",Unknown,https://catalog.data.gov/dataset/hawaii-clean-water-branch-cwb-beach-water-quality-data
Credit Card Agreements Database,"Consumer Financial Protection Bureau —The Credit Card Agreements (CCA) database includes credit card agreements from more than 600 card issuers. These agreements include general terms and conditions,...",Unknown,https://catalog.data.gov/dataset/credit-card-agreements-database
"CARICOOS Wave Buoy (Rincon, PR): Historical (2012 - 2025), Wave Data","National Oceanic and Atmospheric Administration, Department of Commerce —Directional wave and sea surface temperature measurements collected in situ by Datawell Waverider buoys located near RINCON, PUERTO RICO from 2011/04/29 to...",Unknown,https://catalog.data.gov/dataset/caricoos-wave-buoy-rincon-pr-historical-2012-2025-wave-data
National Wildlife Refuge System Map,"Department of the Interior —When President Theodore Roosevelt made Florida's tiny Pelican Island a refuge for birds in 1903, he wrote the ¬first chapter of a great American conservation success...",Unknown,https://catalog.data.gov/dataset/national-wildlife-refuge-system-map
Provisional Death Counts for Coronavirus Disease (COVID-19),U.S. Department of Health & Human Services —This dataset is no longer updated. Please see the following datasets for recent data: Provisional COVID-19 Deaths by Week (https://data.cdc.gov/dataset/Provisional-...,Unknown,https://catalog.data.gov/dataset/provisional-death-counts-for-coronavirus-disease-covid-19
Global Islands,Department of the Interior —A new 30-m spatial resolution global shoreline vector (GSV) was developed from annual composites of 2014 Landsat satellite imagery. The semi-automated classification...,Unknown,https://catalog.data.gov/dataset/global-islands
911 End-to-End Data,"City of New York —All incident segments for each of the first responding agencies (PD, FD and EMS) that contribute to the end-to-end response times. This data set provides call...",Unknown,https://catalog.data.gov/dataset/911-end-to-end-data
Corporate Data Warehouse (CDW),Department of Veterans Affairs —The Veterans Health Administration (VHA) is increasingly dependent upon data. Most of its employees generate and use vast amounts of data on a daily basis. To improve...,Unknown,https://catalog.data.gov/dataset/corporate-data-warehouse-cdw
Global Agricultural Trade System,Department of Agriculture —Trade data from US Census Bureau as defined by USDA Foreign Agricultural Service groupings,Unknown,https://catalog.data.gov/dataset/global-agricultural-trade-system
BLM Natl Recreation Site Points,Department of the Interior —This feature class represents the point features that show the physical locations of BLM National Recreation Sites. The general types of recreation point features...,Unknown,https://catalog.data.gov/dataset/blm-natl-recreation-site-points-f690a
"Archive of Digital Chirp Sub-bottom Profile Data Collected During USGS Cruise 09CCT01 Offshore of Sabine Pass and Galveston, Texas, March 2009","Department of the Interior —In March of 2009, the U.S. Geological Survey and Texas A&M University at Galveston conducted geophysical surveys to investigate the shallow geologic framework...",Unknown,https://catalog.data.gov/dataset/archive-of-digital-chirp-sub-bottom-profile-data-collected-during-usgs-cruise-09cct01-offs
Determinants of Pseudogymnoascus destructans within bat hibernacula: data,Department of the Interior —This dataset includes data used to summarize trends and identify best-fit models to explain patterns in presence-absence and abundance of Pseudogymnoascus destructans...,Unknown,https://catalog.data.gov/dataset/determinants-of-pseudogymnoascus-destructans-within-bat-hibernacula-data
VSRR Provisional County-Level Drug Overdose Death Counts,U.S. Department of Health & Human Services —This data visualization presents county-level provisional counts for drug overdose deaths based on a current flow of mortality data in the National Vital Statistics...,Unknown,https://catalog.data.gov/dataset/vsrr-provisional-county-level-drug-overdose-death-counts-d154f
Crowdfunding Offerings Data Sets,Securities and Exchange Commission —The SEC’s Crowdfunding Offerings Data Sets provide a quarterly look at offerings that rely on the Regulation Crowdfunding exemption.,Unknown,https://catalog.data.gov/dataset/crowdfunding-offerings-data-sets
USMIN Mineral-Resource Data for the U.S. Geological Survey Sagebrush Mineral-Resource Assessment Project,"Department of the Interior —The point and polygon layers within this geodatabase represent locations of mineral occurrences, mines, mining and mineral districts and sites of active mineral...",Unknown,https://catalog.data.gov/dataset/usmin-mineral-resource-data-for-the-u-s-geological-survey-sagebrush-mineral-resource-asses
Mars orbital image (HiRISE) labeled data set version 3,"National Aeronautics and Space Administration —This data set contains a total of 73,031 landmarks. 10,433 landmarks were detected and extracted from 180 HiRISE browse images, and 62,598 landmarks were augmented...",Unknown,https://catalog.data.gov/dataset/mars-orbital-image-hirise-labeled-data-set-version-3-7a019
Janes,"Department of Homeland Security —Janes digital collection that provides ​access to: Fighting Ships, Military and Security Assessments, Terrorism and Insurgency Centre, Intelligence Events, Data...",Unknown,https://catalog.data.gov/dataset/janes
Multifamily PropertiesNGDA,Department of Housing and Urban Development —This dataset denotes HUD subsidized Multifamily Housing properties excluding insured hospitals with active loans. HUD’s Multifamily Housing property portfolio consist...,Unknown,https://catalog.data.gov/dataset/multifamily-properties
Soils Farmland Classification,"State of Connecticut —Farmland classification identifies map units as prime farmland, farmland of statewide importance, farmland of local importance, or unique farmland. It identifies the...",Unknown,https://catalog.data.gov/dataset/soils-farmland-classification-00a7f
MDOT/MVA Electric and Plug-in Hybrid Vehicle Registrations by County as of each month end from July 2020 to May 2025,State of Maryland —Total number of electric and plug-in hybrid vehicle registrations by county as of each month end from July 2020 to May 2025.,Unknown,https://catalog.data.gov/dataset/mva-electric-and-hybrid-vehicle-registrations-by-county-as-of-october-2020
COVID-19 Cases and Deaths by Age Group - ARCHIVE,"State of Connecticut —Note: DPH is updating and streamlining the COVID-19 cases, deaths, and testing data. As of 6/27/2022, the data will be published in four tables instead of twelve. The...",Unknown,https://catalog.data.gov/dataset/covid-19-cases-and-deaths-by-age-group
Thirteen-year Stover Harvest and Tillage Effects on Corn Agroecosystem Sustainability in Iowa,"Department of Agriculture —This dataset includes soil health, crop biomass, and crop yield data for a 13-year corn stover harvest trial in central Iowa. Following the release in 2005 of the...",Unknown,https://catalog.data.gov/dataset/thirteen-year-stover-harvest-and-tillage-effects-on-corn-agroecosystem-sustainability-in-i-be5ae
Pedestrian Friendliness Index Census Blocks,"District of Columbia —The Pedestrian Friendliness Index (PFI) scores for each Census block showing how walkable they are, relative to other Census blocks in the District. An area deemed...",Unknown,https://catalog.data.gov/dataset/pedestrian-friendliness-index-census-blocks
Mineral Commodity Summaries 2024 - MINERAL INDUSTRY TRENDS AND SALIENT STATISTICS Data Release,Department of the Interior —This data release contains the U.S. salient statistics and world production data extracted from the tables and figures of the USGS Mineral Commodity Summaries 2024...,Unknown,https://catalog.data.gov/dataset/mineral-commodity-summaries-2024-mineral-industry-trends-and-salient-statistics-data-relea
"Wildfire Hazard Potential, Version 2023 Continuous (Image Service)",Department of Agriculture —This dataset is the 2023 version of wildfire hazard potential (WHP) for the United States. The files included in this data publication represent an update to any...,Unknown,https://catalog.data.gov/dataset/wildfire-hazard-potential-version-2023-continuous-image-service
Prediction Of Worldwide Energy Resources (POWER),"National Aeronautics and Space Administration —The POWER Project contains over 380 satellite-derived meteorology and solar energy Analysis Ready Data (ARD) at four temporal levels: hourly, daily, monthly (by year...",Unknown,https://catalog.data.gov/dataset/prediction-of-worldwide-energy-resources-power
Registered Business Lookup,City of San Francisco —SUMMARY Use this dashboard to look up your business registration information. This dashboard utilizes the Registered Business Locations - San Francisco dataset.,Unknown,https://catalog.data.gov/dataset/registered-business-lookup
Body Worn Camera Resources,Department of Justice —Body Worn Camera Resources,Unknown,https://catalog.data.gov/dataset/body-worn-camera-resources
CollectionElectricity Data - Retail Sales,"Department of Energy —This API provides data on retail sales of electricity by major end-use sectors, i.e., residential, commercial, industrial, and transportation. Based on Form EIA-826...",Unknown,https://catalog.data.gov/dataset/electricity-data-retail-sales
COVID-19 Reported Patient Impact and Hospital Capacity by State Timeseries (RAW),"U.S. Department of Health & Human Services —After May 3, 2024, this dataset and webpage will no longer be updated because hospitals are no longer required to report data on COVID-19 hospital admissions, and...",Unknown,https://catalog.data.gov/dataset/covid-19-reported-patient-impact-and-hospital-capacity-by-state-timeseries-cf58c
Power Outages - County,State of Maryland —Contains aggregated power outage data by County. Limited historical record inventory. Designed for and consumed by the MEMA Power Outage web application.,Unknown,https://catalog.data.gov/dataset/power-outages-county
Drug Products in the Medicaid Drug Rebate Program,"U.S. Department of Health & Human Services —Active drugs that have been reported by participating drug manufacturers under the Medicaid Drug Rebate Program. All drugs are identified by National Drug Code (NDC),...",Unknown,https://catalog.data.gov/dataset/drug-products-in-the-medicaid-drug-rebate-program-2933e
2020 Presidential General Election Results,"Montgomery County of Maryland —The Cumulative Report includes complete official election results for the 2020 Presidential General Election as of November 29, 2020. Results are released in three...",Unknown,https://catalog.data.gov/dataset/2020-presidential-general-election-results
Major Land Uses,"Department of Agriculture —ERS has been a source of major land use estimates in the United States for over 50 years, and the related U.S. cropland used for crops series dates back to 1910. The...",Unknown,https://catalog.data.gov/dataset/major-land-uses
NADAC (National Average Drug Acquisition Cost) 2025,U.S. Department of Health & Human Services —National Average Drug Acquisition Cost (NADAC) weekly reference data for the calendar year.,Unknown,https://catalog.data.gov/dataset/nadac-national-average-drug-acquisition-cost-2025
Investment Company Series and Class Information,Securities and Exchange Commission —The Series and Class Report provides basic identification information for all active registered investment company series and classes have been issued IDs by the...,Unknown,https://catalog.data.gov/dataset/investment-company-series-and-class-information
Grocery Stores,"City of Ferndale, Michigan —Data Driven Detroit created the data by selecting locations from NETS and ESRI business data with proper NAICS codes, then adding and deleting though local knowledge...",Unknown,https://catalog.data.gov/dataset/grocery-stores-fb200
USGS National Transportation Dataset (NTD) Downloadable Data                     Collection,Department of the Interior —The USGS Transportation downloadable data from The National Map (TNM) is based on TIGER/Line data provided through U.S. Census Bureau and supplemented with HERE road...,Unknown,https://catalog.data.gov/dataset/usgs-national-transportation-dataset-ntd-downloadable-data-collection-17521
ROSETTA RF ANTENNA ENGINEERING DATA,"National Aeronautics and Space Administration —This CODMAC level 3 data set contains the output of the Antenna Communication System Housekeeping placed in Tabular form. It covers the period from launch in 2004,...",Unknown,https://catalog.data.gov/dataset/rosetta-rf-antenna-engineering-data-d3b16
Short-Term Energy Outlook: U.S. CO2 Emissions Application Programming Interface (API),"Department of Energy —This API provides data back to 1990 and projections annually, monthly, and quarterly for 18 months. Summarizes CO2 emissions from coal, fossil fuels, natural gas, and...",Unknown,https://catalog.data.gov/dataset/short-term-energy-outlook-u-s-co2-emissions-application-programming-interface-api
WebOPUS Case Management Software - Workers Compensation Case Management System (WCCMS),Department of Homeland Security —IT System used for Nurse Case Management Services Contract. System provided by contractor.,Unknown,https://catalog.data.gov/dataset/webopus-case-management-software-workers-compensation-case-management-system-wccms
Metropolitan Planning Organizations,"Department of Transportation —The Metropolitan Planning Organizations (MPO) dataset was compiled on August 27, 2025 from the Federal Highway Administration (FHWA) and is part of the U.S....",Unknown,https://catalog.data.gov/dataset/metropolitan-planning-organizations1
Indicators of Health Insurance Coverage at the Time of Interview,"U.S. Department of Health & Human Services —The U.S. Census Bureau, in collaboration with five federal agencies, launched the Household Pulse Survey to produce data on the social and economic impacts of...",Unknown,https://catalog.data.gov/dataset/indicators-of-health-insurance-coverage-at-the-time-of-interview
"Gridded Population of the World, Version 4 (GPWv4): Population Count, Revision 11","National Aeronautics and Space Administration —The Gridded Population of the World, Version 4 (GPWv4): Population Count, Revision 11 consists of estimates of human population (number of persons per pixel),...",Unknown,https://catalog.data.gov/dataset/gridded-population-of-the-world-version-4-gpwv4-population-count-revision-11
Affordable Housing by Town 2011-2023,State of Connecticut —The Affordable Housing Appeals Procedure List is published annually on or about February 1. The data for the Affordable Housing Appeals Procedure List comes from...,Unknown,https://catalog.data.gov/dataset/affordable-housing-by-town-2011-present
FY23 Federal Real Property Profile (FRPP) Public Dataset,General Services Administration —The Federal Real Property Profile Management System (FRPP MS) is the federal government’s centralized inventory of real property under the custody and control of...,Unknown,https://catalog.data.gov/dataset/fy23-federal-real-property-profile-frpp-public-dataset
Clean Air Markets Program Data Application (CAMPD),"U.S. Environmental Protection Agency —The Clean Air Markets Program Data (CAMPD) application, accessible athttps://campd.epa.gov/, allows users to view Clean Air Markets data through the Custom Data...",Unknown,https://catalog.data.gov/dataset/clean-air-markets-allowances-query-wizard
MD COVID-19 - MASTER Case Tracker,"State of Maryland —Note: Starting April 27, 2023 updates change from daily to weekly. Summary The cases, tests, positivity rates, hospitalizations, and confirmed and probable deaths for...",Unknown,https://catalog.data.gov/dataset/md-covid-19-master-case-tracker
"Utah FORGE 3-2417: DAS Microseismic Event Records From Circulation Test - July, 2023",Department of Energy —This dataset contains distributed acoustic sensing (DAS) microseismic event triggers (waveforms) recorded during the 16A-16B circulation tests conducted at the Utah...,Unknown,https://catalog.data.gov/dataset/utah-forge-3-2417-das-microseismic-event-records-from-circulation-test-july-2023
ASTEROID NAMES AND DISCOVERY V4.0,"National Aeronautics and Space Administration —This data set includes names, designations, and discovery circumstances for the numbered asteroids, sorted in order of number. This data set supercedes past versions...",Unknown,https://catalog.data.gov/dataset/asteroid-names-and-discovery-v4-0-59834
2024 Presidential General Election Results,"Montgomery County of Maryland —This dataset contains the 2024 Primary and General Election Official Results from the Maryland State and Local Offices, as well as Presidential election-related...",Unknown,https://catalog.data.gov/dataset/2024-presidential-general-election-results
CTA - Ridership - Bus Routes - Monthly Day-Type Averages & Totals,"City of Chicago —This dataset shows monthly averages, by day type (weekday, Saturday or Sunday/Holiday) and monthly totals for all CTA bus routes, back to 2001. See attached readme...",Unknown,https://catalog.data.gov/dataset/cta-ridership-bus-routes-monthly-day-type-averages-totals
"Population Estimates: Estimates by Age Group, Sex, Race, and Hispanic Origin","Department of Commerce —Annual Resident Population Estimates by Age Group, Sex, Race, and Hispanic Origin; for the United States, States, Counties; and for Puerto Rico and its Municipios:...",Unknown,https://catalog.data.gov/dataset/population-estimates-estimates-by-age-group-sex-race-and-hispanic-origin
USGS Surface-Water Data for the Nation - National Water Information System (NWIS),"Department of the Interior —The USGS compiles online access to water-resources data collected at approximately 1.5 million sites in all 50 States, the District of Columbia, Puerto Rico, the...",Unknown,https://catalog.data.gov/dataset/usgs-surface-water-data-for-the-nation-national-water-information-system-nwis
Resident Assessment Instrument/Minimum Data Set (RAI/MDS),Department of Veterans Affairs —The Resident Assessment Instrument/Minimum Data Set (RAI/MDS) is a comprehensive assessment and care planning process used by the nursing home industry since 1990 as...,Unknown,https://catalog.data.gov/dataset/resident-assessment-instrument-minimum-data-set-rai-mds
"School Learning Modalities, 2021-2022","U.S. Department of Health & Human Services —The 2021-2022 School Learning Modalities dataset provides weekly estimates of school learning modality (including in-person, remote, or hybrid learning) for U.S. K-12...",Unknown,https://catalog.data.gov/dataset/school-learning-modalities
"Processed ADCP Current Depth Profiles, Flow Classification, and Power Law Parameters at Tidal Energy Sites","Department of Energy —This dataset contains processed acoustic Doppler current profiler (ADCP) measurements from twenty energetic tidal energy sites in the United States, Scotland, and New...",Unknown,https://catalog.data.gov/dataset/processed-adcp-current-depth-profiles-flow-classification-and-power-law-parameters-at-tida
Law Enforcement Dispatched Calls for Service: Real-Time,"City of San Francisco —Revision Note (February 10, 2025): The data pipeline for ""Law Enforcement Dispatched Calls for Service: Real-Time"" has been updated. A spelling error with the column...",Unknown,https://catalog.data.gov/dataset/law-enforcement-dispatched-calls-for-service-real-time
Survey of Public Participation in the Arts (SPPA),National Endowment for the Arts —Survey of U.S. adult participation in arts and leisure activities.,Unknown,https://catalog.data.gov/dataset/survey-of-public-participation-in-the-arts-sppa
"TIGER/Line Shapefile, Current, Nation, U.S., 2020 Census Urban Area","U.S. Census Bureau, Department of Commerce —This resource is a member of a series. The TIGER/Line shapefiles and related database files (.dbf) are an extract of selected geographic and cartographic information...",Unknown,https://catalog.data.gov/dataset/tiger-line-shapefile-current-nation-u-s-2020-census-urban-area
Hazardous Substances Data Bank (HSDB),U.S. Department of Health & Human Services —Hazardous Substances Data Bank (HSDB) was a toxicology database that focused on the toxicology of potentially hazardous chemicals. It provided information on human...,Unknown,https://catalog.data.gov/dataset/hazardous-substances-data-bank-hsdb-28053
Light Truck Sales,"Department of Transportation —Light trucks include trucks with up to 14,000 pounds gross vehicle weight, including minivans and sport utility vehicles. Prior to the 2003 Benchmark Revision, light...",Unknown,https://catalog.data.gov/dataset/light-truck-sales
"Shipping Fairways, Lanes, and Zones for US waters","National Oceanic and Atmospheric Administration, Department of Commerce —Various shipping zones delineate activities and regulations for marine vessel traffic. Traffic lanes define specific traffic flow, while traffic separation zones...",Unknown,https://catalog.data.gov/dataset/shipping-fairways-lanes-and-zones-for-us-waters1
Census Tract EQI,"U.S. Environmental Protection Agency —The Environmental Quality Index (EQI) accounts for the multiple domains of the environment with which humans interact. These domains include chemical, natural, built,...",Unknown,https://catalog.data.gov/dataset/census-tract-eqi
SNOwpack TELemetry Network (SNOTEL),Department of Agriculture —The SNOTEL data retrieval tools provides an interactive process to identify and retrieve data from individual SNOTEL sites. The user does not need to know the ID for...,Unknown,https://catalog.data.gov/dataset/snowpack-telemetry-network-snotel
DMV Vision Registry Providers,State of New York —A list of providers within NYS who can administer vision tests to motorists and submit the results online directly to DMV’s system.,Unknown,https://catalog.data.gov/dataset/dmv-vision-registry-providers
National Automotive Sampling System - Crashworthiness Data System (NASS-CDS) - NASS-CDS (multiyear),Department of Transportation —The National Automotive Sampling System (NASS) Crashworthiness Data System (CDS) is a nationwide crash data collection program sponsored by the U.S. Department of...,Unknown,https://catalog.data.gov/dataset/national-automotive-sampling-system-crashworthiness-data-system-nass-cds-nass-cds-multiyea
IKONOS-2,"National Aeronautics and Space Administration —Since its launch in September 1999, GeoEye's IKONOS satellite has provided a reliable stream of image data since January 2000, which has become the standard for...",Unknown,https://catalog.data.gov/dataset/ikonos-2
West Africa Land Use Land Cover Time Series,"Department of the Interior —This series of three-period land use land cover (LULC) datasets (1975, 2000, and 2013) aids in monitoring change in West Africa’s land resources (exception is Tchad...",Unknown,https://catalog.data.gov/dataset/west-africa-land-use-land-cover-time-series
Position Description Library,Department of Homeland Security —Used for Suitability and Fitness Adjudication for civilian employees and assists in determining the level of risk and sensitivity of positions in the competitive...,Unknown,https://catalog.data.gov/dataset/position-description-library
"Population Estimates: Estimates by Age, Sex, Race, and Hispanic Origin","Department of Commerce —Annual Resident Population Estimates by Age, Sex, Race, and Hispanic Origin; for the United States, States, and Puerto Rico: April 1, 2010 to July 1, 2019 // Source:...",Unknown,https://catalog.data.gov/dataset/population-estimates-estimates-by-age-sex-race-and-hispanic-origin
GAGES-II: Geospatial Attributes of Gages for Evaluating Streamflow,"Department of the Interior —This dataset, termed ""GAGES II"", an acronym for Geospatial Attributes of Gages for Evaluating Streamflow, version II, provides geospatial data and classifications for...",Unknown,https://catalog.data.gov/dataset/gages-ii-geospatial-attributes-of-gages-for-evaluating-streamflow
Time Series Economic Indicators Time Series -: Advance Monthly Sales for Retail and Food Services,"Department of Commerce —The U.S. Census Bureau.s economic indicator surveys provide monthly and quarterly data that are timely, reliable, and offer comprehensive measures of the U.S....",Unknown,https://catalog.data.gov/dataset/time-series-economic-indicators-time-series-advance-monthly-sales-for-retail-and-food-serv
Global Population Density Grid Time Series Estimates,National Aeronautics and Space Administration —The Global Population Density Grid Time Series Estimates provide a back-cast time series of population density grids based on the year 2000 population grid from...,Unknown,https://catalog.data.gov/dataset/global-population-density-grid-time-series-estimates
Financial Institution Office Locations,Federal Deposit Insurance Corporation —This dataset lists office locations of FDIC-insured financial institutions.,Unknown,https://catalog.data.gov/dataset/financial-institution-office-locations
Eldercare Locator Database,U.S. Department of Health & Human Services —The Eldercare Locator is a searchable database that allows a user to search via zip code or city/ state for agencies at the State and local levels that provide...,Unknown,https://catalog.data.gov/dataset/eldercare-locator-database
"CHIRPS Version 2.0, Precipitation, Global, 0.05Â°, Monthly, 1981-present","National Oceanic and Atmospheric Administration, Department of Commerce —This dataset has monthly averages of the Climate Hazards Group InfraRed Precipitation with Station data (CHIRPS), which is quasi-global rainfall data set. Spanning...",Unknown,https://catalog.data.gov/dataset/chirps-version-2-0-precipitation-global-0-05a-monthly-1981-present
Data from: Crop- and weather-dependent yield and wind erosion benefits from a conservation practices system,"Department of Agriculture —This dataset records several responses in a large-scale field south of Mandan, ND to two agricultural management systems, aspirational (ASP; cover crops, and retained...",Unknown,https://catalog.data.gov/dataset/data-from-crop-and-weather-dependent-yield-and-wind-erosion-benefits-from-a-conservation-p
Parks Special Events,"City of New York —This dataset contains information about Parks' Special Events, including fitness, sports, dancing, movies, and concerts facilitated by NYC Parks' Public Programs...",Unknown,https://catalog.data.gov/dataset/parks-special-events
NASA TechPort,"National Aeronautics and Space Administration —This dataset contains the list of all publicly published NASA projects from within the NASA technology portfolio. In-depth portfolio information, including details...",Unknown,https://catalog.data.gov/dataset/nasa-techport-3d05e
Winners List of Texas Lottery® Prizes,"City of Austin —List of winner claims for Texas Lottery® prizes with player (excluding identity of those designated anonymous), prize, game and selling retailer information. GOV'T §...",Unknown,https://catalog.data.gov/dataset/winners-list-of-texas-lottery-prizes
"TIGER/Line Shapefile, 2019, 2010 nation, U.S., 2010 Census 5-Digit ZIP Code Tabulation Area (ZCTA5) National","U.S. Census Bureau, Department of Commerce —The TIGER/Line shapefiles and related database files (.dbf) are an extract of selected geographic and cartographic information from the U.S. Census Bureau's Master...",Unknown,https://catalog.data.gov/dataset/tiger-line-shapefile-2019-2010-nation-u-s-2010-census-5-digit-zip-code-tabulation-area-zcta5-na
"Anaerobic Digestion Facility List, US and Territories, 2023, US EPA Region 9","U.S. Environmental Protection Agency —This table lists anaerobic digestion (AD) facilities, some of which currently accept excess food as a feedstock. The data was compiled from lists maintained by US...",Unknown,https://catalog.data.gov/dataset/anaerobic-digestion-facility-list-us-and-territories-2023-us-epa-region-99
NYC Drinking Water Tank Inspections and Audits Compliance Results,City of New York —This is an official NYC Health Department dataset. The Health Department does not endorse datasets using these data that may be created by others. The dataset...,Unknown,https://catalog.data.gov/dataset/nyc-drinking-water-tank-inspections-and-audits-compliance-results
Directory Of Homeless Population By Year,City of New York —Table of homeless population by Year (for years 2009 through 2012),Unknown,https://catalog.data.gov/dataset/directory-of-homeless-population-by-year
PV Rooftop Database,"Department of Energy —The National Renewable Energy Laboratory's (NREL) Photovoltaic (PV) Rooftop Database (PVRDB) is a lidar-derived, geospatially-resolved dataset of suitable roof...",Unknown,https://catalog.data.gov/dataset/pv-rooftop-dataset
Post-Secondary Employment Outcomes (PSEO) - Flows,Department of Commerce —Post-Secondary Employment Outcomes (PSEO) are experimental tabulations developed by researchers at the U.S. Census Bureau. PSEO data provide earnings and employment...,Unknown,https://catalog.data.gov/dataset/post-secondary-employment-outcomes-pseo-post-secondary-employment-outcomes-pseo-flows
NYC Street Tree Map – Stewardship Activity,City of New York —Record of self-reported stewardship activity on DPR trees performed by members of the public. This dataset can be joined to the Forestry Tree Points dataset...,Unknown,https://catalog.data.gov/dataset/nyc-street-tree-map-stewardship-activity
CDC Child Growth Charts,U.S. Department of Health & Human Services —CDC child growth charts consist of a series of percentile curves that illustrate the distribution of selected body measurements in U.S. children. Pediatric growth...,Unknown,https://catalog.data.gov/dataset/cdc-child-growth-charts
Transportation to Work,"State of California —This table contains data on the percent of residents aged 16 years and older mode of transportation to work for California, its regions, counties, cities/towns, and...",Unknown,https://catalog.data.gov/dataset/transportation-to-work-33f1f
Trademark Status and Document Retrieval (TSDR) API (Version 1.0),"Department of Commerce —The Trademark Status and Document Retrieval (TSDR) API allows you to make programmatic requests for trademark case status, documents, and images. Beginning on October...",Unknown,https://catalog.data.gov/dataset/trademark-status-and-document-retrieval-tsdr-api-beta
U.S. Active Duty Military Deaths Since 1 JAN 2001,"Department of Defense —Detailed listing of all U.S. Military Active Duty deaths since 1/1/2001 giving branch of service, age at death, military occupational code, location of death, and...",Unknown,https://catalog.data.gov/dataset/u-s-active-duty-military-deaths-since-1-jan-2001
Anthropogenic metal storage in wetland soils across the conterminous United States,"U.S. Environmental Protection Agency —Publicly available data used to generate manuscript figures. This dataset is associated with the following publication: Dietrich, M., M. Dumelle, A. Nahlik, H....",Unknown,https://catalog.data.gov/dataset/anthropogenic-metal-storage-in-wetland-soils-across-the-conterminous-united-states
"TIGER/Line Shapefile, 2023, County, Nassau County, NY, Topological Faces (Polygons With All Geocodes)","U.S. Census Bureau, Department of Commerce —The TIGER/Line shapefiles and related database files (.dbf) are an extract of selected geographic and cartographic information from the U.S. Census Bureau's Master...",Unknown,https://catalog.data.gov/dataset/tiger-line-shapefile-2023-county-nassau-county-ny-topological-faces-polygons-with-all-geocodes
Mineral Commodity Summaries 2025 - NICKEL Data Release,Department of the Interior —This data release contains the U.S. salient statistics and world production data extracted from the NICKEL data sheet of the USGS Mineral Commodity Summaries 2025.,Unknown,https://catalog.data.gov/dataset/mineral-commodity-summaries-2025-nickel-data-release
Estimates of Emergency Department Visits in the United States from 2016-2022,"U.S. Department of Health & Human Services —The National Hospital Ambulatory Medical Care Survey (NHAMCS), conducted by the National Center for Health Statistics (NCHS), collects annual data on visits to...",Unknown,https://catalog.data.gov/dataset/estimates-of-emergency-department-visits-in-the-united-states-from-2016-2019-faa2a
Spatial Data from the 2011 India Census,National Aeronautics and Space Administration —The Spatial Data from the 2011 India Census contains gridded estimates of India population at a resolution of 1 kilometer along with two spatial renderings of urban...,Unknown,https://catalog.data.gov/dataset/spatial-data-from-the-2011-india-census
Non-federal Acute Care Hospital Health IT Adoption and Use,U.S. Department of Health & Human Services —The adoption and use of electronic health records is a key ONC priority. This page provides data access and documentation for the non-federal acute care hospital EHR...,Unknown,https://catalog.data.gov/dataset/non-federal-acute-care-hospital-health-it-adoption-and-use
TSCA Inventory,U.S. Environmental Protection Agency —This dataset consists of the non confidential identities of chemical substances submitted under the Toxic Substances Control Act (TSCA). TSCA was enacted to ensure...,Unknown,https://catalog.data.gov/dataset/tsca-inventory
Yosemite National Park Rockfall Database,"Department of the Interior —The Yosemite rockfall inventory database records rockfalls and other slope movement events, such as rock slides and debris flows, throughout Yosemite National Park...",Unknown,https://catalog.data.gov/dataset/yosemite-national-park-rockfall-database
911 Master PSAP Registry,"Federal Communications Commission —Updated as of February 26, 2019. The FCC’s 911 Master PSAP Registry (PSAP Registry) lists Public Safety Answering Points (PSAPs) by an FCC assigned identification...",Unknown,https://catalog.data.gov/dataset/911-master-psap-registry
Living Wage,"State of California —This table contains data on the living wage and the percent of families with incomes below the living wage for California, its counties, regions and cities/towns....",Unknown,https://catalog.data.gov/dataset/living-wage-72c58
Headwater streams and catchments across the conterminous United States,"U.S. Environmental Protection Agency —Data available in Zenodo via doi: 10.5281/zenodo.16318572 Headwater streams play critical roles in hydrologic and biogeochemical processes and functions, yet their...",Unknown,https://catalog.data.gov/dataset/headwater-streams-and-catchments-across-the-conterminous-united-states
"TIGER/Line Shapefile, 2023, State, North Carolina, Primary and Secondary Roads","U.S. Census Bureau, Department of Commerce —The TIGER/Line shapefiles and related database files (.dbf) are an extract of selected geographic and cartographic information from the U.S. Census Bureau's Master...",Unknown,https://catalog.data.gov/dataset/tiger-line-shapefile-2023-state-north-carolina-primary-and-secondary-roads
Bug Bytes sound library: stored product insect pest sounds,"Department of Agriculture —This archive of .wav format sound recordings provided by the ARS Center for Medical, Agricultural, and Veterinary Entomology supports the detection and control of...",Unknown,https://catalog.data.gov/dataset/bug-bytes-sound-library-stored-product-insect-pest-sounds-bcc88
Global Forecast System (GFS) [0.5 Deg.],"National Oceanic and Atmospheric Administration, Department of Commerce —The Global Forecast System (GFS) is a weather forecast model produced by the National Centers for Environmental Prediction (NCEP). Dozens of atmospheric and land-soil...",Unknown,https://catalog.data.gov/dataset/global-forecast-system-gfs-0-5-deg1
SAT (College Board) 2010 School Level Results,City of New York —New York City school level College Board SAT results for the graduating seniors of 2010. Records contain 2010 College-bound seniors mean SAT scores. Records with 5...,Unknown,https://catalog.data.gov/dataset/sat-college-board-2010-school-level-results
Navigable Waterway Network Lines,Federal Geographic Data Committee —The Navigable Waterway Network Lines dataset is periodically updated by the United States Army Corp of Engineers (USACE) and is part of the U.S. Department of...,Unknown,https://catalog.data.gov/dataset/navigable-waterway-network-lines-129e0
2018 Yellow Taxi Trip Data,City of New York —These records are generated from the trip record submissions made by yellow taxi Technology Service Providers (TSPs). Each row represents a single trip in a yellow...,Unknown,https://catalog.data.gov/dataset/2018-yellow-taxi-trip-data
Forest Inventory and Analysis DatabaseNGDA,"Department of Agriculture —The Forest Inventory and Analysis (FIA) research program has been in existence since mandated by Congress in 1928. FIA's primary objective is to determine the extent,...",Unknown,https://catalog.data.gov/dataset/forest-inventory-and-analysis-database-a9cd7
"PLACES: ZCTA Data (GIS Friendly Format), 2024 release",U.S. Department of Health & Human Services —This dataset contains model-based ZIP Code Tabulation Area (ZCTA) level estimates in GIS-friendly format. PLACES covers the entire United States—50 states and the...,Unknown,https://catalog.data.gov/dataset/places-zcta-data-gis-friendly-format-2020-release-f976e
Utility Poles 1999,District of Columbia —Utility poles captured in 1999. Contract NCPC 93-02. This document describes the planimetric map production for the 350 tiles located in Washington DC and the...,Unknown,https://catalog.data.gov/dataset/utility-poles-1999
CollectionNational Prisoner Statistics (NPS) Series,Department of Justice —Investigator(s): United States. Bureau of Justice Statistics Produces annual national- and state-level data on the number of prisoners in state and federal prison...,Unknown,https://catalog.data.gov/dataset/national-prisoner-statistics-nps-series-2af34
1 Arc-second Digital Elevation Models (DEMs) - USGS National Map 3DEP Downloadable Data Collection,Department of the Interior —This is a tiled collection of the 3D Elevation Program (3DEP) and is 1 arc-second (approximately 30 m) resolution. The elevations in this Digital Elevation Model...,Unknown,https://catalog.data.gov/dataset/1-arc-second-digital-elevation-models-dems-usgs-national-map-3dep-downloadable-data-collec
Cost Estimates of Foodborne Illnesses,"Department of Agriculture —The Cost Estimates of Foodborne Illnesses data product provides detailed data about the costs of major foodborne illnesses in the United States, updating and...",Unknown,https://catalog.data.gov/dataset/cost-estimates-of-foodborne-illnesses
"TIGER/Line Shapefile, Current, State, Texas, 2020 Census Block","U.S. Census Bureau, Department of Commerce —This resource is a member of a series. The TIGER/Line shapefiles and related database files (.dbf) are an extract of selected geographic and cartographic information...",Unknown,https://catalog.data.gov/dataset/tiger-line-shapefile-current-state-texas-2020-census-block
Collin CAD Appraisal Data - 2025,City of Austin —2025 Certified Appraisal Data with supplemental updates,Unknown,https://catalog.data.gov/dataset/collin-cad-appraisal-data-2025
"Integrated Global Radiosonde Archive (IGRA), Version 2","National Oceanic and Atmospheric Administration, Department of Commerce —Integrated Global Radiosonde Archive (IGRA) Version 2 consists of quality-controlled radiosonde observations of temperature, humidity, and wind at stations across all...",Unknown,https://catalog.data.gov/dataset/integrated-global-radiosonde-archive-igra-version-23
FSIS - Poultry Categorization Data (Individual Establishments),"Department of Agriculture —Salmonella verification testing for individual establishments for Young Chicken and Turkey Carcasses, Raw Chicken Parts, and NRTE Comminuted Poultry establishments....",Unknown,https://catalog.data.gov/dataset/fsis-poultry-categorization-data
Inland Electronic Navigational Charts (IENC)NGDA,"Army Corps of Engineers, Department of the Army, Department of Defense —These Inland Electronic Navigational Charts (IENCs) were developed from available data used in maintenance of Navigation channels. Users of these IENCs should be...",Unknown,https://catalog.data.gov/dataset/inland-electronic-navigational-charts-ienc
Treasury Reporting Rates of Exchange,Department of the Treasury —The Treasury Reporting Rates of Exchange dataset provides the U.S. government's authoritative exchange rates to ensure consistency for foreign currency units and U.S....,Unknown,https://catalog.data.gov/dataset/treasury-reporting-rates-of-exchange-current
"Adult Jail Booking Oct 1, 2024 to Sep 30, 2025 as of Oct 2, 2025","King County, Washington —The Jail Bookings Open Data dataset is provided by the King County Department of Adult and Juvenile Detention. The dataset contains adult jail bookings which have...",Unknown,https://catalog.data.gov/dataset/adult-jail-booking-november-1-2019-to-october-31-2020-as-of-november-6-2020
"SDOH Measures for ZCTA, ACS 2017-2021",U.S. Department of Health & Human Services —This dataset contains ZCTA-level social determinants of health (SDOH) measures from the American Community Survey 5-year data for the entire United States—50 states...,Unknown,https://catalog.data.gov/dataset/sdoh-measures-for-zcta-acs-2017-2021
Migration Routes of Mule Deer in the Upper San Joaquin Watershed Herd in California,"Department of the Interior —Migratory mule deer (Odocoileus hemionus) within the San Joaquin Watershed occupy most of the watershed above Kerckhoff Reservoir, Fresno and Madera Counties,...",Unknown,https://catalog.data.gov/dataset/migration-routes-of-mule-deer-in-the-upper-san-joaquin-watershed-herd-in-california
Local Weather Archive,"Town of Cary, North Carolina —This dataset contains Raleigh Durham International Airport weather data pulled from the NOAA web service described at Climate Data Online: Web Services...",Unknown,https://catalog.data.gov/dataset/local-weather-archive
Executive Orders from 1994-Present,National Archives and Records Administration —The President of the United States manages the operations of the Executive branch of Government through Executive orders. After the President signs an Executive...,Unknown,https://catalog.data.gov/dataset/executive-orders-from-1994-present
Industry Productivity Costs,"U.S. Department of Labor Bureau of Labor Statistics —The Industry Productivity program produces annual measures of output per hour, unit labor costs, and related series for a select group of U.S. industries. Indexes and...",Unknown,https://catalog.data.gov/dataset/industry-productivity-costs-e6d2b
"TIGER/Line Shapefile, Current, State, Illinois, Census Tract","U.S. Census Bureau, Department of Commerce —This resource is a member of a series. The TIGER/Line shapefiles and related database files (.dbf) are an extract of selected geographic and cartographic information...",Unknown,https://catalog.data.gov/dataset/tiger-line-shapefile-current-state-illinois-census-tract
CollectionSurvey of Doctorate Recipients,"National Science Foundation —The Survey of Doctorate Recipients (SDR) provides demographic, education, and career history information from individuals with a U.S. research doctoral degree in a...",Unknown,https://catalog.data.gov/dataset/survey-of-doctorate-recipients
COVID-19 Time-Series Metrics by County and State (ARCHIVED),"State of California —Note: This COVID-19 data set is no longer being updated as of December 1, 2023. Access current COVID-19 data on the CDPH respiratory virus dashboard...",Unknown,https://catalog.data.gov/dataset/covid-19-time-series-metrics-by-county-and-state-archived-aad71
Rural-Urban Continuum Codes,"Department of Agriculture —The 2013 Rural-Urban Continuum Codes form a classification scheme that distinguishes metropolitan counties by the population size of their metro area, and...",Unknown,https://catalog.data.gov/dataset/rural-urban-continuum-codes
MSHA Fatality Reports,Department of Labor —Fatalities by Coal or Metal/Non-Metal Fatalites by Calendar Year Fatalites by Calendar State Fatalities by Mine Location Fatalities by Accident Type Fatalities by...,Unknown,https://catalog.data.gov/dataset/msha-fatality-reports
Austin Code Complaint Cases,City of Austin —City of Austin Open Data Terms of Usehttps://data.austintexas.gov/stories/s/ranj-cccqThis data represents Austin Code Department complaint cases.,Unknown,https://catalog.data.gov/dataset/austin-code-complaint-cases
"Lost, found, adoptable pets","King County, Washington —Animal shelter data",Unknown,https://catalog.data.gov/dataset/lost-found-adoptable-pets
Utah FORGE: 2D and 3D Seismic Data,Department of Energy —This set of data contains raw and Initially-processed 2D and 3D seismic data from the Utah FORGE study area near Roosevelt Hot Springs. Reprocessed versions of these...,Unknown,https://catalog.data.gov/dataset/utah-forge-2d-and-3d-seismic-data-4001f
Summer Sports Experience: 2017 to 2021,"City of New York —Activity and attendance records from the ""Summer Sports Experience"" program, which provides sports instruction to children ages 8 to 14. This dataset contains...",Unknown,https://catalog.data.gov/dataset/summer-sports-experience
Physical Solar Model version 3 Global Horizontal Irradiance Multi-year Annual Average,"Department of Energy —This data provides annual average daily total solar resource averaged over surface cells of 0.038 degrees in both latitude and longitude, or nominally 4 km in size....",Unknown,https://catalog.data.gov/dataset/physical-solar-model-version-3-global-horizontal-irradiance-multi-year-annual-average
Data Release for the 2023 U.S. 50-State National Seismic Hazard Model - Overview,"Department of the Interior —The U.S. National Seismic Hazard Model (NSHM) was updated in 2023 for all 50 states using the best available science related to earthquake seismicity, fault ruptures,...",Unknown,https://catalog.data.gov/dataset/data-release-for-the-2023-u-s-50-state-national-seismic-hazard-model-overview
Active Iowa Business Entities,"State of Iowa —This dataset provides a list of active business entities, both domestic business organizations (organized under and subject to the laws of Iowa), and foreign...",Unknown,https://catalog.data.gov/dataset/active-iowa-business-entities
CollectionNational Motor Vehicle Crash Causation Survey (NMVCCS),"Department of Transportation —The National Motor Vehicle Crash Causation Survey (NMVVCS) was a nationwide survey of crashes involving light passenger vehicles, with a focus on the factors related...",Unknown,https://catalog.data.gov/dataset/national-motor-vehicle-crash-causation-survey-nmvccs
Selected Interest Rates - Business Daily,Board of Governors of the Federal Reserve System —The H.15 release contains daily interest rates for selected U.S. government and Federal Reserve series. It is published every business day except holidays.,Unknown,https://catalog.data.gov/dataset/selected-interest-rates-business-daily
GNIS: Populated Places,"Earth Data Analysis Center, University of New Mexico —The Geographic Names Information System (GNIS) actively seeks data from and partnerships with Government agencies at all levels and other interested organizations....",Unknown,https://catalog.data.gov/dataset/gnis-populated-places
National Driver Register (NDR) -,"Department of Transportation —Information regarding individuals who have had their driver licenses revoked, suspended or otherwise denied for cause, or who have been convicted of certain traffic...",Unknown,https://catalog.data.gov/dataset/national-driver-register-ndr
Athletic Facilities,City of New York —This dataset contains facilities that were designed specifically with sports in mind. These facilities are not the only places within parks where sports can be...,Unknown,https://catalog.data.gov/dataset/athletic-facilities-39850
Music,Library of Congress —http://www.loc.gov/cds/products/MDSConnect-music.html,Unknown,https://catalog.data.gov/dataset/music
Fireball And Bolide Reports,National Aeronautics and Space Administration —Fireballs and bolides are astronomical terms for exceptionally bright meteors that are spectacular enough to to be seen over a very wide area. The following table...,Unknown,https://catalog.data.gov/dataset/fireball-and-bolide-reports
CollectionNational Bridge Inventory System (NBI),Department of Transportation —The NBI System is the collection of bridge inspection information and costs associated with bridge replacements of structurally deficient bridges on and off the NHS....,Unknown,https://catalog.data.gov/dataset/national-bridge-inventory-system-nbi
Chemical Carcinogenesis Research Information System (CCRIS),"U.S. Department of Health & Human Services —The Chemical Carcinogenesis Research Information System (CCRIS) database contains chemical records with carcinogenicity, mutagenicity, tumor promotion, and tumor...",Unknown,https://catalog.data.gov/dataset/chemical-carcinogenesis-research-information-system-ccris-b2cd3
Highway Performance Monitoring System (HPMS),"Department of Transportation —The Federal Highway Administration (FHWA) has been receiving Highway inventory, usage, condition and performance data from State Departments of Transportation (DOT)...",Unknown,https://catalog.data.gov/dataset/highway-performance-monitoring-system-hpms-b7a2f
Project Management,"Department of Energy —the Department of Energy’s Enterprise Project Management Organization (EPMO), providing leadership and assistance in developing and implementing DOE-wide policies,...",Unknown,https://catalog.data.gov/dataset/project-management
Private School Locations - Current,Department of Education —The National Center for Education Statistics’ (NCES) Education Demographic and Geographic Estimates (EDGE) program develops bi-annually updated point locations...,Unknown,https://catalog.data.gov/dataset/private-school-locations-current-0330b
2012 Census of Agriculture - Web Maps,Department of Agriculture —The Census of Agriculture provides a detailed picture every five years of U.S. farms and ranches and the people who operate them. Conducted by USDA’s National...,Unknown,https://catalog.data.gov/dataset/2012-census-of-agriculture-web-maps
2023 Green Taxi Trip Data,City of New York —These records are generated from the trip record submissions made by green taxi Technology Service Providers (TSPs). Each row represents a single trip in a green...,Unknown,https://catalog.data.gov/dataset/2023-green-taxi-trip-data
Missouri Active Alcohol License Data,"State of Missouri —Current license information of businesses involved in the manufacture, shipping, and/or sale of alcohol in the State of Missouri",Unknown,https://catalog.data.gov/dataset/missouri-active-alcohol-license-data
U.S. Nuclear Power Plant Inspection Reports,Nuclear Regulatory Commission —Official Correspondence of Nuclear Reactor Inspection Reports,Unknown,https://catalog.data.gov/dataset/u-s-nuclear-power-plant-inspection-reports
Complex Document Information Processing (CDIP) dataset,"National Institute of Standards and Technology —This dataset is called the ""IIT CDIP collection"". ""CDIP"" stands for ""Complex Document Information Processing"" and ""IIT"" stands for ""Illinois Institute of Technology""...",Unknown,https://catalog.data.gov/dataset/complex-document-information-processing-cdip-dataset
Synthetic Healthcare Database for Research (SyH-DR),"U.S. Department of Health & Human Services —The Agency for Healthcare Research and Quality (AHRQ) created SyH-DR from eligibility and claims files for Medicare, Medicaid, and commercial insurance plans in...",Unknown,https://catalog.data.gov/dataset/synthetic-healthcare-database-for-research-syh-dr
Medical Expenditure Panel Survey (MEPS) Insurance Component Complete Table Series PDFs,U.S. Department of Health & Human Services —The Medical Expenditure Panel Survey Insurance Component (MEPS-IC) is an annual survey of private employers and State and local governments. The MEPS-IC produces...,Unknown,https://catalog.data.gov/dataset/medical-expenditure-panel-survey-meps-insurance-component-complete-table-series-pdfs
SanctSound Raw Passive Acoustic Data,"National Oceanic and Atmospheric Administration, Department of Commerce —This record represents the raw passive acoustic data collected from the NOAA-Navy Sanctuary Soundscapes Monitoring Project (SanctSound). NOAA and the U.S. Navy are...",Unknown,https://catalog.data.gov/dataset/sanctsound-raw-passive-acoustic-data
Towed Vehicles,"City of Chicago —This dataset displays location for vehicles that have been towed and impounded by the City of Chicago within the last 90 days. Illegally parked vehicles, abandoned...",Unknown,https://catalog.data.gov/dataset/towed-vehicles
Natural Gas Interstate and Intrastate Pipelines,"Department of Transportation —The Natural Gas Interstate and Intrastate Pipelines dataset was updated on October 21, 2020 from the Energy Information Administration (EIA), with attribute data from...",Unknown,https://catalog.data.gov/dataset/natural-gas-interstate-and-intrastate-pipelines
Student Absenteeism,Department of Education —This Excel file contains data on chronic student absenteeism - students absent 15 or more days during the school year - for all states. The file contains three...,Unknown,https://catalog.data.gov/dataset/student-absenteeism-b0fcc
National Register Historic Places Districts,City of New Orleans —A National Register historic district is a historic district that is listed in the National Register of Historic Places. The National Register is our country’s...,Unknown,https://catalog.data.gov/dataset/national-register-historic-places-districts
Publicly Available IKONOS-2 Commercial Imagery,Department of the Interior —'The USGS Commercial Data Purchases (UCDP) imagery collection is an archive of commercial remote sensing imagery from several different commercial vendors. The UCDP...,Unknown,https://catalog.data.gov/dataset/publicly-available-ikonos-2-commercial-imagery
Connected Vehicle Pilot (CVP) Open Data,Department of Transportation —ITS JPO's Connected Vehicle Pilot Deployment Program integrates connected vehicle research concepts into practical and effective elements to enhance existing...,Unknown,https://catalog.data.gov/dataset/connected-vehicle-pilot-cvp-open-data
DASH – School Health Profiles (Profiles),"U.S. Department of Health & Human Services —2022 School Health Profiles (Profiles) Dataset. Profiles is a system of surveys assessing school health policies and practices in states, school districts,...",Unknown,https://catalog.data.gov/dataset/dash-school-health-profiles-profiles
National Highway Planning Network,"Department of Transportation —The National Highway Planning Network (NHPN) dataset was compiled on May 01, 2014 from the Federal Highway Administration (FHWA) and is part of the U.S. Department of...",Unknown,https://catalog.data.gov/dataset/national-highway-planning-network1
National Geochemical Database on Ore Deposits: Legacy data,"Department of the Interior —There is a growing demand for commodities (elements, compounds, minerals) used in today's advanced technologies. Critical minerals are usually found in ore deposits...",Unknown,https://catalog.data.gov/dataset/national-geochemical-database-on-ore-deposits-legacy-data
Food-a-pedia,"Department of Agriculture —Find the calorie content of any food or beverage using the Food-a-pedia, looking at the Nutrition Facts label, or checking product or restaurant websites",Unknown,https://catalog.data.gov/dataset/food-a-pedia
"TIGER/Line Shapefile, Current, Nation, U.S., Core Based Statistical Areas","U.S. Census Bureau, Department of Commerce —This resource is a member of a series. The TIGER/Line shapefiles and related database files (.dbf) are an extract of selected geographic and cartographic information...",Unknown,https://catalog.data.gov/dataset/tiger-line-shapefile-current-nation-u-s-core-based-statistical-areas
"Digital Geologic-GIS Map of Joshua Tree National Park, California (NPS, GRD, GRI, JOTR, JOTR digital map) adapted from a U.S. Geological Survey Open-File Report map by Powell, Matti and Cossette (2015), and an ESRI USA Topo Web Map Service map (2013)","Department of the Interior —The Digital Geologic-GIS Map of Joshua Tree National Park, California is composed of GIS data layers and GIS tables, and is available in the following GRI-supported...",Unknown,https://catalog.data.gov/dataset/digital-geologic-gis-map-of-joshua-tree-national-park-california-nps-grd-gri-jotr-jotr-dig
Historical Zoning Districts - April 2000,City of San Francisco —The Zoning Districts are a component of the Zoning Map which in turn is a key component of the San Francisco Planning Code.,Unknown,https://catalog.data.gov/dataset/historical-zoning-districts-april-2000-f6c4f
Assistance Listings at beta.SAM.gov (formerly CFDA),"General Services Administration —The federal government provides assistance to the American public in the form of projects, services, and activities. It supports a broad range of programs such as...",Unknown,https://catalog.data.gov/dataset/assistance-listings-at-beta-sam-gov-formerly-cfda
"Multibeam collection for MV1305: Multibeam data collected aboard Melville from 21-Mar-13 to 05-May-13, Yokohama, Japan to Honolulu, Hawaii","National Oceanic and Atmospheric Administration, Department of Commerce —This data set is part of a larger set of data called the Multibeam Bathymetry Database (MBBDB) where other similar data can be found",Unknown,https://catalog.data.gov/dataset/multibeam-collection-for-mv1305-multibeam-data-collected-aboard-melville-from-21-mar-13-to-05-m2
"Conductivity, temperature, depth, fluorescence, optical backscatter, laser in-situ scattering and transmissivity, acoustic zooplankton biomass, net zooplankton counts, and suspended particle data from the RV HUGH R. SHARP in the upper Chesapeake Bay from 2007-02-23 to 2008-10-09 as part of the Bio-Physical Interaction in the Turbidity Maximum (BITMAX-II) program (NCEI Accession 0062884)","National Oceanic and Atmospheric Administration, Department of Commerce —Data set contains Cruise Reports and CTD data from 8 main cruises in the upper Chesapeake Bay on board the R/V Hugh R. Sharp from February 2007 to October 2008....",Unknown,https://catalog.data.gov/dataset/conductivity-temperature-depth-fluorescence-optical-backscatter-laser-in-situ-scattering-and-tr1
Summer Meal Programs - All Summer Sites  - Contact and Program Participation Information - Program Period 2019,City of Austin —About the Dataset This dataset contains contact and program participation information for all summer meal sites approved by TDA to operate during the 2019 program...,Unknown,https://catalog.data.gov/dataset/summer-meal-programs-all-summer-sites-contact-and-program-participation-information-progra-98b1c
Professional Associations data,"Department of Labor —Dataset is a list of national professional and industry associations and includes information such as name, website URL, and related occupation and industry codes to...",Unknown,https://catalog.data.gov/dataset/professional-associations-data
Global compilation of published gas hydrate-related bottom simulating reflections,"Department of the Interior —Bottom simulating reflections (BSRs) are seismic features that are imaged in marine sediments using high-energy, impulsive seismic sources such as air guns or...",Unknown,https://catalog.data.gov/dataset/global-compilation-of-published-gas-hydrate-related-bottom-simulating-reflections
ACS 1-Year Data Profiles,Department of Commerce —The American Community Survey (ACS) is a US-wide survey designed to provide communities a fresh look at how they are changing. The ACS replaced the decennial census...,Unknown,https://catalog.data.gov/dataset/acs-1-year-data-profiles-90668
"DDS Consumers by Diagnosis, Early Start Consumers, and Regional Center",State of California —Department of Developmental Services (DDS) consumer population by diagnosis and regional center as reported on the Client Development Evaluation Report (CDER)....,Unknown,https://catalog.data.gov/dataset/dds-consumers-by-diagnosis-early-start-consumers-and-regional-center
School Nutrition Programs - Meal Reimbursement Information - Program Year 2025-2026,City of Austin —Help us provide the most useful data by completing our ODP User Feedback Survey for School Nutrition Data About the Dataset This dataset contains claims information...,Unknown,https://catalog.data.gov/dataset/school-nutrition-programs-meal-reimbursement-information-program-year-2025-2026
"Near real-time environmental monitoring in support of Port Everglades dredging projects, Fort Lauderdale, FL (NCEI Accession 0303581)","National Oceanic and Atmospheric Administration, Department of Commerce —The system records in-situ water quality data at a depth of 26 feet, including temperature, salinity, turbidity, backscatter, PAR (Photosynthetically Active...",Unknown,https://catalog.data.gov/dataset/near-real-time-environmental-monitoring-in-support-of-port-everglades-dredging-projects-fort-la
2022 Environmental Performance Index (EPI),"National Aeronautics and Space Administration —The 2022 Environmental Performance Index (EPI) ranks 180 countries on 40 performance indicators in the following 11 issue categories: air quality, sanitation and...",Unknown,https://catalog.data.gov/dataset/2022-environmental-performance-index-epi-2398a
eOPF Master Forms List,Office of Personnel Management —The electronic Official Personnel Folder (eOPF) Master Forms list includes Permanent and Temporary forms that are consistent with the U.S. Office of Personnel...,Unknown,https://catalog.data.gov/dataset/eopf-master-forms-list-e4f43
Fireball And Bolide Reports API,National Aeronautics and Space Administration —API using chronological data summary of fireball and bolide events provided by U.S. Government sensors.,Unknown,https://catalog.data.gov/dataset/fireball-and-bolide-reports-api
HUD Program Income Limits,Department of Housing and Urban Development —Income limits used to determine the income eligibility of applicants for assistance under three programs authorized by the National Housing Act. These programs are...,Unknown,https://catalog.data.gov/dataset/hud-program-income-limits
Pharmacies,Department of Homeland Security —Homeland Infrastructure Foundation-Level Data (HIFLD) geospatial data sets containing information on Pharmacies.,Unknown,https://catalog.data.gov/dataset/pharmacies
NCBI Virus,"U.S. Department of Health & Human Services —NCBI Virus is an integrative, value-added resource designed to support retrieval, display and analysis of a curated collection of virus sequences and large sequence...",Unknown,https://catalog.data.gov/dataset/ncbi-virus
"NCDC International Best Track Archive for Climate Stewardship (IBTrACS) Project, Version 3","National Oceanic and Atmospheric Administration, Department of Commerce —The International Best Track Archive for Climate Stewardship (IBTrACS) dataset was developed by the NOAA National Climatic Data Center, which took the initial step of...",Unknown,https://catalog.data.gov/dataset/ncdc-international-best-track-archive-for-climate-stewardship-ibtracs-project-version-32
NIST Thermophysical Properties of Hydrocarbon Mixtures Database- SRD 4,National Institute of Standards and Technology —SUPERTRAPP is an interactive computer program for predicting thermodynamic and transport properties of pure fluids and fluid mixtures containing up to 20 components....,Unknown,https://catalog.data.gov/dataset/nist-thermophysical-properties-of-hydrocarbon-mixtures-database-srd-4-b702f
Traffic Signal,"District of Columbia —The dataset contains the location and attributes of traffic signals in the District of Columbia. Attributes are aggregated to the controller level (ACISA), where a...",Unknown,https://catalog.data.gov/dataset/traffic-signal-a46dd
"Biometric data of adult salmon in the Andreafsky River at Yukon Delta National Wildlife Refuge, Alaska","Department of the Interior —Tabular dataset containing age, sex, and length data for Chum, Chinook, and Sockeye salmon. Sex was determined externally using visual clues such as snout shape and...",Unknown,https://catalog.data.gov/dataset/biometric-data-of-adult-salmon-in-the-andreafsky-river-at-yukon-delta-national-wildlife-re
Southern Sea Otter Stranding Database,"State of California —This dataset is a record of all verified stranded (live sick/injured, dead beached/floating) southern sea otters (Enhydra lutris nereis) in California. The data...",Unknown,https://catalog.data.gov/dataset/southern-sea-otter-stranding-database-california-817fc
NIST SRD 46. Critically Selected Stability Constants of Metal Complexes: Version 8.0 for Windows,National Institute of Standards and Technology —This version of NIST Standard Reference Database 46 is a major enhancement to this widely used database which provides comprehensive coverage of interactions for...,Unknown,https://catalog.data.gov/dataset/nist-srd-46-critically-selected-stability-constants-of-metal-complexes-version-8-0-for-win-8f90f
Powerline Corridors in the Western United States and Canada,Department of the Interior —Powerlines in the western United States and Canada as identified by the 22 source data layers used to compile this shapefile. Source data were collected by personal...,Unknown,https://catalog.data.gov/dataset/powerline-corridors-in-the-western-united-states-and-canada
American Community Survey: 5-Year Estimates: Detailed Tables 5-Year,Department of Commerce —The American Community Survey (ACS) is an ongoing survey that provides data every year -- giving communities the current information they need to plan investments and...,Unknown,https://catalog.data.gov/dataset/american-community-survey-5-year-estimates-detailed-tables-5-year
"Technology, Teen Dating Violence and Abuse, and Bullying in Three States, 2011-2012","Department of Justice —This project examined the role of technology use in teen dating violence and abuse, and bullying. The goal of the project was to expand knowledge about the types of...",Unknown,https://catalog.data.gov/dataset/technology-teen-dating-violence-and-abuse-and-bullying-in-three-states-2011-2012
Boundaries: City of Austin Neighborhoods,"City of Austin —This feature class represents the boundaries of the City of Austin Neighborhood Planning Areas (NPA). The status of these areas, as directed by City Council, can...",Unknown,https://catalog.data.gov/dataset/boundaries-city-of-austin-neighborhoods
Poverty Mapping Project: Poverty and Food Security Case Studies,"National Aeronautics and Space Administration —The Poverty Mapping Project: Poverty and Food Security Case Studies data set consists of small area estimates of poverty, inequality, food security and related...",Unknown,https://catalog.data.gov/dataset/poverty-mapping-project-poverty-and-food-security-case-studies
YMCA,Montgomery County of Maryland —YMCA,Unknown,https://catalog.data.gov/dataset/ymca
Lithium Deposits in the United States,"Department of the Interior —This data release provides the descriptions of approximately 20 U.S. sites that include mineral regions, mines, and mineral occurrences (deposits and prospects) that...",Unknown,https://catalog.data.gov/dataset/lithium-deposits-in-the-united-states
Goddard Earth Sciences Data and Information Services Center (GES DISC),"National Aeronautics and Space Administration —The NASA Goddard Earth Sciences (GES) Data and Information Services Center (DISC) is the home (archive) of Precipitation, Atmospheric Chemistry and Dynamics, and...",Unknown,https://catalog.data.gov/dataset/goddard-earth-sciences-data-and-information-services-center-ges-disc
SBS Certified Business List,"City of New York —The City’s certification programs, including the Minority and Women-owned Business Enterprise (M/WBE) Program, the Emerging Business Enterprise (EBE) Program and the...",Unknown,https://catalog.data.gov/dataset/m-wbe-lbe-and-ebe-certified-business-list
"Residential Energy Consumption Survey (RECS) Files, All Data, 2015","Department of Energy —The 2015 study represents the 14th iteration of the RECS program. First conducted in 1978, the Residential Energy Consumption Survey is a national sample survey that...",Unknown,https://catalog.data.gov/dataset/residential-energy-consumption-survey-recs-files-all-data-2015
Energy Use and Water Consumption at University of Texas at Austin,"Department of Energy —Provides annual energy usage for years 1989 through 2022 for UT at Austin; specifically, electricity usage (kWh), natural gas usage (Mcf), associated costs. Also...",Unknown,https://catalog.data.gov/dataset/energy-use-and-water-consumption-at-university-of-texas-at-austin
Washington Elk Colockum Migration Routes,Department of the Interior —The Colockum elk herd inhabits a mix of public and private lands northeast of Ellensburg between Blewett Pass of the Cascade Range and west of the Columbia River...,Unknown,https://catalog.data.gov/dataset/washington-elk-colockum-migration-routes
Digital Geologic Map of New Mexico - Formations,"Earth Data Analysis Center, University of New Mexico —The geologic map was created in GSMAP at Socorro, New Mexico by Orin Anderson and Glen Jones and published as the Geologic Map of New Mexico 1:500,000 in GSMAP format...",Unknown,https://catalog.data.gov/dataset/digital-geologic-map-of-new-mexico-formations
Zion National Park Trail and Trailhead GIS Datasets,Department of the Interior —GIS datasets of trails and trailheads within Zion National Park.,Unknown,https://catalog.data.gov/dataset/zion-national-park-trail-and-trailhead-gis-datasets
Traffic Signal Change and Clearance Interval Pooled Fund Study Intersection Summary and Crash Data,Department of Transportation —This is the master spreadsheet that includes intersection summary data and crash data that was used for the crash data modeling related to yellow change and red...,Unknown,https://catalog.data.gov/dataset/traffic-signal-change-and-clearance-interval-pooled-fund-study-intersection-summary-and-cr
Integrated Compliance Information System (ICIS),U.S. Environmental Protection Agency —The purpose of ICIS is to meet evolving Enforcement and Compliance business needs for EPA and State users by integrating information into a single integrated data...,Unknown,https://catalog.data.gov/dataset/integrated-compliance-information-system-icis
The NASA Air Traffic Management Ontology (atmonto),"National Aeronautics and Space Administration —The NASA ATM (Air Traffic Management) Ontology describes classes, properties, and relationships relevant to the domain of air traffic management, and represents...",Unknown,https://catalog.data.gov/dataset/the-nasa-air-traffic-management-ontology-atmonto
Texas Commission on Environmental Quality - Monthly Waste Receipt Summary,City of Austin —Information from the TCEQ monthly waste receipts summary report form submitted by receivers of hazardous and Industrial Class 1 waste. It contains the receiver's...,Unknown,https://catalog.data.gov/dataset/texas-commission-on-environmental-quality-monthly-waste-receipt-summary
Voter Election Registration and Turnout,"City of Philadelphia —The current dataset captures voter registration counts and voter 'turnout', or the percentage of registered voters who voted in each election, since 2015. The data is...",Unknown,https://catalog.data.gov/dataset/voter-election-registration-and-turnout
Managed Care Programs by State,"U.S. Department of Health & Human Services —Provides program names, program features, population enrolled, benefits covered, quality assurance and improvement, performance incentives, provider value-based...",Unknown,https://catalog.data.gov/dataset/managed-care-programs-by-state
"TIGER/Line Shapefile, 2022, State, Florida, FL, Census Tract","U.S. Census Bureau, Department of Commerce —The TIGER/Line shapefiles and related database files (.dbf) are an extract of selected geographic and cartographic information from the U.S. Census Bureau's Master...",Unknown,https://catalog.data.gov/dataset/tiger-line-shapefile-2022-state-florida-fl-census-tract
Site Plan Cases,City of Austin —City of Austin Open Data Terms of Usehttps://data.austintexas.gov/stories/s/ranj-cccqThis data set contains information about the site plan case applications...,Unknown,https://catalog.data.gov/dataset/site-plan-cases
CollectionSurvey of Science and Engineering Research Facilities,"National Science Foundation —The Survey of Science and Engineering Research Facilities is a congressionally mandated, biennial survey that collects data on the amount, construction, repair,...",Unknown,https://catalog.data.gov/dataset/survey-of-science-and-engineering-research-facilities
Oil and Gas Pipelines in the Gulf of Mexico from BOEM,"National Oceanic and Atmospheric Administration, Department of Commerce —A line file representing locations of the pipeline infrastructure in the Gulf of Mexico associated with the oil and gas industry is presented. These layers were...",Unknown,https://catalog.data.gov/dataset/oil-and-gas-pipelines-in-the-gulf-of-mexico-from-boem2
Financial Well-Being in America (2017),"Consumer Financial Protection Bureau —The 2017 National Financial Well-Being in America Survey, conducted for the CFPB Offices of Financial Education and Financial Protection for Older Americans, was an...",Unknown,https://catalog.data.gov/dataset/financial-well-being-in-america-2017
Global Flood Hazard Frequency and Distribution,National Aeronautics and Space Administration —The Global Flood Hazard Frequency and Distribution is a 2.5 minute grid derived from a global listing of extreme flood events between 1985 and 2003 (poor or missing...,Unknown,https://catalog.data.gov/dataset/global-flood-hazard-frequency-and-distribution
School Year 2022-2023 Statewide Accountability Ratings,"City of Austin —The School Year 2022-2023 accountability rating reports for each district, campus, and open-enrollment charter school in the state of Texas.",Unknown,https://catalog.data.gov/dataset/school-year-2021-2022-statewide-accountability-ratings-as-of-february-6-2023
Acadia National Park Herpetological Inventory 2001 - Data Package,"Department of the Interior —Under a National Park Service/Wildlife Conservation Society Cooperative Agreement, an inventory of amphibians and reptiles at Acadia National Park (ACAD) in Maine was...",Unknown,https://catalog.data.gov/dataset/acadia-national-park-herpetological-inventory-2001-data-package
ASR Towers FCC (point),State of Arkansas —Data available online through the Arkansas Spatial Data Infrastructure (ASDI) athttp://gis.arkansas.gov. Federal Communications Commission Antenna Structure...,Unknown,https://catalog.data.gov/dataset/asr-towers-fcc-point
Recycling Diversion and Capture Rates,"City of New York —For each Community District, its Recycling Diversion rate (percentage of total municipal solid waste collected by the Department of Sanitation that is disposed of by...",Unknown,https://catalog.data.gov/dataset/recycling-diversion-and-capture-rates
Motor Vehicle Use Map: Roads (Feature Layer),Department of Agriculture —The feature class indicates the specific types of motorized vehicles allowed on the designated routes and their seasons of use. The feature class is designed to be...,Unknown,https://catalog.data.gov/dataset/motor-vehicle-use-map-roads-feature-layer-7d219
Predicting Battery Life for Electric UAVs,"National Aeronautics and Space Administration —This paper presents a novel battery health management technology for the new generation of electric unmanned aerial vehicles powered by long-life, high-density,...",Unknown,https://catalog.data.gov/dataset/predicting-battery-life-for-electric-uavs
Fatigue Crack Growth in Aluminum Lap Joint,"National Aeronautics and Space Administration —Fatigue experiments were conducted on aluminum lap-joint specimens, and lamb wave signals were recorded for each specimen at several time points (i.e., defined as...",Unknown,https://catalog.data.gov/dataset/fatigue-crack-growth-in-aluminum-lap-joint
Stroke Mortality Data Among US Adults (35+) by State/Territory and County – 2019-2021,"U.S. Department of Health & Human Services —2019 to 2021, 3-year average. Rates are age-standardized. County rates are spatially smoothed. The data can be viewed by sex and race/ethnicity. Data source: National...",Unknown,https://catalog.data.gov/dataset/stroke-mortality-data-among-us-adults-35-by-state-territory-and-county-2019-2021
United States Climate Reference Network (USCRN) Quality Controlled Datasets,"National Oceanic and Atmospheric Administration, Department of Commerce —USCRN Products are available on public FTP and derived from the USCRN processed data. Available parameters include averages and calculated values for precipitation,...",Unknown,https://catalog.data.gov/dataset/united-states-climate-reference-network-uscrn-quality-controlled-datasets3
Hospital Emergency Department - Characteristics by Facility (Pivot Profile),State of California —This dataset contains annual Excel pivot tables that display summaries of the patients treated in each Emergency Department (ED). The Emergency Department data is...,Unknown,https://catalog.data.gov/dataset/hospital-emergency-department-characteristics-by-facility-pivot-profile-d6e1a
"Annual Report on Domestic Violence Initiatives, Indicators and Factors",City of New York —The information in the report is required under Local Law 38 of 2019 and includes: Family Justice Center: Number of Visits: A visit is the total number of...,Unknown,https://catalog.data.gov/dataset/annual-report-on-domestic-violence-initiatives-indicators-and-factors
National Bridge InventoryNGDA,"Department of Transportation —The National Bridge Inventory dataset is as of June 20, 2025 from the Federal Highway Administration (FHWA) and is part of the U.S. Department of Transportation...",Unknown,https://catalog.data.gov/dataset/national-bridge-inventory1
Commercial Aviation - Mishandled Baggage and Mishandled Wheelchairs and Scooter,Department of Transportation —Enplaned baggage and wheelchairs and scooters mishandled by commercial air carriers.,Unknown,https://catalog.data.gov/dataset/commercial-aviation-mishandled-baggage-and-mishandled-wheelchairs-and-scooter
1987-2018 cyanobacteria and water quality data for 20 reservoirs,"U.S. Environmental Protection Agency —These data include cyanobacteria cell densities (including maximum cell densities observed for each year in each reservoir), annual summer (June-August)...",Unknown,https://catalog.data.gov/dataset/1987-2018-cyanobacteria-and-water-quality-data-for-20-reservoirs
"NOAA Global Surface Temperature Dataset (NOAAGlobalTemp), Version 6.0","National Oceanic and Atmospheric Administration, Department of Commerce —The NOAA Global Surface Temperature Dataset (NOAAGlobalTemp) is a monthly global merged land-ocean surface temperature analysis product that is derived from two...",Unknown,https://catalog.data.gov/dataset/noaa-global-surface-temperature-dataset-noaaglobaltemp-version-6-0
CollectionFederal Railroad Administration GIS Web Mapping Application,Department of Transportation —The GIS Web Mapping Application is design to have the look and feel as Google Earth. The primary functionality is to provide the user information about FRA's rail...,Unknown,https://catalog.data.gov/dataset/federal-railroad-administration-gis-web-mapping-application
Occupational Business Licenses,City of New Orleans —An Occupational or General Business license is required if you will be conducting business in Orleans Parish. This list shows businesses that have completed the...,Unknown,https://catalog.data.gov/dataset/occupational-business-licenses
Total Product Life Cycle (TPLC),U.S. Department of Health & Human Services —The Total Product Life Cycle (TPLC) database integrates premarket and postmarket data about medical devices. It includes information pulled from CDRH databases...,Unknown,https://catalog.data.gov/dataset/total-product-life-cycle-tplc
Fatal Crashes,City of Philadelphia —This data set shows all fatal crashes and their investigative outcomes from PPD's Accident Investigation Unit (AID) from 1/1/19 to the present. The whole dataset gets...,Unknown,https://catalog.data.gov/dataset/fatal-crashes
Next Generation Simulation (NGSIM) Open Data,Department of Transportation —ITS DataHub has partnered with the Federal Highway Administration's (FHWA's) Next Generation SIMulation (NGSIM) program to make available detailed vehicle trajectory...,Unknown,https://catalog.data.gov/dataset/next-generation-simulation-ngsim-open-data
Migration Routes of Elk in North Bighorn Herd in Wyoming,"Department of the Interior —Elk (Cervus elpahus canadensis) within the northern section of the Bighorn Mountains display altitudinal migration. In the spring, they migrate from the eastern...",Unknown,https://catalog.data.gov/dataset/migration-routes-of-elk-in-north-bighorn-herd-in-wyoming
Greenhouse Gas Data Publication Tool,U.S. Environmental Protection Agency —This tool to gives you access to greenhouse gas data reported to EPA by large facilities and suppliers in the United States through EPA's Greenhouse Gas Reporting...,Unknown,https://catalog.data.gov/dataset/greenhouse-gas-data-publication-tool
"NSSP Emergency Department Visit Trajectories by State and Sub State Regions- COVID-19, Flu, RSV, Combined","U.S. Department of Health & Human Services —NSSP Emergency Department (ED) Visit Trajectories by State and Sub-State Regions- COVID-19, Flu, RSV, Combined. This dataset provides the percentage of emergency...",Unknown,https://catalog.data.gov/dataset/2023-respiratory-virus-response-nssp-emergency-department-visit-trajectories-by-state-and-
"TIGER/Line Shapefile, 2020, Nation, U.S., Counties and Equivalent Entities","U.S. Census Bureau, Department of Commerce —The TIGER/Line shapefiles and related database files (.dbf) are an extract of selected geographic and cartographic information from the U.S. Census Bureau's Master...",Unknown,https://catalog.data.gov/dataset/tiger-line-shapefile-2020-nation-u-s-counties-and-equivalent-entities
Energy and Water Data Disclosure for Local Law 84 2022 (Data for Calendar Year 2021),City of New York —This data is collected annually via EPA Portfolio Manager. The data collection requires building owners to measure their energy and water consumption and compare it...,Unknown,https://catalog.data.gov/dataset/energy-and-water-data-disclosure-for-local-law-84-2022-data-for-calendar-year-2021
NIST Internet Time Service,"National Institute of Standards and Technology —Distributes NIST estimate of official U.S. time over the Internet in real time, using Network Time Protocol (NTP) and other time data formats to automatically...",Unknown,https://catalog.data.gov/dataset/nist-internet-time-service-ad780
"Job Patterns for Minorities and Women in State and Local Government, 2015 EEO-4 Data Table: US by State Report","US Equal Employment Opportunity Commission —As part of its mandate under Title VII of the Civil Rights Act of 1964, as amended, the Equal Employment Opportunity Commission requires periodic reports from public...",Unknown,https://catalog.data.gov/dataset/job-patterns-for-minorities-and-women-in-state-and-local-government-2015-eeo-4-data-table--8d071
OECD Family database,Department of State —The OECD Family database is an on-line database on family outcomes and family policies with indicators for all OECD countries. Coverage also includes EU Member States...,Unknown,https://catalog.data.gov/dataset/oecd-family-database
Renewable and Alternative Fuels Data and Statistics,"Department of Energy —Monthly and annual data on renewable energy, i.e., biomass, geothermal, hydropower, solar, and wind. Also data on alternative transportation fuels, i.e., hydrogen,...",Unknown,https://catalog.data.gov/dataset/renewable-and-alternative-fuels-data-and-statistics
2021 Organic Matter Research Lab Full Spectra Absorbance Data,Department of the Interior —The USGS CAWSC Organic Matter Research Laboratory (OMRL) provides laboratory services and support to regional and national projects in the analysis of organic matter...,Unknown,https://catalog.data.gov/dataset/2021-organic-matter-research-lab-full-spectra-absorbance-data
NASA/IPAC Infrared Science Archive,"National Aeronautics and Space Administration —IRSA is chartered to curate the calibrated science products from NASAs infrared and sub-millimeter missions, including five major large-area/all-sky surveys. IRSA...",Unknown,https://catalog.data.gov/dataset/nasa-ipac-infrared-science-archive
"Code for ""An atomic boson sampler""","Department of Commerce —This package is a collection of scripts and methods for analyzing data from the Kaufman lab's experiment for boson sampling using atoms, tunneling in their optical...",Unknown,https://catalog.data.gov/dataset/code-for-an-atomic-boson-sampler-217dd
Hospitals,"District of Columbia —Hospitals. This dataset contains points representing hospital locations, created as part of the DC Geographic Information System (DC GIS) for the D.C. Office of the...",Unknown,https://catalog.data.gov/dataset/hospitals-41c0d
American Community Survey: 5-Year Estimates: Data Profiles 5-Year,Department of Commerce —The American Community Survey (ACS) is an ongoing survey that provides data every year -- giving communities the current information they need to plan investments and...,Unknown,https://catalog.data.gov/dataset/american-community-survey-5-year-estimates-data-profiles-5-year
ABS Store Inventory and Sale Items,"Montgomery County of Maryland —This dataset provide a listing of inventory items, including store quantities and sale prices. Update Frequency : Daily",Unknown,https://catalog.data.gov/dataset/abs-store-inventory-and-sale-items
Publicly Reported State Municipal Solid Waste Data Version 1,U.S. Environmental Protection Agency —This dataset is a collection of publicly reported municipal solid waste (MSW) data in the United States retrieved via a web search as part of an analysis of waste...,Unknown,https://catalog.data.gov/dataset/publicly-reported-state-municipal-solid-waste-data-version-1
"US Forest Atlas FIA Modeled Abundance, Forest-type Groups, Harvest and Carbon (Rest Services Directory)",Department of Agriculture —FIA Modeled Abundance:�This dataset portrays the live tree mean basal area (square feet per acre) of the species across the contiguous United States. The underlying...,Unknown,https://catalog.data.gov/dataset/us-forest-atlas-fia-modeled-abundance-forest-type-groups-harvest-and-carbon-rest-services--8c654
Neighborhood Clusters,District of Columbia —This data set describes Neighborhood Clusters that have been used for community planning and related purposes in the District of Columbia for many years. It does not...,Unknown,https://catalog.data.gov/dataset/neighborhood-clusters
Quarterly Census of Employment and Wages Quarterly Data: Beginning 2000,State of New York —The Quarterly Census of Employment and Wages (QCEW) program (also known as ES-202) collects employment and wage data from employers covered by New York State's...,Unknown,https://catalog.data.gov/dataset/quarterly-census-of-employment-and-wages-quarterly-data-beginning-2000
East Baton Rouge Parish Combined Crime Incidents,"City of Baton Rouge —Combination of crime incident reports from the East Baton Rouge Parish Sheriff's Office and the Baton Rouge Police Department, beginning January 1, 2021. Includes...",Unknown,https://catalog.data.gov/dataset/east-baton-rouge-parish-combined-crime-incidents
A New Index to Measure U.S. Financial Conditions,Board of Governors of the Federal Reserve System —An index that can be used to gauge broad financial conditions and assess how these conditions are related to future economic growth. The index is broadly consistent...,Unknown,https://catalog.data.gov/dataset/a-new-index-to-measure-u-s-financial-conditions
Reference Data Set of Human Skin Reflectance,"National Institute of Standards and Technology —This data set contains 100 reference reflectance spectra of human skin, spanning the wavelength region from 250 nm to 2500 nm. The spectra were acquired with a...",Unknown,https://catalog.data.gov/dataset/reference-data-set-of-human-skin-reflectance-e18fa
Washington State Air Quality,"State of Washington —The links on this page provide access to the Washington State Department of Ecology's Air Monitoring Network, which tracks various air pollutants at more than six...",Unknown,https://catalog.data.gov/dataset/washington-state-air-quality
NIST X-Ray Transition Energies Database - SRD 128,"National Institute of Standards and Technology —This X-ray transition table provides the energies and wavelengths for the K and L transitions connecting energy levels having principal quantum numbers n = 1, 2, 3,...",Unknown,https://catalog.data.gov/dataset/nist-x-ray-transition-energies-database-srd-128-1a3f6
"TIGER/Line Shapefile, 2021, State, New Mexico, Places","U.S. Census Bureau, Department of Commerce —The TIGER/Line shapefiles and related database files (.dbf) are an extract of selected geographic and cartographic information from the U.S. Census Bureau's Master...",Unknown,https://catalog.data.gov/dataset/tiger-line-shapefile-2021-state-new-mexico-places
Electrical resistivity tomography (ERT) data,"Department of the Interior —Surface electrical resistivity tomography (ERT), electromagnetic induction (EMI), and self-potential (SP) data were acquired March 9 - 20, 2018 by the U.S. Geological...",Unknown,https://catalog.data.gov/dataset/electrical-resistivity-tomography-ert-data
Folio,"Department of Labor —Folio is a shared service application that enables government agencies to manage their IT projects, programs, portfolios and submit the IT Budget to OMB. The General...",Unknown,https://catalog.data.gov/dataset/electronic-capital-planning-investment-control-ecpic
"National Assessment of Educational Progress, 2009 High School Transcript Study","Department of Education —The National Assessment of Educational Progress, 2009 High School Transcript Study (HSTS 2009), is a study that is part of the National Assessment of Educational...",Unknown,https://catalog.data.gov/dataset/national-assessment-of-educational-progress-2009-high-school-transcript-study-bee30
Metro Bike Share Trip Data,"City of Los Angeles —Bike Share data from LA Metro, pulled fromhttps://bikeshare.metro.net/about/data/",Unknown,https://catalog.data.gov/dataset/metro-bike-share-trip-data
Annual Homeless Assessment Report (AHAR): Part 1 - Point-in-Time (PIT) Estimates of Homelessness,"Department of Housing and Urban Development —This report outlines the key findings of the 2014 Point-In-Time (PIT) and Housing Inventory (HIC) counts conducted in January 2014. Specifically, this report provides...",Unknown,https://catalog.data.gov/dataset/ahar-part-1-pit-estimates-of-homelessness
Specially Designated Nationals (SDN) and Blocked Persons List,"Department of the Treasury —As part of its enforcement efforts, OFAC publishes a list of individuals and companies owned or controlled by, or acting for or on behalf of, targeted countries. It...",Unknown,https://catalog.data.gov/dataset/specially-designated-nationals-sdn-and-blocked-persons-list
Database of Genotype and Phenotype (dbGaP),U.S. Department of Health & Human Services —Database of Genotype and Phenotype (dbGaP) was developed to archive and distribute the data and results from studies that have investigated the interaction of...,Unknown,https://catalog.data.gov/dataset/database-of-genotype-and-phenotype-dbgap
Food Insecurity Hotspots Data Set,National Aeronautics and Space Administration —The Food Insecurity Hotspots Data Set consists of grids at 250 meter (~7.2 arc-seconds) resolution that identify the level of intensity and frequency of food...,Unknown,https://catalog.data.gov/dataset/food-insecurity-hotspots-data-set
USGS Alaska Science Center Wildlife Tracking Data Collection,Department of the Interior —Understanding the short- and long-distance movements of wildlife is critical for a wide variety of ecological research studies and management decisions. Since the...,Unknown,https://catalog.data.gov/dataset/usgs-alaska-science-center-wildlife-tracking-data-collection
State of South Dakota GIS Data,City of Sioux Falls —Link to State of South Dakota GIS Data.,Unknown,https://catalog.data.gov/dataset/state-of-south-dakota-gis-data-4a15c
"TIGER/Line Shapefile, Current, State, Maryland, Census Tract","U.S. Census Bureau, Department of Commerce —This resource is a member of a series. The TIGER/Line shapefiles and related database files (.dbf) are an extract of selected geographic and cartographic information...",Unknown,https://catalog.data.gov/dataset/tiger-line-shapefile-current-state-maryland-census-tract
Shuttle Radar Topography Mission 1-arc second Global,"National Aeronautics and Space Administration —The Shuttle Radar Topography Mission (SRTM) was flown aboard the space shuttle Endeavour February 11-22, 2000. The National Aeronautics and Space Administration...",Unknown,https://catalog.data.gov/dataset/shuttle-radar-topography-mission-1-arc-second-global
Global Forecast System (GFS) [1 Deg.],"National Oceanic and Atmospheric Administration, Department of Commerce —The Global Forecast System (GFS) is a weather forecast model produced by the National Centers for Environmental Prediction (NCEP). Dozens of atmospheric and land-soil...",Unknown,https://catalog.data.gov/dataset/global-forecast-system-gfs-1-deg2
State Online Query System (SOLQ),"Social Security Administration —Designed specifically for State Human Service agencies, SOLQ allows States real-time online access to SSA's SSN verification service and, if permitted, retrieval of...",Unknown,https://catalog.data.gov/dataset/state-online-query-system-solq
Grocery Stores,"City of New Orleans —Locations of Grocery Stores, which are deemed essential following hurricanes or other disaster scenarios.This dataset is fed from the revenue department with weekly...",Unknown,https://catalog.data.gov/dataset/grocery-stores-ee743
Electronic Police Report 2025,"City of New Orleans —All Police Reports filed by NOPD officers including incident and supplemental reports containing the item number, location, disposition, signal, charges, offender...",Unknown,https://catalog.data.gov/dataset/electronic-police-report-2025
PubMed total records by publication year,U.S. Department of Health & Human Services —Yearly citation totals from each year of the MEDLINE/PubMed Baseline referencing citations back to year 1781. These totals may increase over time for a particular...,Unknown,https://catalog.data.gov/dataset/pubmed-total-records-by-publication-year-fcf4a
Broadband Adoption and Infrastructure by Zip Code,"City of New York —Key indicators of broadband adoption, service and infrastructure in New York City by Zip Code.",Unknown,https://catalog.data.gov/dataset/broadband-adoption-and-infrastructure-by-zip-code
CollectionOffender Based Transaction Statistics (OBTS) Series,Department of Justice —Investigator(s): Bureau of Justice Statistics The Offender Based Transaction Statistics (OBTS) series was designed by the Bureau of Justice Statistics to collect...,Unknown,https://catalog.data.gov/dataset/offender-based-transaction-statistics-obts-series-c7ab1
2021-2022 NSDUH: Model-Based Estimated Prevalence for States,U.S. Department of Health & Human Services —Browse state-level percentage estimates based on the 2021-2022 National Surveys on Drug Use and Health (NSDUH). The 37 tables include estimates for 35 measures of...,Unknown,https://catalog.data.gov/dataset/2021-2022-nsduh-model-based-estimated-prevalence-for-states
Third Generation Simulation Data (TGSIM) I-395 Trajectories,"Department of Transportation —The main dataset is a 232 MB file of trajectory data (I395-final.csv) that contains position, speed, and acceleration data for non-automated passenger cars, trucks,...",Unknown,https://catalog.data.gov/dataset/third-generation-simulation-data-tgsim-i-395-trajectories
NYC Open Data Release Tracker,City of New York —A list of all datasets that were identified for publication on NYC Open Data and their current release status. For comprehensive information on each dataset...,Unknown,https://catalog.data.gov/dataset/nyc-open-data-release-tracker
Electric Retail Service Territories,Department of Homeland Security —Homeland Infrastructure Foundation-Level Data (HIFLD) geospatial data sets containing information on Electric Retail Service Territories.,Unknown,https://catalog.data.gov/dataset/electric-retail-service-territories
Agricultural Research Service Culture Collection (NRRL - Northern Regional Research Laboratory) Database,"Department of Agriculture —The ARS Culture Collection is one of the largest public collections of microorganisms in the world, containing approximately 93,000 strains of bacteria and fungi. The...",Unknown,https://catalog.data.gov/dataset/agricultural-research-service-culture-collection-nrrl-northern-regional-research-laborator-408d8
Mineral Commodity Summaries 2023 - COPPER Data Release,Department of the Interior —This data release contains the U.S. salient statistics and world production data extracted from the COPPER data sheet of the USGS Mineral Commodity Summaries 2023.,Unknown,https://catalog.data.gov/dataset/mineral-commodity-summaries-2023-copper-data-release
Adverse Outcome Pathway Database (AOP-DB) version 2,U.S. Environmental Protection Agency —The EPA has developed the Adverse Outcome Pathway Database (AOP-DB) to better characterize adverse outcomes of toxicological interest that are relevant to human...,Unknown,https://catalog.data.gov/dataset/adverse-outcome-pathway-database-aop-db-version-2
"TIGER/Line Shapefile, 2021, State, Michigan, County Subdivisions","U.S. Census Bureau, Department of Commerce —The TIGER/Line shapefiles and related database files (.dbf) are an extract of selected geographic and cartographic information from the U.S. Census Bureau's Master...",Unknown,https://catalog.data.gov/dataset/tiger-line-shapefile-2021-state-michigan-county-subdivisions
"Vegetation Monitoring in the Great Lakes Network, 2007-2024 - Data Package",Department of the Interior —Forest vegetation provides an integrated measure of terrestrial ecosystem health by expressing information about the collective suite of drivers and stressors which...,Unknown,https://catalog.data.gov/dataset/vegetation-monitoring-in-the-great-lakes-network-2007-2024-data-package
NIST Electron-Impact Ionization Cross Section Database - SRD 107,National Institute of Standards and Technology —This is a database of total ionization cross sections of atoms and molecules by electron impact. The cross sections were calculated using the Binary-Encounter-Bethe...,Unknown,https://catalog.data.gov/dataset/nist-electron-impact-ionization-cross-section-database-srd-107-c798f
Degradation Measurement of Robot Arm Position Accuracy,"National Institute of Standards and Technology —The dataset contains both the robot's high-level tool center position (TCP) health data and controller-level components' information (i.e., joint positions,...",Unknown,https://catalog.data.gov/dataset/degradation-measurement-of-robot-arm-position-accuracy-be76e
White-tailed Deer Monitoring for the Heartland Inventory and Monitoring Network: 2005-2023 - Data Package,Department of the Interior —This dataset consists of occurrence observations for white-tailed deer in the National Park Service Heartland Inventory and Monitoring Network Parks. Because of their...,Unknown,https://catalog.data.gov/dataset/white-tailed-deer-monitoring-for-the-heartland-inventory-and-monitoring-network-2005-2023-
National List of Beaches,"U.S. Environmental Protection Agency —EPA has published a list of coastal recreation waters adjacent to beaches (or similar points of access) used by the public in the U.S. The list, required by the...",Unknown,https://catalog.data.gov/dataset/national-list-of-beaches
Veterans Affairs Central Cancer Registry (VACCR),Department of Veterans Affairs —The Veterans Affairs Central Cancer Registry (VACCR) receives and stores information on cancer diagnosis and treatment constraints compiled and sent in by the local...,Unknown,https://catalog.data.gov/dataset/veterans-affairs-central-cancer-registry-vaccr
Maine Lidar-Derived Watersheds,Department of the Interior —Lidar Digital Elevation Models (DEMs) at 2-meter resolution have been used to derive watershed boundaries for the State of Maine. Geographic Information Systems (GIS)...,Unknown,https://catalog.data.gov/dataset/maine-lidar-derived-watersheds
Electric Vehicle Population Size History,State of Washington —This shows the number of electric vehicles that were registered by Washington State Department of Licensing (DOL) each month. DOL integrates National Highway Traffic...,Unknown,https://catalog.data.gov/dataset/electric-vehicle-population-size-history
"Materials Discarded in the U.S. Municipal Waste Stream, 1960 to 2009 (in tons)",U.S. Environmental Protection Agency —The U.S. Environmental Protection Agency (EPA) has collected and reported data on the generation and disposal of waste in the United States for more than 30 years. We...,Unknown,https://catalog.data.gov/dataset/materials-discarded-in-the-u-s-municipal-waste-stream-1960-to-2009-in-tons
USDA Rural Development Single Family Section 502 Direct Active Loans by County,"Department of Agriculture —Active loan characteristics aggregated at the county level of geography, including number of loans, average loan amount, average loan amount by 5 year ranges, number...",Unknown,https://catalog.data.gov/dataset/usda-rural-development-single-family-section-502-direct-active-loans-by-county
"Global Urban Heat Island (UHI) Data Set, 2013",National Aeronautics and Space Administration —The Urban Heat Island (UHI) effect represents the relatively higher temperatures found in urban areas compared to surrounding rural areas owing to higher proportions...,Unknown,https://catalog.data.gov/dataset/global-urban-heat-island-uhi-data-set-2013
Raw data used to investigate the use of Wi-Fi signals to monitor human respiratory motion.,National Institute of Standards and Technology —Raw data used to investigate the use of Wi-Fi signals to monitor human respiratory motion. Data are from an anatomically correct breathing manikin. These data have...,Unknown,https://catalog.data.gov/dataset/raw-data-used-to-investigate-the-use-of-wi-fi-signals-to-monitor-human-respiratory-motion
Active Real Estate Salespersons and Brokers,State of New York —This data contains active Real Estate Salesperson and Broker Licenses from New York State Department of State (DOS). Each line will be either an individual or...,Unknown,https://catalog.data.gov/dataset/active-real-estate-salespersons-and-brokers
School District Characteristics 2020-21,Department of Education —The National Center for Education Statistics’ (NCES) Education Demographic and Geographic Estimate (EDGE) program develops annually updated school district boundary...,Unknown,https://catalog.data.gov/dataset/school-district-characteristics-2020-21-e2aa2
2025 Aerial Imagery,City of Tempe —This hosted tile layer provides aerial imagery for the City of Tempe. Imagery was taken in late 2024 and published in 2025.,Unknown,https://catalog.data.gov/dataset/2025-aerial-imagery
Underground Storage Tank (UST) Records - Residential,"City of Seattle —Records of Seattle Fire Department (SFD) permits related to decommissioning of a residential heating oil tank, permit code 6103. A record with incomplete tank info...",Unknown,https://catalog.data.gov/dataset/underground-storage-tank-ust-records-residential-c5dc6
BUILDING,City of New York —Footprint outlines of buildings in New York City. Please see the following link for additional documentation:https://github.com/CityOfNewYork/nyc-geo-...,Unknown,https://catalog.data.gov/dataset/building-footprints-3f798
Data from: Fall diet supplements have delayed and context-dependent effects on honey bee (Hymenoptera: Apidae) colony size and profit,"Department of Agriculture —Colonies, apiaries, and diet treatments Colonies used in this study were part of an existing commercial beekeeping operation. The colonies were on pallets containing...",Unknown,https://catalog.data.gov/dataset/data-from-fall-diet-supplements-have-delayed-and-context-dependent-effects-on-honey-bee-hy
NOAA Digital Coast Sea Level Rise and Coastal Flooding Impacts Viewer,"National Oceanic and Atmospheric Administration, Department of Commerce —The Sea Level Rise and Coastal Flooding Impacts Viewer depicts potential sea level rise and its associated impacts on the nation's coastal areas. These coastal areas...",Unknown,https://catalog.data.gov/dataset/noaa-digital-coast-sea-level-rise-and-coastal-flooding-impacts-viewer1
MTA Subway Terminal On-Time Performance: 2020-2024,State of New York —Terminal On-Time Performance measures the percentage of trains arriving at their destination terminals as scheduled.,Unknown,https://catalog.data.gov/dataset/mta-subway-terminal-on-time-performance-beginning-2020
SSA Disability Claim Data,Social Security Administration —The dataset includes fiscal year data for initial claims for SSA disability benefits that were referred to a state agency for a disability determination. Specific...,Unknown,https://catalog.data.gov/dataset/ssa-disability-claim-data
"Job Patterns For Minorities And Women In Private Industry, 2012 EEO-1 National Aggregate Report","US Equal Employment Opportunity Commission —As part of its mandate under Title VII of the Civil Rights Act of 1964, as amended, the Equal Employment Opportunity Commission requires periodic reports from public...",Unknown,https://catalog.data.gov/dataset/job-patterns-for-minorities-and-women-in-private-industry-2012-eeo-1-national-aggregate-re
Feb 2015 Current Population Survey: Arts Benchmarking Survey Supplement,Department of Commerce —ABS collects information about individual attendance and involvement in the arts and cultural activity.,Unknown,https://catalog.data.gov/dataset/feb-2015-current-population-survey-arts-benchmarking-survey-supplement
"Digital Shoreline Analysis System (DSAS) version 5.0 transects with shoreline rate change calculations at Barter Island Alaska, 1947 to 2020","Department of the Interior —This dataset consists of rate-of-change statistics for the shorelines at Barter Island, Alaska for the time period 1947 to 2020. Rate calculations were computed...",Unknown,https://catalog.data.gov/dataset/digital-shoreline-analysis-system-dsas-version-5-0-transects-with-shoreline-rate-change-ca
Urban/Rural 2020 Census Shapefile Simplified,"Department of Justice —Shapefile of Urban data from Census,https://www2.census.gov/geo/tiger/GENZ2020/shp/cb_2020_us_ua20_corrected_500k.zipWeblink:...",Unknown,https://catalog.data.gov/dataset/urban-rural-2020-census-shapefile-simplified
"Ocean currents, temperatures, and others measured by drifters and profiling floats for the Lagrangian Approach to Study the Gulf of Mexicoâs Deep Circulation project 2011-07 to 2015-06 (NCEI Accession 0159562)","National Oceanic and Atmospheric Administration, Department of Commerce —This dataset contains biological and physical oceanographic data from multiple instrumental packages. The data acquisition had two main elements: 1) a deep drifter...",Unknown,https://catalog.data.gov/dataset/ocean-currents-temperatures-and-others-measured-by-drifters-and-profiling-floats-for-the-lagran
Social media data with CUI redacted 11192018,"U.S. Environmental Protection Agency —Data includes the metadata and links for images posted to social media with CUI redacted. This dataset is associated with the following publication: Angradi, T., J....",Unknown,https://catalog.data.gov/dataset/social-media-data-with-cui-redacted-11192018
Petroleum Data: Stocks Application Programming Interface (API),"Department of Energy —Data on petroleum and crude oil stocks. Weekly, monthly, and annual data available. Users of the EIA API are required to obtain an API Key via this registration form:...",Unknown,https://catalog.data.gov/dataset/petroleum-data-stocks-application-programming-interface-api
OPM USAJobs,Department of Homeland Security —USAJobs is the official job site of the United States Federal Government. This website is the centralized site for most Federal agencies to post vacancy announcements.,Unknown,https://catalog.data.gov/dataset/opm-usajobs
Clean Air Status and Trends Network (CASTNET): Ozone,U.S. Environmental Protection Agency —8-hour daily maximum ozone concentrations as measured by the Clean Air Status and Trends Network (CASTNET),Unknown,https://catalog.data.gov/dataset/clean-air-status-and-trends-network-castnet-ozone
Mars surface image (Curiosity rover) labeled data set version 1,"National Aeronautics and Space Administration —This data set consists of 6691 images spanning 24 classes that were collected by the Mars Science Laboratory (MSL, Curosity) rover by three instruments (Mastcam Right...",Unknown,https://catalog.data.gov/dataset/mars-surface-image-curiosity-rover-labeled-data-set-version-1
Registered Vehicles by County,City of Austin —Total vehicle registration counts per month by county,Unknown,https://catalog.data.gov/dataset/registered-vehicles-by-county
"New York City Population by Borough, 1950 - 2040",City of New York —Unadjusted decennial census data from 1950-2000 and projected figures from 2010-2040: summary table of New York City population numbers and percentage share by...,Unknown,https://catalog.data.gov/dataset/new-york-city-population-by-borough-1950-2040
2019 California Water Quality Status Report,State of California —The California Water Quality Status Report is an annual data-driven snapshot of the Water Board’s water quality and ecosystem data. This third edition of the report...,Unknown,https://catalog.data.gov/dataset/2019-california-water-quality-status-report
Medical Subject Headings (MeSH),U.S. Department of Health & Human Services —Medical Subject Headings (MeSH) is a hierarchically-organized terminology for indexing and cataloging of biomedical information. It is used for the indexing of PubMed...,Unknown,https://catalog.data.gov/dataset/medical-subject-headings-mesh-812b8
Math Test Results 2013-2023,"City of New York —This report includes results for the New York State Math exams for the years 2013-2023. For the results for the New York State Math exams for the years 2006-2012,...",Unknown,https://catalog.data.gov/dataset/math-test-results-2013-2023
Chronic PFAS Exposure Induces Chemotherapy Resistance by Promoting Mitochondria-Related Alterations in Ovarian Cancer Cells,"U.S. Environmental Protection Agency —Sequencing and transcriptomics measurements, flow cytometry measurements, plate reads. This dataset is associated with the following publication: Rickard, B., L....",Unknown,https://catalog.data.gov/dataset/chronic-pfas-exposure-induces-chemotherapy-resistance-by-promoting-mitochondria-related-al
Mineral Commodity Summaries 2025 - LEAD Data Release,Department of the Interior —This data release contains the U.S. salient statistics and world production data extracted from the LEAD data sheet of the USGS Mineral Commodity Summaries 2025.,Unknown,https://catalog.data.gov/dataset/mineral-commodity-summaries-2025-lead-data-release
County Expenditures By Category – Fiscal Year 2010,"State of Maryland —Percentages of each county's expenditures towards general government, public safety, public works, health and social services, education and libraries, parks and...",Unknown,https://catalog.data.gov/dataset/county-expenditures-by-category-fiscal-year-2010
Corporations and Other Entities: All Filings - Name Status History,State of New York —This data contains Corporation and Other Business Entity Name information for each entity. Each record contains a current or previous name for an entity in the...,Unknown,https://catalog.data.gov/dataset/corporations-and-other-entities-all-filings-name-status-history
MSHA Accident Injuries Data Set,"Department of Labor —All accidents, injuries and illnesses reported by mine operators and contractors. Obtained from the Mine Accident, Injury and Illness Report form (MSHA Form 7000-1)....",Unknown,https://catalog.data.gov/dataset/msha-accident-injuries-data-set
Restaurant and Market Health Inspections,City of Los Angeles —This dataset contains Environmental Health Inspection Results for Restaurants and Markets in the City of Los Angeles. Los Angeles County Environmental Health is...,Unknown,https://catalog.data.gov/dataset/restaurant-and-market-health-inspections
"People Receiving Homeless Response Services by Age, Race, Gender, Veteran Status, and Disability Status","State of California —Yearly statewide and by-Continuum of Care total counts of individuals receiving homeless response services by age group, race, gender, veteran status, and disability...",Unknown,https://catalog.data.gov/dataset/people-receiving-homeless-response-services-by-age-race-ethnicity-and-gender-b667d
"Utah FORGE 3-2417: Low Frequency Distributed Acoustic Sensing Data from 16A/16B Stimulation - April, 2024","Department of Energy —This dataset contains processed low-frequency Distributed Acoustic Sensing (LF-DAS) data collected between April 2 and April 12, 2024, during the Utah FORGE...",Unknown,https://catalog.data.gov/dataset/utah-forge-3-2417-low-frequency-distributed-acoustic-sensing-data-from-16a-16b-stimulation
National Land Cover Database (NLCD) 2021 Land Cover Science Products,"Department of the Interior —The U.S. Geological Survey (USGS), in partnership with several federal agencies, has now developed and released seven National Land Cover Database (NLCD) products:...",Unknown,https://catalog.data.gov/dataset/national-land-cover-database-nlcd-2021-land-cover-science-products
Tax Exempt Organizations (Extracted from the Internal Revenue Service),"State of Connecticut —Exempt organization information is extracted monthly from the Internal Revenue Service’s Business Master File. This is a cumulative file, and the data are the most...",Unknown,https://catalog.data.gov/dataset/tax-exempt-organizations-extracted-from-the-internal-revenue-service
"Global Roads Open Access Data Set, Version 1 (gROADSv1)","National Aeronautics and Space Administration —The Global Roads Open Access Data Set, Version 1 (gROADSv1) was developed under the auspices of the CODATA Global Roads Data Development Task Group. The data set...",Unknown,https://catalog.data.gov/dataset/global-roads-open-access-data-set-version-1-groadsv1
"2020 Cartographic Boundary File (SHP), Current Consolidated City for United States, 1:500,000","U.S. Census Bureau, Department of Commerce —The 2020 cartographic boundary shapefiles are simplified representations of selected geographic areas from the U.S. Census Bureau's Master Address File /...",Unknown,https://catalog.data.gov/dataset/2020-cartographic-boundary-file-shp-current-consolidated-city-for-united-states-1-500000
NASA Disasters Mapping Portal,"National Aeronautics and Space Administration —This entry does not contain data itself, it is for the website, the NASA Disasters Mapping Portal:https://maps.disasters.nasa.govThe Disasters Mapping Portal...",Unknown,https://catalog.data.gov/dataset/nasa-disasters-mapping-portal
Nursing Workforce Survey Data (National Sample Survey of Registered Nurses),U.S. Department of Health & Human Services —The National Sample Survey of Registered Nurses (NSSRN) Download makes data from the survey readily available to users in a one-stop download. The Survey has been...,Unknown,https://catalog.data.gov/dataset/nursing-workforce-survey-data-national-sample-survey-of-registered-nurses
Transportation Network Providers - Trips (2023-2024),City of Chicago —All trips in 2023-2024 reported by Transportation Network Providers (sometimes called rideshare companies) to the City of Chicago as part of routine reporting...,Unknown,https://catalog.data.gov/dataset/transportation-network-providers-trips-2023
Active Projects - Infrastructure (Historical),City of New York —List of currently active infrastructure projects including description and high level schedule and budget range.,Unknown,https://catalog.data.gov/dataset/active-projects-infrastructure
Public Land Survey System Townships (Feature Layer),"Department of Agriculture —An area defined by the Public Lands Survey System grid that is referenced by its tier and range numbers, and is normally a rectangle approximately 6 miles on a side...",Unknown,https://catalog.data.gov/dataset/public-land-survey-system-townships-feature-layer-a1c79
"Population Estimates: Housing Unit Estimates for US, States, and Counties","Department of Commerce —Annual Housing Unit Estimates for the United States, States, and Counties: April 1, 2010 to July 1, 2019 // Source: U.S. Census Bureau, Population Division // Note:...",Unknown,https://catalog.data.gov/dataset/population-estimates-housing-unit-estimates-for-us-states-and-counties
PSSM Viewer,"U.S. Department of Health & Human Services —Users can display, sort, subset and download position-specific score matrices (PSSMs) either from CDD records or from Position Specific Iterated (PSI)-BLAST protein...",Unknown,https://catalog.data.gov/dataset/pssm-viewer
Performance data of a robotic system with a robotic hand and a robotic gripper completing a peg-in-hole assembly task,National Institute of Standards and Technology —NIST is developing metrics and test methods to benchmark the performance of robotic systems when performing manufacturing tasks. The ability to perform simple...,Unknown,https://catalog.data.gov/dataset/performance-data-of-a-robotic-system-with-a-robotic-hand-and-a-robotic-gripper-completing--aaba6
Fish Inventory at Ocmulgee Mounds National Historical Park in 2004 - Data Package,Department of the Interior —Ocmulgee National Monument (OCMU) was surveyed in 2004 as park of a larger initiative to inventory fish at Southeast Coast Network parks. The purpose of the study was...,Unknown,https://catalog.data.gov/dataset/fish-inventory-at-ocmulgee-mounds-national-historical-park-in-2004-data-package
BLM AK 17(b) Easements,Department of the Interior —The ANCSA 17(b) Easement dataset represents spatial location and basic information about 17(b) easements within the state of Alaska. ANCSA 17(b) easements are rights...,Unknown,https://catalog.data.gov/dataset/blm-ak-17b-easements-15319
Low to Moderate Income Population by Tract,Department of Housing and Urban Development —This service identifies U.S. Census Tracts in which 51% or more of the households earn less than 80 percent of the Area Median Income (AMI). The Community Development...,Unknown,https://catalog.data.gov/dataset/low-to-moderate-income-population-by-tract
Amphibian SDM and Crop Frequency Hot Spot Analysis Source Data,U.S. Environmental Protection Agency —Links provide access to the following input datasets: - Current range data/shapefiles can be accessed using the IUCN Red List website. Search the species of interest...,Unknown,https://catalog.data.gov/dataset/amphibian-sdm-and-crop-frequency-hot-spot-analysis-source-data
"USDA Nutrient Data Set for Retail Meat Cuts: Beef, Lamb, Pork and Veal","Department of Agriculture —The United States Department of Agriculture (USDA) Nutrient Data Laboratory (NDL), in collaboration with the National Cattlemen's Beef Association, National Pork...",Unknown,https://catalog.data.gov/dataset/usda-nutrient-data-set-for-retail-meat-cuts-beef-lamb-pork-and-veal-9c719
BIE Schools,"Department of the Interior —There are 187 Bureau-funded elementary and secondary schools on 64 reservations in 23 states, serving approximately 40,000 Indian students. Of these, 58 are BIE-...",Unknown,https://catalog.data.gov/dataset/bie-schools
National Status and Trends: Mussel Watch Program,"National Oceanic and Atmospheric Administration, Department of Commerce —Mussel Watch is the longest running continuous chemical contaminant monitoring program in U.S. coastal and Great Lakes waters and was created in response to concerns...",Unknown,https://catalog.data.gov/dataset/national-status-and-trends-mussel-watch-program1
EOIR Case Data,"Department of Justice —In 2008, EOIR began receiving requests from a university-affiliated data clearinghouse for large, raw data files from the agency’s case file electronic database. As...",Unknown,https://catalog.data.gov/dataset/eoir-case-data
Selected basin characteristics for all GAGES-II CONUS reference gages,Department of the Interior —This dataset contains selected basin characteristics from the GAGES-II dataset (https://water.usgs.gov/lookup/getspatial?gagesII_Sept2011) that were considered for...,Unknown,https://catalog.data.gov/dataset/selected-basin-characteristics-for-all-gages-ii-conus-reference-gages
MTA Subway Turnstile Usage Data: 2022,State of New York —This retired dataset contains information on entry/exit values for individual control areas and is posted purely for archival purposes. More detailed subway ridership...,Unknown,https://catalog.data.gov/dataset/turnstile-usage-data-2022
BLM Natl AIM Riparian and Wetland Indicators Hub,"Department of the Interior —This feature class includes monitoring data collected nationally to understand the status, condition, and trend of resources on BLM lands. Data are collected in...",Unknown,https://catalog.data.gov/dataset/blm-natl-aim-riparian-and-wetland-indicators-hub-277f0
"Marine Mammal Food Habits Reference Collection, 1995-2018","National Oceanic and Atmospheric Administration, Department of Commerce —The Marine Mammal Laboratory (MML) Food Habits Reference Collection, containing over 1000 specimens of cephalopod beaks and fish bones and otoliths, is used to...",Unknown,https://catalog.data.gov/dataset/marine-mammal-food-habits-reference-collection-1995-20181
USDA Table of Cooking Yields for Meat and Poultry,"Department of Agriculture —USDA Table of Cooking Yields for Meat and Poultry, Release 2, is an update of previously released USDA data. Data in the updated table, accessible below, are measures...",Unknown,https://catalog.data.gov/dataset/usda-table-of-cooking-yields-for-meat-and-poultry-b07c4
Data Sets for  Evaluation of Building Fault Detection and Diagnostics Algorithms,Department of Energy —This documentation and dataset can be used to test the performance of automated fault detection and diagnostics algorithms for buildings. The dataset was created by...,Unknown,https://catalog.data.gov/dataset/data-sets-for-evaluation-of-building-fault-detection-and-diagnostics-algorithms-2de50
National Hydrography Dataset Plus High Resolution (NHDPlus HR) - USGS                     National Map Downloadable Data Collection,"Department of the Interior —The High Resolution National Hydrography Dataset Plus (NHDPlus HR) is an integrated datset of geospatial data layers, including the most current National Hydrography...",Unknown,https://catalog.data.gov/dataset/national-hydrography-dataset-plus-high-resolution-nhdplus-hr-usgs-national-map-downloadabl
Certificate of Occupancy,District of Columbia —All applicants for a Basic Business License operating from a commercial location in the District of Columbia must provide a Certificate of Occupancy (C of O) for the...,Unknown,https://catalog.data.gov/dataset/certificate-of-occupancy
United States Utility-Scale PV Supply Curves 2024,"Department of Energy —This data packet contains supply curves, hourly generation profiles, and a composite siting exclusion TIFF for utility-scale PV across the contiguous United States....",Unknown,https://catalog.data.gov/dataset/united-states-utility-scale-pv-supply-curves-2024
City Population in Iowa by County and Year,State of Iowa —This dataset contains city population in Iowa from 2010 to the most current year available. Data from 2010 comes from the decennial census while the proceeding years...,Unknown,https://catalog.data.gov/dataset/city-population-in-iowa-by-county-and-year
"NCHS - Top Five Leading Causes of Death: United States, 1990, 1950, 2000","U.S. Department of Health & Human Services —This dataset contains information on the number of deaths and age-adjusted death rates for the five leading causes of death in 1900, 1950, and 2000. Age-adjusted...",Unknown,https://catalog.data.gov/dataset/nchs-top-five-leading-causes-of-death-united-states-1990-1950-2000
L.A. Zoo Attendance,City of Los Angeles —L.A. Zoo attendance for the last 5 years.,Unknown,https://catalog.data.gov/dataset/l-a-zoo-attendance
Global Earthquake Hazard Distribution - Peak Ground Acceleration,National Aeronautics and Space Administration —The Global Earthquake Hazard Distribution - Peak Ground Acceleration is a 2.5 minute grid of global earthquake hazards developed using Global Seismic Hazard Program...,Unknown,https://catalog.data.gov/dataset/global-earthquake-hazard-distribution-peak-ground-acceleration
Data.gov CKAN API,"General Services Administration —Thedata.govcatalog is powered by CKAN, a powerful open source data platform that includes a robust API. Please be aware thatdata.govand thedata.govCKAN API only...",Unknown,https://catalog.data.gov/dataset/data-gov-ckan-api
"National Epidemiologic Survey on Alcohol and Related Conditions (NESARC)—Wave 1 (2001–2002), and Wave 2 (2004–2005)",U.S. Department of Health & Human Services —National Epidemiologic Survey on Alcohol and Related Conditions (NESARC) was designed to assess the prevalence of alcohol use disorders (AUD) and their associated...,Unknown,https://catalog.data.gov/dataset/national-epidemiologic-survey-on-alcohol-and-related-conditions-nesarcwave-1-20012002-and-
Traffic Cameras,"City of Austin —This dataset contains information about traffic cameras in Austin, TX. These cameras are used to monitor real-time LIVE traffic conditions only. Video is NOT...",Unknown,https://catalog.data.gov/dataset/traffic-cameras-39eee
"TIGER/Line Shapefile, Current, State, Texas, Census Tract","U.S. Census Bureau, Department of Commerce —This resource is a member of a series. The TIGER/Line shapefiles and related database files (.dbf) are an extract of selected geographic and cartographic information...",Unknown,https://catalog.data.gov/dataset/tiger-line-shapefile-current-state-texas-census-tract
"Digital Surficial Geologic-GIS Map of Mount Rainier National Park, Washington (NPS, GRD, GRI, MORA, MORA_surficial digital map) adapted from a U.S. Geological Survey Bulletin map by Crandell (1969)","Department of the Interior —The Digital Surficial Geologic-GIS Map of Mount Rainier National Park, Washington is composed of GIS data layers and GIS tables, and is available in the following...",Unknown,https://catalog.data.gov/dataset/digital-surficial-geologic-gis-map-of-mount-rainier-national-park-washington-nps-grd-gri-m
OSHA Information System,"Department of Labor —The OSHA Information System is the primary repository of OSHA’s data. Started in 2012, the application is divided into multiple modules. A database object in OIS may...",Unknown,https://catalog.data.gov/dataset/osha-information-system-a0a2d
Federal Employee Viewpoint Survey (FEVS),"Office of Personnel Management —The Federal Employee Viewpoint Survey is climate survey and results allow decision makers to assess how employees jointly experience the policies, practices, and...",Unknown,https://catalog.data.gov/dataset/federal-employee-viewpoint-survey-fevs-2ddfc
Limited Denial of Participation,Department of Housing and Urban Development —A Limited Denial of Participation (LDP) is an action taken by a HUD Field Office or the Deputy Assistant Secretary for Single Family (DASSF) or Multifamily (DASMF)...,Unknown,https://catalog.data.gov/dataset/limited-denial-of-participation
2010 Decennial Census of Population and Housing: Surnames,Department of Commerce —The Census Bureau's Census surnames product is a data release based on names recorded in the decennial census. The product contains rank and frequency data on...,Unknown,https://catalog.data.gov/dataset/2010-decennial-census-of-population-and-housing-surnames
Purchase Card (PCard) Fiscal Year 2014,State of Oklahoma —This dataset contains information on purchases made through the purchase card programs administered by the state and higher ed institutions. The purchase card...,Unknown,https://catalog.data.gov/dataset/purchase-card-pcard-fiscal-year-2014
"Vehicle, Snowmobile, and Boat Registrations","State of New York —This dataset contains the file of vehicle, snowmobile and boat registrations in NYS. Registrations expired more than 2 years are excluded. Records that have a...",Unknown,https://catalog.data.gov/dataset/vehicle-snowmobile-and-boat-registrations
G2Aero Database of Airfoils - Curated Airfoils,"Department of Energy —This dataset contains a curated set of 19,164 airfoil shapes from various applications and the data-driven design space of separable shape tensors (PGA space), which...",Unknown,https://catalog.data.gov/dataset/g2aero-database-of-airfoils-curated-airfoils
Bathymetry of Lake Superior,"National Oceanic and Atmospheric Administration, Department of Commerce —Bathymetry of Lake Superior has been compiled as a component of a NOAA project to rescue Great Lakes lake floor geological and geophysical data and make it more...",Unknown,https://catalog.data.gov/dataset/bathymetry-of-lake-superior1
BLM National SMA Surface Management Agency Area PolygonsNGDA,Department of the Interior —The Surface Management Agency (SMA) Geographic Information System (GIS) dataset depicts Federal land for the United States and classifies this land by its active...,Unknown,https://catalog.data.gov/dataset/blm-national-sma-surface-management-agency-area-polygons-6b360
"Tungsten Deposits in the United States (ver. 2.0, August 2020)",Department of the Interior —This is version 2.0 of Tungsten Deposits in the United States. This data release provides the descriptions of approximately 100 U.S. sites that include mineral...,Unknown,https://catalog.data.gov/dataset/tungsten-deposits-in-the-united-states-ver-2-0-august-2020
DOB Job Application Filings,"City of New York —This dataset contains all job applications submitted through the Borough Offices, through eFiling, or through the HUB, which have a ""Latest Action Date"" since...",Unknown,https://catalog.data.gov/dataset/dob-job-application-filings
Archives.gov,National Archives and Records Administration —Archives.govis the National Archives' main public-facing website.,Unknown,https://catalog.data.gov/dataset/archives-gov
EMAG2v3: Earth Magnetic Anomaly Grid (2-arc-minute resolution),"National Oceanic and Atmospheric Administration, Department of Commerce —EMAG2v3 is a global Earth Magnetic Anomaly Grid compiled from satellite, ship, and airborne magnetic measurements. It is a significant update of the previous release...",Unknown,https://catalog.data.gov/dataset/emag2v3-earth-magnetic-anomaly-grid-2-arc-minute-resolution2
NHANES Select Mean Dietary Intake Estimates,"U.S. Department of Health & Human Services —These data represent mean intake, on a given day, estimates of nutrients from foods and beverages from the National Health and Nutrition Examination Survey (NHANES).",Unknown,https://catalog.data.gov/dataset/nhanes-select-mean-dietary-intake-estimates
NIH Research Portfolio Online Reporting Tools: Expenditures and Results (RePORTER),"U.S. Department of Health & Human Services —Research projects funded by the National Institutes of Health (NIH), other DHHS Operating Divisions (ACF, AHRQ, CDC, FDA, HRSA), and the Department of Veterans...",Unknown,https://catalog.data.gov/dataset/nih-exported-research-portfolio-online-reporting-tools-expenditures-and-results-exporter-f7455
"TIGER/Line Shapefile, Current, County, Indian River County, FL, All Roads","U.S. Census Bureau, Department of Commerce —This resource is a member of a series. The TIGER/Line shapefiles and related database files (.dbf) are an extract of selected geographic and cartographic information...",Unknown,https://catalog.data.gov/dataset/tiger-line-shapefile-current-county-indian-river-county-fl-all-roads
Medical Examiner - Unclaimed Persons,"Cook County of Illinois —This dataset contains our most up to date list of Unclaimed Persons found in Cook County. If you feel you are the next of kin to any of the individuals listed, Please...",Unknown,https://catalog.data.gov/dataset/medical-examiner-unclaimed-persons
NYS Traffic Data Viewer,"State of New York —This data set features a hyperlink to the New York State Department of Transportation’s (NYSDOT) Traffic Data (TD) Viewer web page, which includes a link to the...",Unknown,https://catalog.data.gov/dataset/nys-traffic-data-viewer
Poverty and Employment Status - Seattle Neighborhoods,"City of Seattle —Table from the American Community Survey (ACS) 5-year series on poverty and employment status related topics for City of Seattle Council Districts, Comprehensive Plan...",Unknown,https://catalog.data.gov/dataset/poverty-and-employment-status-seattle-neighborhoods
SRTM30+ Global 1-km Digital Elevation Model (DEM): Version 11: Bathymetry: Hillshade,"National Oceanic and Atmospheric Administration, Department of Commerce —A global 1-km resolution bathymetric digital elevation model (DEM) grayscale hillshade of the ocean floor. Derived from the SRTM30+ v11 dataset produced at Scripps...",Unknown,https://catalog.data.gov/dataset/srtm30-global-1-km-digital-elevation-model-dem-version-11-bathymetry-hillshade
District Gun Violence Dashboards,"District of Columbia —The Office of Gun Violence Prevention (OGVP) shares real-time gun violence data to increase government transparency, improve the public's awareness, and support...",Unknown,https://catalog.data.gov/dataset/district-gun-violence-dashboards
SBA Public Datasets,Small Business Administration —Provides a list of all the datasets available in the Public Data Inventory for the Small Business Administration.,Unknown,https://catalog.data.gov/dataset/sba-public-datasets
Autism and green space_clean,"U.S. Environmental Protection Agency —Autism and green space metrics in California elementary school districts. This dataset is associated with the following publication: Wu, J., and L. Jackson. Inverse...",Unknown,https://catalog.data.gov/dataset/autism-and-green-space-clean
HSR Transactions Filings and Second Requests by Fiscal Year,Federal Trade Commission —This data set includes information on the total number of transactions and filings received each fiscal year under the Hart-Scott-Rodino Antitrust Improvements Act...,Unknown,https://catalog.data.gov/dataset/hsr-transactions-filings-and-second-requests-by-fiscal-year
Wrecks and Obstructions,"National Oceanic and Atmospheric Administration, Department of Commerce —Ship wrecks and obstructions in the ocean have long been a hazard to navigation and construction, and a point of interest to archeologist, recreational divers,...",Unknown,https://catalog.data.gov/dataset/wrecks-and-obstructions2
Ischemic Stroke 30-Day Mortality and 30-Day Readmission Rates and Quality Ratings for CA Hospitals,"State of California —This dataset contains risk-adjusted 30-day mortality and 30-day readmission rates, quality ratings, and number of deaths / readmissions and cases for ischemic stroke...",Unknown,https://catalog.data.gov/dataset/ischemic-stroke-30-day-mortality-and-30-day-readmission-rates-and-quality-ratings-for-ca-h-92036
"TIGER/Line Shapefile, Current, County, District of Columbia, DC, All Roads","U.S. Census Bureau, Department of Commerce —This resource is a member of a series. The TIGER/Line shapefiles and related database files (.dbf) are an extract of selected geographic and cartographic information...",Unknown,https://catalog.data.gov/dataset/tiger-line-shapefile-current-county-district-of-columbia-dc-all-roads
State Energy Data System (SEDS) Application Programming Interface (API),"Department of Energy —State-level data on all energy sources. Data include production, consumption, reserves, stocks, prices, imports, and exports. Data are collated from state-specific...",Unknown,https://catalog.data.gov/dataset/state-energy-data-system-seds-application-programming-interface-api
National Greenhouse Gas Emission Inventory (EV-GHG),"U.S. Environmental Protection Agency —The EV-GHG Mobile Source Data asset contains measured mobile source GHG emissions summary compliance information on light-duty vehicles, by model, for certification...",Unknown,https://catalog.data.gov/dataset/national-greenhouse-gas-emission-inventory-ev-ghg
Lease Inventory Excel Spreadsheet,"General Services Administration —GSA, the nation's largest public real estate organization, provides workspace for over one million federal workers. These employees, along with government property,...",Unknown,https://catalog.data.gov/dataset/lease-inventory-excel-spreadsheet
The National Artificial Intelligence Research and Development Strategic Plan: 2019 Update,"Networking and Information Technology Research and Development, Executive Office of the President —Artificial intelligence (AI) holds tremendous promise to benefit nearly all aspects of society, including the economy, healthcare, security, the law, transportation,...",Unknown,https://catalog.data.gov/dataset/the-national-artificial-intelligence-research-and-development-strategic-plan-2019-update
Monthly Tourism Statistics: Outbound Travel by World Regions,Department of Commerce —Monthly U.S. citizen departures are collected and reported in Tourism Industries U.S. International Air Travel Statistics (I-92 data) Program.,Unknown,https://catalog.data.gov/dataset/monthly-tourism-statistics-outbound-travel-by-world-regions
BLS Jobs by Industry Category,"State of Maryland —Data from the Bureau of Labor Statistics (BLS) Current Employment Statistics (CES) program. CES data represents businesses and government agencies, providing detailed...",Unknown,https://catalog.data.gov/dataset/bls-jobs-by-industry-category
"Projected inundation at Midway Atoll, resulting from various scenarios of sea-level rise, groundwater rise and storm waves","Department of the Interior —This dataset (in ESRI file geodatabase format) contains inundation areas for various future scenarios of sea-level rise (SLR), groundwater rise, and storm waves at...",Unknown,https://catalog.data.gov/dataset/projected-inundation-at-midway-atoll-resulting-from-various-scenarios-of-sea-level-rise-gr
Chicago Public Schools - School Profile Information SY2324,City of Chicago —School profile information for all schools in the Chicago Public School district for the school year 2023-2024. * Data set is no longer being updated when data set...,Unknown,https://catalog.data.gov/dataset/chicago-public-schools-school-profile-information-sy2324
Unemployment Insurance Claims,District of Columbia —DC unemployment insurance claims. The data is collected by Department of Employment Services (DOES). Data is typically at least 24 hours behind.,Unknown,https://catalog.data.gov/dataset/unemployment-insurance-claims
City of Pittsburgh Property Tax Delinquency,Allegheny County / City of Pittsburgh / Western PA Regional Data Center —This dataset contains all property in the City of Pittsburgh that is delinquent on property taxes for the given year. NOTE: The data feed for this dataset stopped...,Unknown,https://catalog.data.gov/dataset/city-of-pittsburgh-property-tax-delinquency
Employee performance file system records,"Department of Homeland Security —Employee performance records are ratings of record, the performance plans on which ratings are based, supporting documentation for those ratings, and any other...",Unknown,https://catalog.data.gov/dataset/employee-performance-file-system-records-62ae3
Clery Act Reports,Department of Education —The Jeanne Clery Disclosure of Campus Security Policy and Campus Crime Statistics Act is a federal statute requiring colleges and universities participating in...,Unknown,https://catalog.data.gov/dataset/clery-act-reports-8a25a
Death Profiles by Leading Causes of Death,State of California —Data for deaths by leading cause of death categories are now available in the death profiles dataset for each geographic granularity. The cause of death categories...,Unknown,https://catalog.data.gov/dataset/death-profiles-by-leading-causes-of-death-35077
1-Minute Page 1 Surface Weather Observations from the Automated Surface Observing Systems (ASOS) Network,"National Oceanic and Atmospheric Administration, Department of Commerce —This dataset includes one-minute observations for visibility extinction coefficient, 2-minute average and 5-second peak wind speed and direction, and runway visual...",Unknown,https://catalog.data.gov/dataset/1-minute-page-1-surface-weather-observations-from-the-automated-surface-observing-systems-asos-
Clean Air Tracking System (CATS) Permits,"City of New York —Clean Air Tracking System (CATS) is online application with end-to-end process where NYC Residents can submit for New Boiler Registration, Boiler Registration...",Unknown,https://catalog.data.gov/dataset/cats-permits
MUSEUM,City of New York —Locations of New York City Museums,Unknown,https://catalog.data.gov/dataset/museum-b306c
Health Information National Trends Survey (HINTS),"U.S. Department of Health & Human Services —The Health Information National Trends Survey (HINTS) is a biennial, cross-sectional survey of a nationally-representative sample of American adults that is used to...",Unknown,https://catalog.data.gov/dataset/health-information-national-trends-survey-hints
Generalized Geology of Europe including Turkey (geo4_2l),"Department of the Interior —This coverage includes arcs, polygons, and polygon labels that describe the generalized geologic age of surface outcrops of bedrock of Europe including Turkey...",Unknown,https://catalog.data.gov/dataset/generalized-geology-of-europe-including-turkey-geo4-2l
"United States Sentencing Commission (USSC): Defendants Sentenced Under the Sentencing Reform Act, 1992-2009","Department of Justice —These data are part of NACJD's Fast Track Release and are distributed as they were received from the data depositor. The files have been zipped for NACJD release, but...",Unknown,https://catalog.data.gov/dataset/united-states-sentencing-commission-ussc-defendants-sentenced-under-the-sentencing-re-1992
NYCCAS Air Pollution Rasters,"City of New York —Citywide raster files of annual average predicted surface for nitrogen dioxide (NO2), fine particulate matter (PM2.5), black carbon (BC), and nitric oxide (NO);...",Unknown,https://catalog.data.gov/dataset/nyccas-air-pollution-rasters
Part B State Performance Plans (SPP) and Annual Performance Report (APR),Department of Education —This site offers links to the data and additional information related to the Individuals with Disabilities Education Act (IDEA) Part B state performance plan/annual...,Unknown,https://catalog.data.gov/dataset/part-b-state-performance-plans-spp-and-annual-performance-report-apr-a8899
Invasive Species,Vermont Center for Geographic Information —The Invasive Species layer is created from the ANR Invasive Species database.,Unknown,https://catalog.data.gov/dataset/invasive-species-812ab
Police Incidents,"Town of Cary, North Carolina —This dataset contains Crime and Safety data from the Cary Police Department. This data is extracted by the Town of Cary's Police Department's RMS application. The...",Unknown,https://catalog.data.gov/dataset/police-incidents
LANGUAGE SPOKEN AT HOME FOR THE POPULATION 5 YEARS AND OVER (C16001),"City of Seattle —Table from the American Community Survey (ACS) C16001 of language spoken at home for the population 5 years and over. These are multiple, nonoverlapping vintages of...",Unknown,https://catalog.data.gov/dataset/language-spoken-at-home-for-the-population-5-years-and-over-c16001
NIST Electron Inelastic-Mean-Free-Path Database - SRD 71,National Institute of Standards and Technology —The NIST Electron Inelastic-Mean-Free-Path Database provides values of electron inelastic mean free paths (IMFPs) principally for use in surface analysis by Auger-...,Unknown,https://catalog.data.gov/dataset/nist-electron-inelastic-mean-free-path-database-srd-71-cc522
MTA Congestion Relief Zone Vehicle Entries: Beginning 2025,"State of New York —This dataset provides the number of crossings into the Congestion Relief Zone by crossing location and vehicle class, in 10-minute intervals. This data should not be...",Unknown,https://catalog.data.gov/dataset/mta-congestion-relief-zone-vehicle-entries-beginning-2025
Integrated Risk Information System (IRIS),U.S. Environmental Protection Agency —EPA?s Integrated Risk Information System (IRIS) is a compilation of electronic reports on specific substances found in the environment and their potential to cause...,Unknown,https://catalog.data.gov/dataset/integrated-risk-information-system-iris
Average Interest Rates on U.S. Treasury Securities,Department of the Treasury —The Average Interest Rates on U.S. Treasury Securities dataset provides average interest rates on U.S. Treasury securities on a monthly basis. Its primary purpose is...,Unknown,https://catalog.data.gov/dataset/average-interest-rates-on-u-s-treasury-securities
Comprehensive Housing Affordability Strategy (CHAS),Department of Housing and Urban Development —The U.S. Department of Housing and Urban Development (HUD) periodically receives custom tabulations of data from the U.S. Census Bureau that are largely not available...,Unknown,https://catalog.data.gov/dataset/comprehensive-housing-affordability-strategy-chas-2008-2010
"North American Breeding Bird Survey (BBS) Regional Dataset [within 5 Miles of National Wildlife Refuges], 1997 - 2019",Department of the Interior —This dataset is a subset of data attributes selected from the (full) 1966-2019 North American Breeding Bird Survey (BBS) dataset to assist in populating the U.S. Fish...,Unknown,https://catalog.data.gov/dataset/north-american-breeding-bird-survey-bbs-regional-dataset-within-5-miles-of-national-w-1997
Diabetes & Hypertension & Hyperlipidemia comorbidity,Allegheny County / City of Pittsburgh / Western PA Regional Data Center —This data set provides de-identified population data for diabetes & hypertension & hyperlipidemia comorbidity prevelance. The data is provided by three...,Unknown,https://catalog.data.gov/dataset/diabetes-hypertension-hyperlipidemia-comorbidity
"TIGER/Line Shapefile, 2023, County, Orleans Parish, LA, Topological Faces (Polygons With All Geocodes)","U.S. Census Bureau, Department of Commerce —The TIGER/Line shapefiles and related database files (.dbf) are an extract of selected geographic and cartographic information from the U.S. Census Bureau's Master...",Unknown,https://catalog.data.gov/dataset/tiger-line-shapefile-2023-county-orleans-parish-la-topological-faces-polygons-with-all-geocodes
NASA 3D Models: International Space Station,National Aeronautics and Space Administration —Model of the ISS. Polygons: 6628 Vertices: 7239,Unknown,https://catalog.data.gov/dataset/nasa-3d-models-international-space-station
"CBP List of of Port of Entries by Land, Air and Sea",Department of Homeland Security —This datasets provides a Port of Entry in any state by clicking on the map.,Unknown,https://catalog.data.gov/dataset/cbp-list-of-of-port-of-entries-by-land-air-and-sea
Rodent Inspection,"City of New York —Dataset contains information on rat inspections. Rat Information Portal Data Release Notes April 20, 2015 The Rat Information Portal (RIP) is a web-based mapping...",Unknown,https://catalog.data.gov/dataset/rodent-inspection
Travel Time to Work,"Department of Transportation —The Travel Time to Work dataset was compiled using information from December 31, 2023 and updated December 12, 2024 from the Bureau of Transportation Statistics (BTS)...",Unknown,https://catalog.data.gov/dataset/travel-time-to-work1
"Employment, Unemployment, and Labor Force Data","State of Maryland —This dataset uses seasonally adjusted data from the US Bureau of Labor Statistics to present information on Maryland's labor force participation rate, employment...",Unknown,https://catalog.data.gov/dataset/employment-unemployment-and-labor-force-data
Metal Content of Consumer Products Tested by the NYC Health Department,City of New York —This is an official DOHMH dataset. Creating derivative/community datasets based on this dataset is allowed so long as it is done in a manner that is not misleading...,Unknown,https://catalog.data.gov/dataset/metal-content-of-consumer-products-tested-by-the-nyc-health-department
Good Food Purchasing Data,"City of New York —This dataset includes an item-by-item list of food items purchased by the City, whenever available, including whenever possible item description, weight, quantity,...",Unknown,https://catalog.data.gov/dataset/good-food-purchasing-data
MEDLINE/PubMed Citations,U.S. Department of Health & Human Services —PubMed is a free resource supporting the search and retrieval of biomedical and life sciences literature with the aim of improving health–both globally and...,Unknown,https://catalog.data.gov/dataset/medline-pubmed-citations-d2ed0
MTA NYCT Paratransit Call Center Performance: Beginning 2016,State of New York —Call Center Performance is measured as the percent of calls that are answered and the average speed with which those calls are answered.,Unknown,https://catalog.data.gov/dataset/mta-access-a-ride-call-center-performance-beginning-2016
New Mexico Quad Grid for 7.5' USGS Quads,"Earth Data Analysis Center, University of New Mexico —This dataset shows the USGS quadrangles for the State of New Mexico. This shapefile is based on the 7.5 minute Index map.",Unknown,https://catalog.data.gov/dataset/new-mexico-quad-grid-for-7-5-usgs-quads
SSI Recipients by State and County - 2024,"Social Security Administration —An annual statistical report on the Supplemental Security Income program that provides tables on program recipients, federal payments, and federally administered...",Unknown,https://catalog.data.gov/dataset/ssi-recipients-by-state-and-county-2024
Rail Yards,"Department of Transportation —The North American Rail Network (NARN) Rail Yards dataset was created in 2024 and was updated on July 18, 2025 from the Federal Railroad Administration (FRA) and is...",Unknown,https://catalog.data.gov/dataset/rail-yards
TREC 2022 Clinical Trials Dataset,"National Institute of Standards and Technology —The goal of the Clinical Trials track is to focus research on the clinical trials matching problem: given a free text summary of a patient health record, find...",Unknown,https://catalog.data.gov/dataset/trec-2022-clinical-trials-dataset
Government Transportation Financial Statistics (GTFS) Data,Department of Transportation —Government Transportation Financial Statistics is no longer being updated by the Bureau of Transportation Statistics as of June 2024! It is being replaced by our new...,Unknown,https://catalog.data.gov/dataset/government-transportation-financial-statistics-gtfs-data
USGS Historical Topographic Map Collection,Department of the Interior —USGS Historical Quadrangle in GeoPDF. The USGS Historical Topographic Map Collection (HTMC) is scanning all scales and all editions of topographic maps published by...,Unknown,https://catalog.data.gov/dataset/usgs-historical-topographic-map-collection
Prisoner Update Processing System (PUPS) - Data Exchange,Social Security Administration —The Prisoner Update Processing System (PUPS) contains individual confinement data and controls alerts for claimants that may need to be suspended. For incentive...,Unknown,https://catalog.data.gov/dataset/prisoner-update-processing-system-pups-data-exchange
Harmonized Tariff Schedule of the United States (2022),US International Trade Commission —This dataset is the current 2022 Harmonized Tariff Schedule plus all revisions for the current year. It provides the applicable tariff rates and statistical...,Unknown,https://catalog.data.gov/dataset/harmonized-tariff-schedule-of-the-united-states-2022-e2058
NCUA Corporate Credit Union 5310 Call Report Data,National Credit Union Administration NCUA —This application allows the user to select and review Corporate Credit Union 5310 Call Report Filings.,Unknown,https://catalog.data.gov/dataset/ncua-corporate-credit-union-5310-call-report-filings-6a565
"Nutrition, Physical Activity, and Obesity - Policy and Environmental Data","U.S. Department of Health & Human Services —This dataset includes data on policy and environmental supports for physical activity, diet, and breastfeeding. This data is used for DNPAO's Data, Trends, and Maps...",Unknown,https://catalog.data.gov/dataset/nutrition-physical-activity-and-obesity-policy-and-environmental-data
EnviroAtlas - Cattle Operations by County,U.S. Environmental Protection Agency —This EnviroAtlas dataset summarizes by county the number of farm operations with cattle and the number of heads they manage. The data come from the Census of...,Unknown,https://catalog.data.gov/dataset/enviroatlas-cattle-operations-by-county7
"PLACES: County Data (GIS Friendly Format), 2024 release",U.S. Department of Health & Human Services —This dataset contains model-based county-level estimates in GIS-friendly format. PLACES covers the entire United States—50 states and the District of Columbia—at...,Unknown,https://catalog.data.gov/dataset/places-county-data-gis-friendly-format-2020-release-9c9e8
"2020 Cartographic Boundary File (KML), 2020 ZIP Code Tabulation Areas for United States, 1:500,000","U.S. Census Bureau, Department of Commerce —The 2020 cartographic boundary KMLs are simplified representations of selected geographic areas from the U.S. Census Bureau's Master Address File / Topologically...",Unknown,https://catalog.data.gov/dataset/2020-cartographic-boundary-file-kml-2020-zip-code-tabulation-areas-for-united-states-1-500000
"Global Historical Climatology Network - Monthly (GHCN-M), Version 3","National Oceanic and Atmospheric Administration, Department of Commerce —Please note, GHCN-Monthly provides climatological observations for four elements; monthly mean maximum temperature, minimum temperature, mean temperature, and monthly...",Unknown,https://catalog.data.gov/dataset/global-historical-climatology-network-monthly-ghcn-m-version-31
Mid-Century Modern Architecture Inventory,"City of Philadelphia —Mid-century modern architecture and buildings of the recent past are enjoying a resurgence of appreciation and interest nationwide, but here in Philadelphia, our...",Unknown,https://catalog.data.gov/dataset/mid-century-modern-architecture-inventory
Post-COVID Conditions,"U.S. Department of Health & Human Services —As part of an ongoing partnership with the Census Bureau, the National Center for Health Statistics (NCHS) recently added questions to assess the prevalence of post-...",Unknown,https://catalog.data.gov/dataset/post-covid-conditions-89bb3
"EDFacts Assessment, 2016-17","Department of Education —EDFacts Assessment, 2016-17 (EDFacts ASSMT:2016-17) is one of 17 'topics' identified in the EDFacts documentation (in this database, each 'topic' is entered as a...",Unknown,https://catalog.data.gov/dataset/edfacts-assessment-2016-17-d0120
Employment Projections,U.S. Department of Labor Bureau of Labor Statistics —The Employment Projections (EP) program develops information about the labor market for the Nation as a whole for 10 years in the future. For more information visit:...,Unknown,https://catalog.data.gov/dataset/employment-projections-c37a6
National Item File (NIF),Department of Veterans Affairs —The National Item File (NIF) is used to uniquely identify products used in the supply chain. The Universal Product Number is placed as a bar code on products to...,Unknown,https://catalog.data.gov/dataset/national-item-file-nif
NIST/EPA Gas-Phase Infrared Database JCAMP Format - SRD 35,"National Institute of Standards and Technology —This data collection contains 5,228 infrared spectra of different compounds along with chemical structures for most of them. Spectra are provided on a CD-ROM in the...",Unknown,https://catalog.data.gov/dataset/nist-epa-gas-phase-infrared-database-jcamp-format-srd-35-a9898
Bluetooth Low Energy (BLE) Received Signal Strength Indicator (RSSI) Data for Proximity Detection in COVID-19 Electronic Contact Tracing,"National Institute of Standards and Technology —NIST carried out a comprehensive BLE RSI data collection campaign under various operational scenarios. In some scenarios, the transmitting and receiving BLE radios...",Unknown,https://catalog.data.gov/dataset/bluetooth-low-energy-ble-received-signal-strength-indicator-rssi-data-for-proximity-detect
Food Establishment Inspection Data,"King County, Washington —Health Department inspection results for food service establishments in King County, 2006 to the present. This data is organized by Business / Inspection Date /...",Unknown,https://catalog.data.gov/dataset/food-establishment-inspection-data
USDA-ARS Colorado Maize Water Productivity Dataset 2008-2011,Department of Agriculture —The USDA-Agricultural Research Service carried out a water productivity field trial for irrigated maize (Zea mays L.) at the Limited Irrigation Research Farm (LIRF)...,Unknown,https://catalog.data.gov/dataset/usda-ars-colorado-maize-water-productivity-dataset-2008-2011-5460b
Commercial Reference Building: Large Hotel,"Department of Energy —Commercial reference buildings provide complete descriptions for whole building energy analysis using EnergyPlus (see ""About EnergyPlus"" resource link) simulation...",Unknown,https://catalog.data.gov/dataset/commercial-reference-building-large-hotel-581c3
"USAspending.gov Federal Award, Subaward, and Account Data",Department of the Treasury —The official source of spending data for the U.S. Government. Data is sourced from the DATA Act Broker (which draws from a number of federal systems as well as data...,Unknown,https://catalog.data.gov/dataset/usaspending-gov-federal-award-subaward-and-account-data
Global Tobacco Surveillance System (GTSS) - Global Health Professions Student Survey (GHPSS),"U.S. Department of Health & Human Services —2005-2011. The World Health Organization, CDC, and the Canadian Public Health Association, developed the GHPSS to collect data on tobacco use and cessation counseling...",Unknown,https://catalog.data.gov/dataset/global-tobacco-surveillance-system-gtss-global-health-professions-student-survey-ghpss
APD Computer Aided Dispatch Incidents,City of Austin —DATASET DESCRIPTION This dataset contains information on both 911 calls (usually referred to as Calls for Service or Dispatched Incidents) and officer-initiated...,Unknown,https://catalog.data.gov/dataset/apd-computer-aided-dispatch-incidents
Fertilizer Use and Price,"Department of Agriculture —This product summarizes fertilizer consumption in the United States by plant nutrient and major fertilizer products—as well as consumption of mixed fertilizers,...",Unknown,https://catalog.data.gov/dataset/fertilizer-use-and-price
Federal Student Loan Program Data,Department of Education —Provides recipient and disbursement information each quarter for the Direct Loan and Federal Family Education Loan Programs by postsecondary school.,Unknown,https://catalog.data.gov/dataset/federal-student-loan-program-data-8fe9c
National Consumer Complaint Database (NCCDB) - 	National Consumer Complaint Database,"Department of Transportation —NCCDB is a web-based information system for recording and reporting on household goods, safety violation, hazardous material, cargo tank and passenger complaints....",Unknown,https://catalog.data.gov/dataset/national-consumer-complaint-database-nccdb-national-consumer-complaint-database
Food Inspection,Montgomery County of Maryland —The Licensure & Regulatory Services Program inspects all licensed retail food establishments in Montgomery County for a variety of reasons (e.g. obtaining a...,Unknown,https://catalog.data.gov/dataset/food-inspection
Declass 3 (2013) = USGS Subset of Hexagon Missions - KH-9: 1971 - 1984,Department of the Interior —'Keyhole (KH) satellite systems- KH-9 acquired photographs of the Earth\'s surface with a telescopic camera system and transported the exposed film through the use of...,Unknown,https://catalog.data.gov/dataset/declass-3-2013-usgs-subset-of-hexagon-missions-kh-9-1971-1984
School Neighborhood Poverty Estimates - Current,Department of Education —The 2020-2021 School Neighborhood Poverty Estimates are based on school locations from the 2020-2021 Common Core of Data (CCD) school file and income data from...,Unknown,https://catalog.data.gov/dataset/school-neighborhood-poverty-estimates-current-ab636
Late Night Aircraft Departures,"City of San Francisco —A. SUMMARY This dataset consists of late-night flights departing between 1:00 a.m. and 5:00 a.m. It serves to quantify, measure, and report on how well airlines use...",Unknown,https://catalog.data.gov/dataset/late-night-aircraft-departures
CTD Data,"National Oceanic and Atmospheric Administration, Department of Commerce —Environmental parameters collected during conductivity, temperature and depth (CTD) casts typically performed daily at the end of marine mammal visual observations;....",Unknown,https://catalog.data.gov/dataset/ctd-data2
"2022 Cartographic Boundary File (SHP), Current Block Group for United States, 1:500,000","U.S. Census Bureau, Department of Commerce —The 2022 cartographic boundary shapefiles are simplified representations of selected geographic areas from the U.S. Census Bureau's Master Address File /...",Unknown,https://catalog.data.gov/dataset/2022-cartographic-boundary-file-shp-current-block-group-for-united-states-1-500000
"Fruit and Vegetable Consumption in California Residents, 2012/2013",State of California —Percentage of California residents who consumed five or more servings of fruits and vegetables a day. These data are from the 2013 California Dietary Practices...,Unknown,https://catalog.data.gov/dataset/fruit-and-vegetable-consumption-in-california-residents-2012-2013-819a8
"TIGER/Line Shapefile, 2021, State, Ohio, County Subdivisions","U.S. Census Bureau, Department of Commerce —The TIGER/Line shapefiles and related database files (.dbf) are an extract of selected geographic and cartographic information from the U.S. Census Bureau's Master...",Unknown,https://catalog.data.gov/dataset/tiger-line-shapefile-2021-state-ohio-county-subdivisions
Allegheny County Employee Salaries,"Allegheny County / City of Pittsburgh / Western PA Regional Data Center —This dataset includes annual salary, regular pay, incentive pay, and gross pay for employees under the County Executive and independently elected County officials...",Unknown,https://catalog.data.gov/dataset/allegheny-county-employee-salaries
National Bridge Inventory Element Data,"Department of Transportation —The National Bridge Inventory Elements dataset is as of June 20, 2025 from the Federal Highway Administration (FHWA) and is part of the U.S. Department of...",Unknown,https://catalog.data.gov/dataset/national-bridge-inventory-element-data1
US Census Annual Estimates of the Resident Population for Selected Age Groups by Sex for the United States,U.S. Department of Health & Human Services —2010-2018. US Census Annual Estimates of the Resident Population for Selected Age Groups by Sex for the United States. The estimates are based on the 2010 Census and...,Unknown,https://catalog.data.gov/dataset/us-census-annual-estimates-of-the-resident-population-for-selected-age-groups-by-sex-for-t
GEO (Gene Expression Omnibus),U.S. Department of Health & Human Services —GEO (Gene Expression Omnibus) is a public functional genomics data repository supporting MIAME-compliant data submissions. There are also tools provided to help users...,Unknown,https://catalog.data.gov/dataset/gene-expression-omnibus-geo-e0e2a
World Magnetic Model 2025,"National Oceanic and Atmospheric Administration, Department of Commerce —The World Magnetic Model is the standard model used by the U.S. Department of Defense, the U.K. Ministry of Defence, the North Atlantic Treaty Organization (NATO) and...",Unknown,https://catalog.data.gov/dataset/world-magnetic-model-20251
Injury/Illness Summary - Operational Source Data (Form 55),"Department of Transportation —All railroads are required to submit their operational data for train miles, employee hours worked, yard switching miles, the number of passengers transported, and...",Unknown,https://catalog.data.gov/dataset/injury-illness-summary-operational-source-data-form-55
2022 Yellow Taxi Trip Data,City of New York —These records are generated from the trip record submissions made by yellow taxi Technology Service Providers (TSPs). Each row represents a single trip in a yellow...,Unknown,https://catalog.data.gov/dataset/2022-yellow-taxi-trip-data
311 Data,Allegheny County / City of Pittsburgh / Western PA Regional Data Center —This data set shows 311 service requests in the City of Pittsburgh. This data is collected from the request intake software used by the 311 Response Center in the...,Unknown,https://catalog.data.gov/dataset/311-data
Corporations and Other Entities: All Filings - Address,State of New York —This data contains Corporation and Other Business Entity address information for filings in the electronic database. Each record contains an address collected and...,Unknown,https://catalog.data.gov/dataset/corporations-and-other-entities-all-filings-address
Recalls of Medical Devices,"U.S. Department of Health & Human Services —This database contains a list of classified medical device recalls since November 1, 2002",Unknown,https://catalog.data.gov/dataset/recalls-of-medical-devices
Industrial Production and Capacity Utilization,"Board of Governors of the Federal Reserve System —The Federal Reserve's monthly index of industrial production and the related capacity indexes and capacity utilization rates cover manufacturing, mining, and electric...",Unknown,https://catalog.data.gov/dataset/industrial-production-and-capacity-utilization
Healthcare Payments Data (HPD) Medical Out-of-Pocket Costs and Chronic Conditions,State of California —This dataset contains data for the Healthcare Payments Data (HPD): Medical Out-of-Pocket Costs and Chronic Conditions report. The data covers three measurement...,Unknown,https://catalog.data.gov/dataset/healthcare-payments-data-hpd-medical-out-of-pocket-costs-and-chronic-conditions
"TIGER/Line Shapefile, Current, State, Missouri, Place","U.S. Census Bureau, Department of Commerce —This resource is a member of a series. The TIGER/Line shapefiles and related database files (.dbf) are an extract of selected geographic and cartographic information...",Unknown,https://catalog.data.gov/dataset/tiger-line-shapefile-current-state-missouri-place
Fuel Economy Label and CAFE Data,U.S. Environmental Protection Agency —The Engine and Vehicle Compliance Certification and Fuel Economy Inventory contains measured emissions and fuel economy compliance information for light duty...,Unknown,https://catalog.data.gov/dataset/fuel-economy-label-and-cafe-data
Diagnostic strategies for C-reactive protein,U.S. Department of Health & Human Services —Background Serum C-reactive protein (CRP) has been identified in prospective epidemiological research as an independent risk marker for cardiovascular disease. In...,Unknown,https://catalog.data.gov/dataset/diagnostic-strategies-for-c-reactive-protein
Observation of Asymmetric Sideband Generation in Strongly-driven Rydberg Atoms,National Institute of Standards and Technology —Improving the bandwidth of Rydberg atom-based receivers is an ongoing challenge owing to the long-lived Rydberg state lifetimes that limit the refresh rate of ground...,Unknown,https://catalog.data.gov/dataset/observation-of-asymmetric-sideband-generation-in-strongly-driven-rydberg-atoms
Refugee Arrival Data,U.S. Department of Health & Human Services —Oversees refugee arrival data for 2012-2015 fiscal years. Counts of served peoples' country of origin (columns) and state of resettlement (rows) for each fiscal year....,Unknown,https://catalog.data.gov/dataset/refugee-arrival-data
2015-2016 School Nutrition Program (SNP) Meals and Snacks Served,"City of Austin —Total breakfast, lunches, and snacks served through School Nutrition Programs (SNP) for program year 2015-2016. Meal counts are based on approved claims submitted...",Unknown,https://catalog.data.gov/dataset/2015-2016-school-nutrition-program-snp-meals-and-snacks-served
NYSERDA 2025 Soils Data for use in the Large-Scale Renewables and NY-Sun Programs,State of New York —THE NYSERDA 2025 SOILS DATA IS TO BE USED FOR NYSERDA’S RENEWABLE ENERGY STANDARD (RES) REQUEST FOR PROPOSAL (RFP) ISSUED AFTER THE PUBLICATION OF THIS DATA OR THE...,Unknown,https://catalog.data.gov/dataset/nyserda-2025-soils-data-for-use-in-the-large-scale-renewables-and-ny-sun-programs
ICWA Agents Directory,Department of the Interior —The regulations implementing the Indian Child Welfare Act provide that Indian Tribes may designate an agent other than the Tribal chairman for service of notice of...,Unknown,https://catalog.data.gov/dataset/icwa-agents-directory
Money Management and Financial Literacy,"District of Columbia —These services help with money management, financial planning, and insurance education. These services are not all dementia-specific but are inclusive of those living...",Unknown,https://catalog.data.gov/dataset/money-management-and-financial-literacy
Telecommunications Towers and Antennas,"State of Connecticut —Connecticut General Statutes §16-50dd requires the Connecticut Siting Council to develop, maintain and update on a quarterly basis a Statewide Telecommunications...",Unknown,https://catalog.data.gov/dataset/telecommunications-towers-and-antennas
"Size distribution and reproductive data of the invasive Burmese python (Python molurus bivittatus) in the Greater Everglades Ecosystem, Florida, USA, 1995-2021",Department of the Interior —This dataset contains morphometric information from Burmese pythons collected from an invasive population in southern Florida between 1995-2021. Scientists from the...,Unknown,https://catalog.data.gov/dataset/size-distribution-and-reproductive-data-of-the-invasive-burmese-python-python-molurus-1995
National Levee Database,"Army Corps of Engineers, Department of the Army, Department of Defense —Congressionally mandated national levee safety dataset for the nations levees. Includes over 20 geospatial features and hundreds of business attributes.",Unknown,https://catalog.data.gov/dataset/national-levee-database-0869b
Continuum of Care (CoC) GIS Tools,Department of Housing and Urban Development —These datasets contain the geographic boundaries and funding status information for HUD’s Continuum of Care (CoC) areas by Year. HUD is providing these datasets for...,Unknown,https://catalog.data.gov/dataset/coc-gis-tools-shapefile
NIST alloy data,"National Institute of Standards and Technology —The NIST Alloy data web application (https://trc.nist.gov/metals_data) provides access to thermophysical property data with a focus on unary, binary, and ternary...",Unknown,https://catalog.data.gov/dataset/nist-alloy-data-cfb08
Systematic evidence mapping of the impact of water quality stressors on coral reef health,"U.S. Environmental Protection Agency —The U.S. Coral Reef Task Force (USCRTF) coordinates on-the-ground coral reef protection work, including helping coral reef jurisdictions manage the impacts of water...",Unknown,https://catalog.data.gov/dataset/systematic-evidence-mapping-of-the-impact-of-water-quality-stressors-on-coral-reef-health
"Aggregated Oil and Natural Gas Drilling and Production History of the United States (ver. 1.1, April 2023)","Department of the Interior —This data release contains several datasets that provide an overview of oil and gas well history and production of the United States, from 1817 to September 1, 2022....",Unknown,https://catalog.data.gov/dataset/aggregated-oil-and-natural-gas-drilling-and-production-history-of-the-united-states-ver-1-
Remote Order Entry System (ROES),Department of Veterans Affairs —The Remote Order Entry System (ROES) is the front end of the Denver Acquisition & Logistics Center's (DALC) order fulfillment production system. ROES is used by...,Unknown,https://catalog.data.gov/dataset/remote-order-entry-system-roes
Pacific Island Network Benthic Marine Community and Marine Fish Monitoring Data Package 2006 - 2023,Department of the Interior —The Benthic Marine Communities Monitoring Protocol is implemented in four parks in the Pacific and addresses two monitoring questions: What are the changes over time...,Unknown,https://catalog.data.gov/dataset/pacific-island-network-benthic-marine-community-and-marine-fish-monitoring-data-packa-2006-34ce6
"TIGER/Line Shapefile, Current, State, Minnesota, Census Tract","U.S. Census Bureau, Department of Commerce —This resource is a member of a series. The TIGER/Line shapefiles and related database files (.dbf) are an extract of selected geographic and cartographic information...",Unknown,https://catalog.data.gov/dataset/tiger-line-shapefile-current-state-minnesota-census-tract
CollectionNational Crime Victimization Survey (NCVS) Series,Department of Justice —Investigator(s): Bureau of Justice Statistics The National Crime Victimization Survey (NCVS) series was designed to achieve three primary objectives: to develop...,Unknown,https://catalog.data.gov/dataset/national-crime-victimization-survey-ncvs-series-aca9d
Enforcement Reports,"U.S. Department of Health & Human Services —Whereas not all recalls are announced in the media or on our Recalls press release page, all recalls montiored by FDA are included in FDA's weekly Enforcement Report...",Unknown,https://catalog.data.gov/dataset/enforcement-reports
"A database of artisanal, small-scale, and large-scale mining in the Copperbelt region of the Democratic Republic of Congo and Zambia","Department of the Interior —Cobalt, designated a critical mineral by the European Union and the United States, is a crucial component of the lithium-ion batteries found in cell phones, electric...",Unknown,https://catalog.data.gov/dataset/a-database-of-artisanal-small-scale-and-large-scale-mining-in-the-copperbelt-region-of-the
Crude Oil Pipelines,"Department of Transportation —The Crude Oil Pipelines dataset was updated on October 21, 2020 from the Energy Information Administration (EIA), with attribute data from the end of calendar year...",Unknown,https://catalog.data.gov/dataset/crude-oil-pipelines
MTA Major Felonies,"State of New York —Major felonies reflect the count of arrests made in relation to seven major felony offenses within the MTA system. These offenses are classified as murder, rape,...",Unknown,https://catalog.data.gov/dataset/mta-major-felonies
National Land Cover Database (NLCD) Impervious ProductsNGDA,"Department of the Interior —The U.S. Geological Survey (USGS), in association with the Multi-Resolution Land Characteristics (MRLC) Consortium, produces the National Land Cover Database (NLCD)...",Unknown,https://catalog.data.gov/dataset/national-land-cover-database-nlcd-impervious-products
Custodial Deaths Report,"City of Austin —Report of Custodian Deaths on record with the Office of the Attorney General. These reports include the date, the reporting agency, and the name of the deceased.",Unknown,https://catalog.data.gov/dataset/custodial-deaths-report
Utah FORGE: Well 16A(78)-32 Drilling Data,"Department of Energy —This dataset includes survey data, drilling data, daily reports, summaries of daily operations, and rig photos from the drilling of Utah FORGE well 16A(78)-32, which...",Unknown,https://catalog.data.gov/dataset/utah-forge-well-16a78-32-drilling-data-868c2
Parkinson’s Disease Biomarkers Program Data Management Resource (PDBP DMR),"U.S. Department of Health & Human Services —The NINDS Parkinson’s Disease (PD) Biomarkers Program Data Management Resource enables web-based data entry for clinical studies supporting PD biomarker development,...",Unknown,https://catalog.data.gov/dataset/parkinsons-disease-biomarkers-program-data-management-resource-pdbp-dmr
Georeferenced NYC Zoning Maps,City of New York —The Georeferenced NYC Zoning Maps raster dataset is intended to be a spatial representation of the entire zoning map catalog for the City of New York as one seamless...,Unknown,https://catalog.data.gov/dataset/georeferenced-nyc-zoning-maps
"SandSnap grain-size analysis and photos from North Core Banks, NC in October 2022","Department of the Interior —These data map in high detail surficial cross-sections of North Core Banks, a barrier island in Cape Lookout National Seashore, NC, in October 2022. U.S. Geological...",Unknown,https://catalog.data.gov/dataset/sandsnap-grain-size-analysis-and-photos-from-north-core-banks-nc-in-october-2022
Economic Surveys: Business Patterns: County Business Patterns,Department of Commerce —County Business Patterns (CBP) is an annual series that provides sub-national economic data by industry for establishments with paid employees. This series includes...,Unknown,https://catalog.data.gov/dataset/economic-surveys-business-patterns-county-business-patterns-83699
"Individuals, County Data","Department of the Treasury —This annual study provides county income and tax data (and State totals) that include the number of returns, which approximates the number of households; number of...",Unknown,https://catalog.data.gov/dataset/individuals-county-data
2025 City of Austin Demographic Profiles,"City of Austin —These are the data for the Demographic Profiles displayed onaustintexas.gov/demographics. These profiles were published in 2025, but display data from 2023 and...",Unknown,https://catalog.data.gov/dataset/2025-city-of-austin-demographic-profiles
"Creative Workspaces, Performance Venues, Galleries & Museums","City of Austin —This is a listing of creative workspaces, performance venues, and exhibition venues collected through CAMP: The Cultural Asset Mapping Project. CAMP is an initiative...",Unknown,https://catalog.data.gov/dataset/creative-workspaces-performance-venues-galleries-museums
Contracts and Procurement Transparency Portal,District of Columbia —The Contracts and Procurement Transparency Portal was created by the Office of Contracting and Procurement (OCP) as a public clearinghouse for all information related...,Unknown,https://catalog.data.gov/dataset/contracts-and-procurement-transparency-portal
Purchase Order Data,"State of California —The State Contract and Procurement Registration System (SCPRS) was established in 2003, as a centralized database of information on State contracts and purchases over...",Unknown,https://catalog.data.gov/dataset/purchase-order-data
Louisville Metro KY - Employee Salary Data,"Louisville Metro Government —Louisville Metro Human Resources (HR) Department, with the support of department leaders and their agency HR Representatives, provides support to all metro agencies...",Unknown,https://catalog.data.gov/dataset/louisville-metro-ky-employee-salary-data-6cc9e
Rail Equipment Accident/Incident Data (Form 54),Department of Transportation —October 2025 - Dataset View and OData/API Connection Change Notice - Please Read:https://data.transportation.gov/stories/s/6kdh-gsgxRail equipment...,Unknown,https://catalog.data.gov/dataset/rail-equipment-accident-incident-data
Real Property Information,City of Baltimore —This dataset represents real property information within a parcel of land in the City of Baltimore. The data dictionary for this dataset can be accessed by visiting...,Unknown,https://catalog.data.gov/dataset/real-property-information-38d18
Forest Service Regional Boundaries (Feature Layer),"Department of Agriculture —An area encompassing all the National Forest System lands administered by a Region. The area encompasses private lands, other governmental agency lands. All National...",Unknown,https://catalog.data.gov/dataset/forest-service-regional-boundaries-feature-layer-8280e
2024 National Directory of Drug and Alcohol Use Treatment Facilities,"U.S. Department of Health & Human Services —TheNational Directory of Drug and AlcoholUseTreatment Facilities - 2024is a listing of federal, state, and local government facilities and private facilities that...",Unknown,https://catalog.data.gov/dataset/2024-national-directory-of-drug-and-alcohol-use-treatment-facilities
Local Law 84 Monthly Data,"City of New York —Monthly whole building electricity and natural gas consumption data in privately owned buildings over 25,000 ft2 and in City-owned buildings over 10,000 ft2. To...",Unknown,https://catalog.data.gov/dataset/local-law-84-monthly-data-historical
"Prescription Monitoring Program: Opioid, Benzodiazepine, Stimulant, Naloxone, and Gabapentin Prescription Count & Rate by Patient Residence","State of Connecticut —This dataset provides the prescription counts and rates per 1,000 residents by town for opioid, benzodiazepine, stimulant, gabapentin, & naloxone dispensations....",Unknown,https://catalog.data.gov/dataset/opioid-benzodiazepine-stimulant-naloxone-gabapentin-prescription-count-rate-by-patient-res
Elevator Individual Licenses: New York State Department of Labor,"State of New York —The dataset includes a comprehensive list of elevator licenses that have been issued to individuals for the purpose of elevator mechanics, inspection, accessibility...",Unknown,https://catalog.data.gov/dataset/elevator-individual-licenses-new-york-state-department-of-labor
Activity FACTS Common Attributes (Feature Layer),Department of Agriculture —The data in this map service is updated every weekend.Note: This data includes all activities regardless of whether there is a spatial feature attached.Note: This is...,Unknown,https://catalog.data.gov/dataset/activity-facts-common-attributes-feature-layer-dcdbb
Airport and Heliport Setbacks,Department of Energy —This dataset represents a first-order quantification of airport and heliport setback requirements based on the Federal Aviation Administration (FAA) 14 CFR Part 77.9....,Unknown,https://catalog.data.gov/dataset/airport-and-heliport-setbacks
Indonesia Compact - Community-Based Health and Nutrition,Millennium Challenge Corporation —Indonesia Compact - Community-Based Health and Nutrition,Unknown,https://catalog.data.gov/dataset/indonesia-compact-community-based-health-and-nutrition
GSA FAS FEDSIM Opportunities,General Services Administration —The Opportunities Dashboard is used to show external client's information about our acquisitions that are in the pre-award state. Viewers can see high level details...,Unknown,https://catalog.data.gov/dataset/gsa-fas-fedsim-opportunities
IDEA Section 618 Data Products: State Level Data Files,"Department of Education —There are 12 state-level data collections authorized under Section 618: Part B: Child Count and Educational Environments, Child Count, Educational Environments,...",Unknown,https://catalog.data.gov/dataset/idea-section-618-data-products-state-level-data-files-e0c89
Short-Term Energy Outlook - Real and Nominal Petroleum Prices,"Department of Energy —Provides annual, quarterly, and monthly prices back to 1976 for gasoline , heating oil, and diesel fuel. Also provides annual prices from 1968 and quarterly and...",Unknown,https://catalog.data.gov/dataset/short-term-energy-outlook-real-and-nominal-petroleum-prices
Meat Price Spreads,"Department of Agriculture —This data set provides monthly average price values, and the differences among those values, at the farm, wholesale, and retail stages of the production and marketing...",Unknown,https://catalog.data.gov/dataset/meat-price-spreads
Maryland Per Capita Personal Income (Current Dollars): 2013-2023,"State of Maryland —Maryland Per Capita Personal Income (Current Dollars) from 2013-2023. Source U.S. Bureau of Economic Analysis (BEA), December 2023.",Unknown,https://catalog.data.gov/dataset/maryland-per-capita-personal-income-current-dollars-2010-2018
Birth Statistics,"Lake County, Illinois —Births rates across Lake County, Illinois by ZIP Code. Explanation of field attributes: LBW - Low birth weight is defined as a birth where the baby weighs less than...",Unknown,https://catalog.data.gov/dataset/birth-statistics-a76a6
Submarine Cables,"National Oceanic and Atmospheric Administration, Department of Commerce —These data show the general location of commercial and research submarine cables within U.S. waters. The majority of these cables are for telecommunications, and the...",Unknown,https://catalog.data.gov/dataset/submarine-cables7
Mapping of NIST Cybersecurity Framework Subcategories to Threat Scenarios from the National Electric Sector Cybersecurity Organization Resource (NESCOR) Electric Sector Failure Scenarios and Impact Analyses - Version 3.0,"National Institute of Standards and Technology —This document identifies the NIST Cybersecurity Framework Subcategories that map closely to the potential mitigations within Advanced Metering Infrastructure (AMI),...",Unknown,https://catalog.data.gov/dataset/mapping-of-nist-cybersecurity-framework-subcategories-to-threat-scenarios-from-the-nationa-e8b41
Metrics by Individual Security,"Securities and Exchange Commission —These datasets provide metrics for more than 4,800 securities.",Unknown,https://catalog.data.gov/dataset/metrics-by-individual-security
Treatment Episode Data Set (TEDS): 2020 Admissions To And Discharges From Publicly Funded Substance Use Treatment Facilities,"U.S. Department of Health & Human Services —This report presents national- and state-level data from the Treatment Episode Data Set (TEDS) for admissions and discharges occurring in 2020, and trend data from...",Unknown,https://catalog.data.gov/dataset/treatment-episode-data-set-teds-2020-admissions-to-and-discharges-from-publicly-funded-sub
Landfilled Waste Composition Dataset version 1,"U.S. Environmental Protection Agency —The purpose of this dataset was to compile, in a single location, the landfilled solid waste quantity data from various state government reports, repositories, or...",Unknown,https://catalog.data.gov/dataset/landfilled-waste-composition-dataset-version-1
"TIGER/Line Shapefile, 2023, State, Illinois, Primary and Secondary Roads","U.S. Census Bureau, Department of Commerce —The TIGER/Line shapefiles and related database files (.dbf) are an extract of selected geographic and cartographic information from the U.S. Census Bureau's Master...",Unknown,https://catalog.data.gov/dataset/tiger-line-shapefile-2023-state-illinois-primary-and-secondary-roads
GBM Solar Flare List,National Aeronautics and Space Administration —Autonomous flare finder identifies all flares ≥ GOES C-Class detected by GBM above 10 keV. (FITS file),Unknown,https://catalog.data.gov/dataset/gbm-solar-flare-list
Manufacturing: E-Commerce Statistics for the U.S.: 2022,Department of Commerce —The Manufacturing E-Commerce Statistics measures the total e-commerce data for establishments of firms with payroll for the U.S. level of manufacturing shipments and...,Unknown,https://catalog.data.gov/dataset/manufacturing-e-commerce-statistics-for-the-u-s-2022
FIZ/NIST Inorganic Crystal Structure Database (ICSD) - SRD 84,National Institute of Standards and Technology —The Inorganic Crystal Structure Database (ICSD) is produced cooperatively by the Fachinformationszentrum Karlsruhe (FIZ) and the National Institute of Standards and...,Unknown,https://catalog.data.gov/dataset/fiz-nist-inorganic-crystal-structure-database-icsd-srd-84-7ba20
Washington DC Boundary,"District of Columbia —District of Columbia boundary. The dataset is a polygon representing the District of Columbia boundary, created as part of the DC Geographic Information System (DC...",Unknown,https://catalog.data.gov/dataset/washington-dc-boundary
"Profiles of Individual Radicalization in the United States (PIRUS), 1948-2014","Department of Justice —These data are part of NACJD's Fast Track Release and are distributed as they were received from the data depositor. The files have been zipped by NACJD for release,...",Unknown,https://catalog.data.gov/dataset/profiles-of-individual-radicalization-in-the-united-states-pirus-1948-2014-9de68
State Drug Utilization Data 2023,U.S. Department of Health & Human Services —Drug utilization data are reported by states for covered outpatient drugs that are paid for by state Medicaid agencies since the start of the Medicaid Drug Rebate...,Unknown,https://catalog.data.gov/dataset/state-drug-utilization-data-2023
"Daily Summary Observations, First Order - United States","National Oceanic and Atmospheric Administration, Department of Commerce —This collection consists of data that has been quality controlled through both an automated and manual QC processes. The dataset consisted of summary of the day data...",Unknown,https://catalog.data.gov/dataset/daily-summary-observations-first-order-united-states3
ReCiPe2016v1.1 for FEDEFLv1,"U.S. Environmental Protection Agency —ReCiPe2016 (Huijbregts 2017) is a life cycle impact assessment (LCIA) method. LCIA methods are collections of characterization factors, which are measures of relative...",Unknown,https://catalog.data.gov/dataset/recipe2016v1-1-for-fedeflv1
"TIGER/Line Shapefile, 2023, County, Miami-Dade County, FL, Topological Faces (Polygons With All Geocodes)","U.S. Census Bureau, Department of Commerce —The TIGER/Line shapefiles and related database files (.dbf) are an extract of selected geographic and cartographic information from the U.S. Census Bureau's Master...",Unknown,https://catalog.data.gov/dataset/tiger-line-shapefile-2023-county-miami-dade-county-fl-topological-faces-polygons-with-all-geoco
MD COVID-19 - Cases by ZIP Code,State of Maryland —NOTE: THIS DATASET IS NO LONGER BEING UPDATED DAILY. Summary The cumulative number of positive COVID-19 cases among Maryland residents within a single Maryland ZIP...,Unknown,https://catalog.data.gov/dataset/md-covid-19-cases-by-zip-code
Master Earnings File (MEF),Social Security Administration —This database stores wage data and self-employment income data that date back to 1937.,Unknown,https://catalog.data.gov/dataset/master-earnings-file-mef
"TIGER/Line Shapefile, Current, State, New York, Census Tract","U.S. Census Bureau, Department of Commerce —This resource is a member of a series. The TIGER/Line shapefiles and related database files (.dbf) are an extract of selected geographic and cartographic information...",Unknown,https://catalog.data.gov/dataset/tiger-line-shapefile-current-state-new-york-census-tract
Hospital Annual Financial Disclosure Report – Complete Data Set,"State of California —On an annual basis (individual hospital fiscal year), individual hospitals and hospital systems report detailed facility-level data on services capacity,...",Unknown,https://catalog.data.gov/dataset/hospital-annual-financial-disclosure-report-complete-data-set-ee650
"TIGER/Line Shapefile, 2020, County, New York County, NY, Topological Faces (Polygons With All Geocodes)","U.S. Census Bureau, Department of Commerce —The TIGER/Line shapefiles and related database files (.dbf) are an extract of selected geographic and cartographic information from the U.S. Census Bureau's Master...",Unknown,https://catalog.data.gov/dataset/tiger-line-shapefile-2020-county-new-york-county-ny-topological-faces-polygons-with-all-geocode
Purchase Order Quantity Price detail for Commodity/Goods procurements,"City of Austin —Purchase Order commodity line level detail for City of Austin Commodities/Goods purchases dating back to October 1st, 2009. Each line includes the NIGP Commodity...",Unknown,https://catalog.data.gov/dataset/purchase-order-quantity-price-detail-for-commodity-goods-procurements
Healthcare Payments Data Snapshot,State of California —This dataset contains data for the Healthcare Payments Data (HPD) Snapshot visualization. The Enrollment data file contains counts of claims and encounter data...,Unknown,https://catalog.data.gov/dataset/healthcare-payments-data-snapshot-f977f
IUPAC/NIST Solubility Database - SRD 106,National Institute of Standards and Technology —The IUPAC Solubility Data Series Volumes 1-103 (1979 to 2014) are made available online. Volumes 1-19 and 39-65 are available as scanned and OCR'd single PDF files....,Unknown,https://catalog.data.gov/dataset/iupac-nist-solubility-database-srd-106-c05d2
Lottery Take 5 Winning Numbers: Beginning 1992,State of New York —Go tohttp://on.ny.gov/1DYGlWJon the New York Lottery website for past Take 5 results and payouts.,Unknown,https://catalog.data.gov/dataset/lottery-take-5-winning-numbers
Citywide Crime Statistics,"City of New York —Statistical breakdown by citywide, borough, and precinct.",Unknown,https://catalog.data.gov/dataset/citywide-crime-statistics
Unemployment Insurance Weekly Claims & Extended Benefits Trigger Data (ETA-539),Department of Labor —Historical series of the State Unemployment Insurance (UI) Weekly Claims & Extended Benefits Trigger Data Reports (ETA-539) which contain data used in the...,Unknown,https://catalog.data.gov/dataset/unemployment-insurance-weekly-claims-extended-benefits-trigger-data-eta-539
Behavioral Health and Workforce,"State of California —The dataset contains a ratio of the number of patient encounters (i.e., Inpatient Hospitalizations and Emergency Department visits) with a behavioral health...",Unknown,https://catalog.data.gov/dataset/behavioral-health-and-workforce
"TIGER/Line Shapefile, 2022, State, Puerto Rico, PR, County Subdivision","U.S. Census Bureau, Department of Commerce —The TIGER/Line shapefiles and related database files (.dbf) are an extract of selected geographic and cartographic information from the U.S. Census Bureau's Master...",Unknown,https://catalog.data.gov/dataset/tiger-line-shapefile-2022-state-puerto-rico-pr-county-subdivision
Housing Market Value Analysis - Allegheny County Economic Development,"Allegheny County / City of Pittsburgh / Western PA Regional Data Center —In 2017, the County Department of Economic Development, in conjunction with Reinvestment Fund, completed the 2016 Market Value Analysis (MVA) for Allegheny County. A...",Unknown,https://catalog.data.gov/dataset/housing-market-value-analysis-allegheny-county-economic-development
SRM 1944  New York/New Jersey Waterway Sediment,National Institute of Standards and Technology —SRM 1944 New York/New Jersey Waterway Sediment - Standard Reference Material (SRM) 1944 is a mixture of marine sediment collected near urban areas in New York and New...,Unknown,https://catalog.data.gov/dataset/srm-1944-new-york-new-jersey-waterway-sediment-2a3d0
Global Ensemble Forecast System (GEFS) [1 Deg.],"National Oceanic and Atmospheric Administration, Department of Commerce —The Global Ensemble Forecast System (GEFS) is a weather forecast model made up of 21 separate forecasts, or ensemble members. The National Centers for Environmental...",Unknown,https://catalog.data.gov/dataset/global-ensemble-forecast-system-gefs-1-deg2
SWAT - Soil and Water Assessment Tool,Department of Agriculture —The Soil and Water Assessment Tool (SWAT) is a public domain model jointly developed by USDA Agricultural Research Service (USDA-ARS) and Texas A&M AgriLife...,Unknown,https://catalog.data.gov/dataset/swat-soil-and-water-assessment-tool-b3d53
EnviroAtlas - Farm Service Land Rental Rates by County for the United States,"U.S. Environmental Protection Agency —This EnviroAtlas data set depicts estimates for mean cash rent paid for land by farmers, sorted by county for irrigated cropland, non-irrigated cropland, and pasture...",Unknown,https://catalog.data.gov/dataset/enviroatlas-farm-service-land-rental-rates-by-county-for-the-united-states4
"2024 Cartographic Boundary File (SHP), 119th Congressional Districts for United States, 1:500,000","U.S. Census Bureau, Department of Commerce —The 2024 cartographic boundary shapefiles are simplified representations of selected geographic areas from the U.S. Census Bureau's Master Address File /...",Unknown,https://catalog.data.gov/dataset/2024-cartographic-boundary-file-shp-119th-congressional-districts-for-united-states-1-500000
Wheat Data,"Department of Agriculture —This data product contains statistics on wheat-including the five classes of wheat: hard red winter, hard red spring, soft red winter, white, and durum-and rye....",Unknown,https://catalog.data.gov/dataset/wheat-data
"ZIP Code-level data on daily temperature, Medicare cardiovascular hospitalizations, and urban heat island intensity, contiguous United States, 2000-2017","U.S. Environmental Protection Agency —These datasets are associated with the manuscript ""Urban Heat Island Impacts on Heat-Related Cardiovascular Morbidity: A Time Series Analysis of Older Adults in US...",Unknown,https://catalog.data.gov/dataset/zip-code-level-data-on-daily-temperature-medicare-cardiovascular-hospitalizations-and-2000
Economic Census: Core Statistics: Selected Sectors: Industry Bridge Statistics on the Current NAICS Basis With Distribution Among the Previous NAICS-Based Industries for the U.S.,"Department of Commerce —This dataset presents statistics on: the number of establishments; sales, value of shipments, or revenue; annual payroll; and number of employees whose NAICS...",Unknown,https://catalog.data.gov/dataset/economic-census-core-statistics-selected-sectors-industry-bridge-statistics-on-the-current
